"","preds.futureS","week","year","location"
"Allegheny River.X2007.01.07",0.914483642578148,2,2007,"allegheny"
"Allegheny River.X2007.01.14",0.966668701171898,3,2007,"allegheny"
"Allegheny River.X2007.01.21",0.949914550781273,4,2007,"allegheny"
"Allegheny River.X2007.01.28",1.13955078125002,5,2007,"allegheny"
"Allegheny River.X2007.02.04",0.852777099609398,6,2007,"allegheny"
"Allegheny River.X2007.02.11",0.469384765625023,7,2007,"allegheny"
"Allegheny River.X2007.02.18",0.692590332031273,8,2007,"allegheny"
"Allegheny River.X2007.02.25",0.856317138671898,9,2007,"allegheny"
"Allegheny River.X2007.03.04",0.298669433593773,10,2007,"allegheny"
"Allegheny River.X2007.03.11",0.478112792968773,11,2007,"allegheny"
"Allegheny River.X2007.03.18",0.138635253906273,12,2007,"allegheny"
"Allegheny River.X2007.03.25",0.343804931640648,13,2007,"allegheny"
"Allegheny River.X2007.04.01",0.100000000000023,14,2007,"allegheny"
"Allegheny River.X2007.04.08",0.100000000000023,15,2007,"allegheny"
"Allegheny River.X2007.04.15",0.100000000000023,16,2007,"allegheny"
"Allegheny River.X2007.04.22",0.100000000000023,17,2007,"allegheny"
"Allegheny River.X2007.04.29",0.100000000000023,18,2007,"allegheny"
"Allegheny River.X2007.05.06",0.100000000000023,19,2007,"allegheny"
"Allegheny River.X2007.05.13",5.06939086914065,20,2007,"allegheny"
"Allegheny River.X2007.05.20",9.41683349609377,21,2007,"allegheny"
"Allegheny River.X2007.05.27",16.5804992675781,22,2007,"allegheny"
"Allegheny River.X2007.06.03",14.9654479980469,23,2007,"allegheny"
"Allegheny River.X2007.06.10",13.3587280273438,24,2007,"allegheny"
"Allegheny River.X2007.06.17",12.3650451660156,25,2007,"allegheny"
"Allegheny River.X2007.06.24",18.3991638183594,26,2007,"allegheny"
"Allegheny River.X2007.07.01",18.3628479003906,27,2007,"allegheny"
"Allegheny River.X2007.07.08",21.0743041992188,28,2007,"allegheny"
"Allegheny River.X2007.07.15",23.1542602539063,29,2007,"allegheny"
"Allegheny River.X2007.07.22",22.9981323242188,30,2007,"allegheny"
"Allegheny River.X2007.07.29",23.7894836425781,31,2007,"allegheny"
"Allegheny River.X2007.08.05",23.4173828125,32,2007,"allegheny"
"Allegheny River.X2007.08.12",19.5645690917969,33,2007,"allegheny"
"Allegheny River.X2007.08.19",17.3570190429688,34,2007,"allegheny"
"Allegheny River.X2007.08.26",15.3472534179688,35,2007,"allegheny"
"Allegheny River.X2007.09.02",18.3318420410156,36,2007,"allegheny"
"Allegheny River.X2007.09.09",13.3519226074219,37,2007,"allegheny"
"Allegheny River.X2007.09.16",12.7945190429688,38,2007,"allegheny"
"Allegheny River.X2007.09.23",11.2331787109375,39,2007,"allegheny"
"Allegheny River.X2007.09.30",8.27825317382815,40,2007,"allegheny"
"Allegheny River.X2007.10.07",5.0565124511719,41,2007,"allegheny"
"Allegheny River.X2007.10.14",9.0588317871094,42,2007,"allegheny"
"Allegheny River.X2007.10.21",10.2087951660156,43,2007,"allegheny"
"Allegheny River.X2007.10.28",7.3403259277344,44,2007,"allegheny"
"Allegheny River.X2007.11.04",6.1693054199219,45,2007,"allegheny"
"Allegheny River.X2007.11.11",4.62139282226565,46,2007,"allegheny"
"Allegheny River.X2007.11.18",4.4158874511719,47,2007,"allegheny"
"Allegheny River.X2007.11.25",3.15703735351565,48,2007,"allegheny"
"Allegheny River.X2007.12.02",2.3124938964844,49,2007,"allegheny"
"Allegheny River.X2007.12.09",1.36953125000002,50,2007,"allegheny"
"Allegheny River.X2007.12.16",0.917443847656273,51,2007,"allegheny"
"Allegheny River.X2007.12.23",2.4113708496094,52,2007,"allegheny"
"Allegheny River.X2007.12.30",2.49373779296877,53,2007,"allegheny"
"Allegheny River.X2008.01.07",0.796563720703148,2,2008,"allegheny"
"Allegheny River.X2008.01.14",1.78310546875002,3,2008,"allegheny"
"Allegheny River.X2008.01.21",2.54424438476565,4,2008,"allegheny"
"Allegheny River.X2008.01.28",2.53902587890627,5,2008,"allegheny"
"Allegheny River.X2008.02.04",2.20989379882815,6,2008,"allegheny"
"Allegheny River.X2008.02.11",0.288537597656273,7,2008,"allegheny"
"Allegheny River.X2008.02.18",0.569573974609398,8,2008,"allegheny"
"Allegheny River.X2008.02.25",1.89016113281252,9,2008,"allegheny"
"Allegheny River.X2008.03.03",1.41900024414065,10,2008,"allegheny"
"Allegheny River.X2008.03.10",0.393365478515648,11,2008,"allegheny"
"Allegheny River.X2008.03.17",1.03743896484377,12,2008,"allegheny"
"Allegheny River.X2008.03.24",0.100000000000023,13,2008,"allegheny"
"Allegheny River.X2008.03.31",0.100000000000023,14,2008,"allegheny"
"Allegheny River.X2008.04.07",0.100000000000023,15,2008,"allegheny"
"Allegheny River.X2008.04.14",0.100000000000023,16,2008,"allegheny"
"Allegheny River.X2008.04.21",2.3889099121094,17,2008,"allegheny"
"Allegheny River.X2008.04.28",8.51143798828127,18,2008,"allegheny"
"Allegheny River.X2008.05.05",13.0803771972656,19,2008,"allegheny"
"Allegheny River.X2008.05.12",14.3984008789063,20,2008,"allegheny"
"Allegheny River.X2008.05.19",14.9684387207031,21,2008,"allegheny"
"Allegheny River.X2008.05.26",12.6129089355469,22,2008,"allegheny"
"Allegheny River.X2008.06.02",12.5420471191406,23,2008,"allegheny"
"Allegheny River.X2008.06.09",14.319482421875,24,2008,"allegheny"
"Allegheny River.X2008.06.16",13.212060546875,25,2008,"allegheny"
"Allegheny River.X2008.06.23",17.6687561035156,26,2008,"allegheny"
"Allegheny River.X2008.06.30",13.5490356445313,27,2008,"allegheny"
"Allegheny River.X2008.07.07",17.399560546875,28,2008,"allegheny"
"Allegheny River.X2008.07.14",18.0060974121094,29,2008,"allegheny"
"Allegheny River.X2008.07.21",19.146142578125,30,2008,"allegheny"
"Allegheny River.X2008.07.28",21.7203002929688,31,2008,"allegheny"
"Allegheny River.X2008.08.04",17.3846984863281,32,2008,"allegheny"
"Allegheny River.X2008.08.11",18.4465576171875,33,2008,"allegheny"
"Allegheny River.X2008.08.18",13.4592224121094,34,2008,"allegheny"
"Allegheny River.X2008.08.25",17.465966796875,35,2008,"allegheny"
"Allegheny River.X2008.09.01",14.3680053710938,36,2008,"allegheny"
"Allegheny River.X2008.09.08",16.2912231445313,37,2008,"allegheny"
"Allegheny River.X2008.09.15",16.1704650878906,38,2008,"allegheny"
"Allegheny River.X2008.09.22",18.0391784667969,39,2008,"allegheny"
"Allegheny River.X2008.09.29",12.8926635742188,40,2008,"allegheny"
"Allegheny River.X2008.10.06",14.3162475585938,41,2008,"allegheny"
"Allegheny River.X2008.10.13",10.5514770507813,42,2008,"allegheny"
"Allegheny River.X2008.10.20",10.0694213867188,43,2008,"allegheny"
"Allegheny River.X2008.10.27",10.9944702148438,44,2008,"allegheny"
"Allegheny River.X2008.11.03",8.18938598632815,45,2008,"allegheny"
"Allegheny River.X2008.11.10",2.65383300781252,46,2008,"allegheny"
"Allegheny River.X2008.11.17",1.51799926757815,47,2008,"allegheny"
"Allegheny River.X2008.11.24",2.29497680664065,48,2008,"allegheny"
"Allegheny River.X2008.12.01",0.909539794921898,49,2008,"allegheny"
"Allegheny River.X2008.12.08",0.627832031250023,50,2008,"allegheny"
"Allegheny River.X2008.12.15",1.10027465820315,51,2008,"allegheny"
"Allegheny River.X2008.12.22",1.3032165527344,52,2008,"allegheny"
"Allegheny River.X2008.12.29",1.28792724609377,53,2008,"allegheny"
"Allegheny River.X2009.01.07",1.24236450195315,2,2009,"allegheny"
"Allegheny River.X2009.01.14",1.19844970703127,3,2009,"allegheny"
"Allegheny River.X2009.01.21",0.911981201171898,4,2009,"allegheny"
"Allegheny River.X2009.01.28",0.578179931640648,5,2009,"allegheny"
"Allegheny River.X2009.02.04",0.667352294921898,6,2009,"allegheny"
"Allegheny River.X2009.02.11",0.100000000000023,7,2009,"allegheny"
"Allegheny River.X2009.02.18",0.208978271484398,8,2009,"allegheny"
"Allegheny River.X2009.02.25",0.100000000000023,9,2009,"allegheny"
"Allegheny River.X2009.03.04",0.218133544921898,10,2009,"allegheny"
"Allegheny River.X2009.03.11",0.147027587890648,11,2009,"allegheny"
"Allegheny River.X2009.03.18",0.124688720703148,12,2009,"allegheny"
"Allegheny River.X2009.03.25",0.202752685546898,13,2009,"allegheny"
"Allegheny River.X2009.04.01",0.100000000000023,14,2009,"allegheny"
"Allegheny River.X2009.04.08",0.100000000000023,15,2009,"allegheny"
"Allegheny River.X2009.04.15",0.100000000000023,16,2009,"allegheny"
"Allegheny River.X2009.04.22",5.98012695312502,17,2009,"allegheny"
"Allegheny River.X2009.04.29",9.4416442871094,18,2009,"allegheny"
"Allegheny River.X2009.05.06",11.3457885742188,19,2009,"allegheny"
"Allegheny River.X2009.05.13",12.9425903320313,20,2009,"allegheny"
"Allegheny River.X2009.05.20",9.91085205078127,21,2009,"allegheny"
"Allegheny River.X2009.05.27",14.3543640136719,22,2009,"allegheny"
"Allegheny River.X2009.06.03",15.9429870605469,23,2009,"allegheny"
"Allegheny River.X2009.06.10",13.6873107910156,24,2009,"allegheny"
"Allegheny River.X2009.06.17",17.0738159179688,25,2009,"allegheny"
"Allegheny River.X2009.06.24",18.3671203613281,26,2009,"allegheny"
"Allegheny River.X2009.07.01",17.9056335449219,27,2009,"allegheny"
"Allegheny River.X2009.07.08",19.0710998535156,28,2009,"allegheny"
"Allegheny River.X2009.07.15",20.5996032714844,29,2009,"allegheny"
"Allegheny River.X2009.07.22",20.1283508300781,30,2009,"allegheny"
"Allegheny River.X2009.07.29",20.8461242675781,31,2009,"allegheny"
"Allegheny River.X2009.08.05",21.6772094726563,32,2009,"allegheny"
"Allegheny River.X2009.08.12",19.1962524414063,33,2009,"allegheny"
"Allegheny River.X2009.08.19",18.0562683105469,34,2009,"allegheny"
"Allegheny River.X2009.08.26",16.8333068847656,35,2009,"allegheny"
"Allegheny River.X2009.09.02",14.8658081054688,36,2009,"allegheny"
"Allegheny River.X2009.09.09",17.3895812988281,37,2009,"allegheny"
"Allegheny River.X2009.09.16",12.8444458007813,38,2009,"allegheny"
"Allegheny River.X2009.09.23",13.7875915527344,39,2009,"allegheny"
"Allegheny River.X2009.09.30",11.0646911621094,40,2009,"allegheny"
"Allegheny River.X2009.10.07",9.83114013671877,41,2009,"allegheny"
"Allegheny River.X2009.10.14",9.38607177734377,42,2009,"allegheny"
"Allegheny River.X2009.10.21",8.29158935546877,43,2009,"allegheny"
"Allegheny River.X2009.10.28",5.14809570312502,44,2009,"allegheny"
"Allegheny River.X2009.11.04",1.35039672851565,45,2009,"allegheny"
"Allegheny River.X2009.11.11",5.0314880371094,46,2009,"allegheny"
"Allegheny River.X2009.11.18",4.96306762695315,47,2009,"allegheny"
"Allegheny River.X2009.11.25",1.55999145507815,48,2009,"allegheny"
"Allegheny River.X2009.12.02",0.604119873046898,49,2009,"allegheny"
"Allegheny River.X2009.12.09",0.792352294921898,50,2009,"allegheny"
"Allegheny River.X2009.12.16",0.661767578125023,51,2009,"allegheny"
"Allegheny River.X2009.12.23",0.290490722656273,52,2009,"allegheny"
"Allegheny River.X2009.12.30",0.648187255859398,53,2009,"allegheny"
"Allegheny River.X2010.01.07",0.401818847656273,2,2010,"allegheny"
"Allegheny River.X2010.01.14",0.590325927734398,3,2010,"allegheny"
"Allegheny River.X2010.01.21",0.567773437500023,4,2010,"allegheny"
"Allegheny River.X2010.01.28",0.547784423828148,5,2010,"allegheny"
"Allegheny River.X2010.02.04",0.529595947265648,6,2010,"allegheny"
"Allegheny River.X2010.02.11",0.512414550781273,7,2010,"allegheny"
"Allegheny River.X2010.02.18",0.222161865234398,8,2010,"allegheny"
"Allegheny River.X2010.02.25",0.430139160156273,9,2010,"allegheny"
"Allegheny River.X2010.03.04",0.417535400390648,10,2010,"allegheny"
"Allegheny River.X2010.03.11",0.311486816406273,11,2010,"allegheny"
"Allegheny River.X2010.03.18",0.100000000000023,12,2010,"allegheny"
"Allegheny River.X2010.03.25",0.100000000000023,13,2010,"allegheny"
"Allegheny River.X2010.04.01",0.164025878906273,14,2010,"allegheny"
"Allegheny River.X2010.04.08",0.187493896484398,15,2010,"allegheny"
"Allegheny River.X2010.04.15",0.100000000000023,16,2010,"allegheny"
"Allegheny River.X2010.04.22",0.100000000000023,17,2010,"allegheny"
"Allegheny River.X2010.04.29",0.100000000000023,18,2010,"allegheny"
"Allegheny River.X2010.05.06",0.100000000000023,19,2010,"allegheny"
"Allegheny River.X2010.05.13",7.67269287109377,20,2010,"allegheny"
"Allegheny River.X2010.05.20",7.61660156250002,21,2010,"allegheny"
"Allegheny River.X2010.05.27",14.2197204589844,22,2010,"allegheny"
"Allegheny River.X2010.06.03",15.6753784179688,23,2010,"allegheny"
"Allegheny River.X2010.06.10",14.6033569335938,24,2010,"allegheny"
"Allegheny River.X2010.06.17",16.2568908691406,25,2010,"allegheny"
"Allegheny River.X2010.06.24",18.2293334960938,26,2010,"allegheny"
"Allegheny River.X2010.07.01",18.3390747070313,27,2010,"allegheny"
"Allegheny River.X2010.07.08",19.350732421875,28,2010,"allegheny"
"Allegheny River.X2010.07.15",20.612451171875,29,2010,"allegheny"
"Allegheny River.X2010.07.22",22.2046447753906,30,2010,"allegheny"
"Allegheny River.X2010.07.29",23.0749145507813,31,2010,"allegheny"
"Allegheny River.X2010.08.05",23.2561889648438,32,2010,"allegheny"
"Allegheny River.X2010.08.12",21.8120666503906,33,2010,"allegheny"
"Allegheny River.X2010.08.19",19.2109008789063,34,2010,"allegheny"
"Allegheny River.X2010.08.26",18.2474609375,35,2010,"allegheny"
"Allegheny River.X2010.09.02",18.9346557617188,36,2010,"allegheny"
"Allegheny River.X2010.09.09",17.4486633300781,37,2010,"allegheny"
"Allegheny River.X2010.09.16",12.4031921386719,38,2010,"allegheny"
"Allegheny River.X2010.09.23",16.8390441894531,39,2010,"allegheny"
"Allegheny River.X2010.09.30",14.7963806152344,40,2010,"allegheny"
"Allegheny River.X2010.10.07",11.4749694824219,41,2010,"allegheny"
"Allegheny River.X2010.10.14",12.5221496582031,42,2010,"allegheny"
"Allegheny River.X2010.10.21",9.32012329101565,43,2010,"allegheny"
"Allegheny River.X2010.10.28",4.1027770996094,44,2010,"allegheny"
"Allegheny River.X2010.11.04",4.54497680664065,45,2010,"allegheny"
"Allegheny River.X2010.11.11",4.43621215820315,46,2010,"allegheny"
"Allegheny River.X2010.11.18",0.795037841796898,47,2010,"allegheny"
"Allegheny River.X2010.11.25",0.699182128906273,48,2010,"allegheny"
"Allegheny River.X2010.12.02",0.175317382812523,49,2010,"allegheny"
"Allegheny River.X2010.12.09",0.447076416015648,50,2010,"allegheny"
"Allegheny River.X2010.12.16",0.708337402343773,51,2010,"allegheny"
"Allegheny River.X2010.12.23",0.729821777343773,52,2010,"allegheny"
"Allegheny River.X2010.12.30",0.542291259765648,53,2010,"allegheny"
"Allegheny River.X2011.01.07",0.713128662109398,2,2011,"allegheny"
"Allegheny River.X2011.01.14",0.711541748046898,3,2011,"allegheny"
"Allegheny River.X2011.01.21",0.532861328125023,4,2011,"allegheny"
"Allegheny River.X2011.01.28",0.434197998046898,5,2011,"allegheny"
"Allegheny River.X2011.02.04",0.463250732421898,6,2011,"allegheny"
"Allegheny River.X2011.02.11",0.317651367187523,7,2011,"allegheny"
"Allegheny River.X2011.02.18",0.408563232421898,8,2011,"allegheny"
"Allegheny River.X2011.02.25",0.645684814453148,9,2011,"allegheny"
"Allegheny River.X2011.03.04",0.485498046875023,10,2011,"allegheny"
"Allegheny River.X2011.03.11",0.100000000000023,11,2011,"allegheny"
"Allegheny River.X2011.03.18",0.261376953125023,12,2011,"allegheny"
"Allegheny River.X2011.03.25",0.450402832031273,13,2011,"allegheny"
"Allegheny River.X2011.04.01",0.100000000000023,14,2011,"allegheny"
"Allegheny River.X2011.04.08",0.100000000000023,15,2011,"allegheny"
"Allegheny River.X2011.04.15",0.100000000000023,16,2011,"allegheny"
"Allegheny River.X2011.04.22",0.100000000000023,17,2011,"allegheny"
"Allegheny River.X2011.04.29",0.100000000000023,18,2011,"allegheny"
"Allegheny River.X2011.05.06",2.39705810546877,19,2011,"allegheny"
"Allegheny River.X2011.05.13",5.7758728027344,20,2011,"allegheny"
"Allegheny River.X2011.05.20",7.5814147949219,21,2011,"allegheny"
"Allegheny River.X2011.05.27",10.0121398925781,22,2011,"allegheny"
"Allegheny River.X2011.06.03",13.2430358886719,23,2011,"allegheny"
"Allegheny River.X2011.06.10",12.7867980957031,24,2011,"allegheny"
"Allegheny River.X2011.06.17",14.1121154785156,25,2011,"allegheny"
"Allegheny River.X2011.06.24",12.1465698242188,26,2011,"allegheny"
"Allegheny River.X2011.07.01",16.0236450195313,27,2011,"allegheny"
"Allegheny River.X2011.07.08",17.2077575683594,28,2011,"allegheny"
"Allegheny River.X2011.07.15",16.6057067871094,29,2011,"allegheny"
"Allegheny River.X2011.07.22",15.65615234375,30,2011,"allegheny"
"Allegheny River.X2011.07.29",19.5717407226563,31,2011,"allegheny"
"Allegheny River.X2011.08.05",19.6644836425781,32,2011,"allegheny"
"Allegheny River.X2011.08.12",17.3191772460938,33,2011,"allegheny"
"Allegheny River.X2011.08.19",17.7264343261719,34,2011,"allegheny"
"Allegheny River.X2011.08.26",14.0148254394531,35,2011,"allegheny"
"Allegheny River.X2011.09.02",13.1382385253906,36,2011,"allegheny"
"Allegheny River.X2011.09.09",11.2269836425781,37,2011,"allegheny"
"Allegheny River.X2011.09.16",9.8392272949219,38,2011,"allegheny"
"Allegheny River.X2011.09.23",10.6344848632813,39,2011,"allegheny"
"Allegheny River.X2011.09.30",5.5665222167969,40,2011,"allegheny"
"Allegheny River.X2011.10.07",7.24160156250002,41,2011,"allegheny"
"Allegheny River.X2011.10.14",9.20113525390627,42,2011,"allegheny"
"Allegheny River.X2011.10.21",11.0744262695313,43,2011,"allegheny"
"Allegheny River.X2011.10.28",7.8802429199219,44,2011,"allegheny"
"Allegheny River.X2011.11.04",6.52266845703127,45,2011,"allegheny"
"Allegheny River.X2011.11.11",2.85531005859377,46,2011,"allegheny"
"Allegheny River.X2011.11.18",1.89394531250002,47,2011,"allegheny"
"Allegheny River.X2011.11.25",2.10247192382815,48,2011,"allegheny"
"Allegheny River.X2011.12.02",1.3508239746094,49,2011,"allegheny"
"Allegheny River.X2011.12.09",0.941705322265648,50,2011,"allegheny"
"Allegheny River.X2011.12.16",1.15166625976565,51,2011,"allegheny"
"Allegheny River.X2011.12.23",1.24666748046877,52,2011,"allegheny"
"Allegheny River.X2011.12.30",1.66683349609377,53,2011,"allegheny"
"Allegheny River.X2012.01.07",1.5932556152344,2,2012,"allegheny"
"Allegheny River.X2012.01.14",1.54360351562502,3,2012,"allegheny"
"Allegheny River.X2012.01.21",1.50802001953127,4,2012,"allegheny"
"Allegheny River.X2012.01.28",0.745965576171898,5,2012,"allegheny"
"Allegheny River.X2012.02.04",1.3690124511719,6,2012,"allegheny"
"Allegheny River.X2012.02.11",1.35799560546877,7,2012,"allegheny"
"Allegheny River.X2012.02.18",0.940972900390648,8,2012,"allegheny"
"Allegheny River.X2012.02.25",1.15947875976565,9,2012,"allegheny"
"Allegheny River.X2012.03.03",1.2176452636719,10,2012,"allegheny"
"Allegheny River.X2012.03.10",1.17241821289065,11,2012,"allegheny"
"Allegheny River.X2012.03.17",0.248895263671898,12,2012,"allegheny"
"Allegheny River.X2012.03.24",0.100000000000023,13,2012,"allegheny"
"Allegheny River.X2012.03.31",0.100000000000023,14,2012,"allegheny"
"Allegheny River.X2012.04.07",0.100000000000023,15,2012,"allegheny"
"Allegheny River.X2012.04.14",0.766748046875023,16,2012,"allegheny"
"Allegheny River.X2012.04.21",0.100000000000023,17,2012,"allegheny"
"Allegheny River.X2012.04.28",4.8015075683594,18,2012,"allegheny"
"Allegheny River.X2012.05.05",11.29580078125,19,2012,"allegheny"
"Allegheny River.X2012.05.12",8.41781005859377,20,2012,"allegheny"
"Allegheny River.X2012.05.19",13.1926208496094,21,2012,"allegheny"
"Allegheny River.X2012.05.26",13.1868225097656,22,2012,"allegheny"
"Allegheny River.X2012.06.02",18.8670593261719,23,2012,"allegheny"
"Allegheny River.X2012.06.09",17.8245788574219,24,2012,"allegheny"
"Allegheny River.X2012.06.16",14.3888488769531,25,2012,"allegheny"
"Allegheny River.X2012.06.23",17.8268676757813,26,2012,"allegheny"
"Allegheny River.X2012.06.30",20.5597473144531,27,2012,"allegheny"
"Allegheny River.X2012.07.07",17.1448303222656,28,2012,"allegheny"
"Allegheny River.X2012.07.14",19.0165344238281,29,2012,"allegheny"
"Allegheny River.X2012.07.21",19.6241394042969,30,2012,"allegheny"
"Allegheny River.X2012.07.28",18.6443420410156,31,2012,"allegheny"
"Allegheny River.X2012.08.04",17.6825500488281,32,2012,"allegheny"
"Allegheny River.X2012.08.11",19.9695373535156,33,2012,"allegheny"
"Allegheny River.X2012.08.18",15.3290954589844,34,2012,"allegheny"
"Allegheny River.X2012.08.25",16.1392150878906,35,2012,"allegheny"
"Allegheny River.X2012.09.01",17.3430419921875,36,2012,"allegheny"
"Allegheny River.X2012.09.08",18.2163940429688,37,2012,"allegheny"
"Allegheny River.X2012.09.15",14.2414184570313,38,2012,"allegheny"
"Allegheny River.X2012.09.22",12.7507263183594,39,2012,"allegheny"
"Allegheny River.X2012.09.29",8.01079711914065,40,2012,"allegheny"
"Allegheny River.X2012.10.06",9.98543701171877,41,2012,"allegheny"
"Allegheny River.X2012.10.13",10.3669982910156,42,2012,"allegheny"
"Allegheny River.X2012.10.20",7.75213012695315,43,2012,"allegheny"
"Allegheny River.X2012.10.27",4.93886718750002,44,2012,"allegheny"
"Allegheny River.X2012.11.03",6.7809997558594,45,2012,"allegheny"
"Allegheny River.X2012.11.10",4.76766357421877,46,2012,"allegheny"
"Allegheny River.X2012.11.17",2.8448425292969,47,2012,"allegheny"
"Allegheny River.X2012.11.24",1.48757324218752,48,2012,"allegheny"
"Allegheny River.X2012.12.01",1.35238037109377,49,2012,"allegheny"
"Allegheny River.X2012.12.08",0.371942138671898,50,2012,"allegheny"
"Allegheny River.X2012.12.15",0.433892822265648,51,2012,"allegheny"
"Allegheny River.X2012.12.22",1.2482849121094,52,2012,"allegheny"
"Allegheny River.X2012.12.29",1.3316589355469,53,2012,"allegheny"
"Allegheny River.X2013.01.07",1.29696044921877,2,2013,"allegheny"
"Allegheny River.X2013.01.14",1.27205810546877,3,2013,"allegheny"
"Allegheny River.X2013.01.21",1.06011352539065,4,2013,"allegheny"
"Allegheny River.X2013.01.28",0.737634277343773,5,2013,"allegheny"
"Allegheny River.X2013.02.04",0.862115478515648,6,2013,"allegheny"
"Allegheny River.X2013.02.11",0.715051269531273,7,2013,"allegheny"
"Allegheny River.X2013.02.18",1.03621826171877,8,2013,"allegheny"
"Allegheny River.X2013.02.25",0.622430419921898,9,2013,"allegheny"
"Allegheny River.X2013.03.04",0.411004638671898,10,2013,"allegheny"
"Allegheny River.X2013.03.11",0.546777343750023,11,2013,"allegheny"
"Allegheny River.X2013.03.18",0.323327636718773,12,2013,"allegheny"
"Allegheny River.X2013.03.25",0.100000000000023,13,2013,"allegheny"
"Allegheny River.X2013.04.01",0.100000000000023,14,2013,"allegheny"
"Allegheny River.X2013.04.08",0.100000000000023,15,2013,"allegheny"
"Allegheny River.X2013.04.15",0.100000000000023,16,2013,"allegheny"
"Allegheny River.X2013.04.22",0.100000000000023,17,2013,"allegheny"
"Allegheny River.X2013.04.29",0.100000000000023,18,2013,"allegheny"
"Allegheny River.X2013.05.06",2.65657958984377,19,2013,"allegheny"
"Allegheny River.X2013.05.13",8.77092895507815,20,2013,"allegheny"
"Allegheny River.X2013.05.20",12.7303100585938,21,2013,"allegheny"
"Allegheny River.X2013.05.27",16.7409606933594,22,2013,"allegheny"
"Allegheny River.X2013.06.03",13.3328491210938,23,2013,"allegheny"
"Allegheny River.X2013.06.10",15.0485778808594,24,2013,"allegheny"
"Allegheny River.X2013.06.17",18.926416015625,25,2013,"allegheny"
"Allegheny River.X2013.06.24",17.4034973144531,26,2013,"allegheny"
"Allegheny River.X2013.07.01",16.9671875,27,2013,"allegheny"
"Allegheny River.X2013.07.08",18.9706665039063,28,2013,"allegheny"
"Allegheny River.X2013.07.15",20.4323364257813,29,2013,"allegheny"
"Allegheny River.X2013.07.22",17.6642395019531,30,2013,"allegheny"
"Allegheny River.X2013.07.29",14.6350036621094,31,2013,"allegheny"
"Allegheny River.X2013.08.05",19.2890563964844,32,2013,"allegheny"
"Allegheny River.X2013.08.12",18.8952575683594,33,2013,"allegheny"
"Allegheny River.X2013.08.19",19.4536682128906,34,2013,"allegheny"
"Allegheny River.X2013.08.26",17.8966918945313,35,2013,"allegheny"
"Allegheny River.X2013.09.02",10.3485046386719,36,2013,"allegheny"
"Allegheny River.X2013.09.09",10.4997497558594,37,2013,"allegheny"
"Allegheny River.X2013.09.16",12.3971801757813,38,2013,"allegheny"
"Allegheny River.X2013.09.23",14.7967163085938,39,2013,"allegheny"
"Allegheny River.X2013.09.30",17.7484375,40,2013,"allegheny"
"Allegheny River.X2013.10.07",13.9273010253906,41,2013,"allegheny"
"Allegheny River.X2013.10.14",11.3715148925781,42,2013,"allegheny"
"Allegheny River.X2013.10.21",5.39827880859377,43,2013,"allegheny"
"Allegheny River.X2013.10.28",4.13588867187502,44,2013,"allegheny"
"Allegheny River.X2013.11.04",0.765313720703148,45,2013,"allegheny"
"Allegheny River.X2013.11.11",0.786492919921898,46,2013,"allegheny"
"Allegheny River.X2013.11.18",0.714379882812523,47,2013,"allegheny"
"Allegheny River.X2013.11.25",0.294366455078148,48,2013,"allegheny"
"Allegheny River.X2013.12.02",0.706994628906273,49,2013,"allegheny"
"Allegheny River.X2013.12.09",0.623406982421898,50,2013,"allegheny"
"Allegheny River.X2013.12.16",0.612878417968773,51,2013,"allegheny"
"Allegheny River.X2013.12.23",0.503472900390648,52,2013,"allegheny"
"Allegheny River.X2013.12.30",0.710687255859398,53,2013,"allegheny"
"Allegheny River.X2014.01.07",0.746331787109398,2,2014,"allegheny"
"Allegheny River.X2014.01.14",0.769006347656273,3,2014,"allegheny"
"Allegheny River.X2014.01.21",0.788507080078148,4,2014,"allegheny"
"Allegheny River.X2014.01.28",0.807336425781273,5,2014,"allegheny"
"Allegheny River.X2014.02.04",0.822808837890648,6,2014,"allegheny"
"Allegheny River.X2014.02.11",0.518975830078148,7,2014,"allegheny"
"Allegheny River.X2014.02.18",0.818780517578148,8,2014,"allegheny"
"Allegheny River.X2014.02.25",0.634820556640648,9,2014,"allegheny"
"Allegheny River.X2014.03.04",0.510614013671898,10,2014,"allegheny"
"Allegheny River.X2014.03.11",0.408624267578148,11,2014,"allegheny"
"Allegheny River.X2014.03.18",0.353143310546898,12,2014,"allegheny"
"Allegheny River.X2014.03.25",0.348504638671898,13,2014,"allegheny"
"Allegheny River.X2014.04.01",0.295190429687523,14,2014,"allegheny"
"Allegheny River.X2014.04.08",0.100000000000023,15,2014,"allegheny"
"Allegheny River.X2014.04.15",0.100000000000023,16,2014,"allegheny"
"Allegheny River.X2014.04.22",0.100000000000023,17,2014,"allegheny"
"Allegheny River.X2014.04.29",0.100000000000023,18,2014,"allegheny"
"Allegheny River.X2014.05.06",1.40313110351565,19,2014,"allegheny"
"Allegheny River.X2014.05.13",5.68877563476565,20,2014,"allegheny"
"Allegheny River.X2014.05.20",7.23967895507815,21,2014,"allegheny"
"Allegheny River.X2014.05.27",14.6127868652344,22,2014,"allegheny"
"Allegheny River.X2014.06.03",10.2809692382813,23,2014,"allegheny"
"Allegheny River.X2014.06.10",12.78505859375,24,2014,"allegheny"
"Allegheny River.X2014.06.17",11.9773803710938,25,2014,"allegheny"
"Allegheny River.X2014.06.24",16.751611328125,26,2014,"allegheny"
"Allegheny River.X2014.07.01",18.5552612304688,27,2014,"allegheny"
"Allegheny River.X2014.07.08",18.56142578125,28,2014,"allegheny"
"Allegheny River.X2014.07.15",17.2850280761719,29,2014,"allegheny"
"Allegheny River.X2014.07.22",18.1225524902344,30,2014,"allegheny"
"Allegheny River.X2014.07.29",17.2748962402344,31,2014,"allegheny"
"Allegheny River.X2014.08.05",20.7253051757813,32,2014,"allegheny"
"Allegheny River.X2014.08.12",19.6178833007813,33,2014,"allegheny"
"Allegheny River.X2014.08.19",12.6321960449219,34,2014,"allegheny"
"Allegheny River.X2014.08.26",16.2749267578125,35,2014,"allegheny"
"Allegheny River.X2014.09.02",16.7787414550781,36,2014,"allegheny"
"Allegheny River.X2014.09.09",14.7519165039063,37,2014,"allegheny"
"Allegheny River.X2014.09.16",13.673974609375,38,2014,"allegheny"
"Allegheny River.X2014.09.23",10.1293884277344,39,2014,"allegheny"
"Allegheny River.X2014.09.30",12.1767517089844,40,2014,"allegheny"
"Allegheny River.X2014.10.07",5.48040161132815,41,2014,"allegheny"
"Allegheny River.X2014.10.14",5.31768188476565,42,2014,"allegheny"
"Allegheny River.X2014.10.21",7.94075927734377,43,2014,"allegheny"
"Allegheny River.X2014.10.28",9.81618652343752,44,2014,"allegheny"
"Allegheny River.X2014.11.04",8.01262817382815,45,2014,"allegheny"
"Allegheny River.X2014.11.11",0.917993164062523,46,2014,"allegheny"
"Allegheny River.X2014.11.18",2.04488525390627,47,2014,"allegheny"
"Allegheny River.X2014.11.25",1.51973876953127,48,2014,"allegheny"
"Allegheny River.X2014.12.02",0.713525390625023,49,2014,"allegheny"
"Allegheny River.X2014.12.09",1.29775390625002,50,2014,"allegheny"
"Allegheny River.X2014.12.16",1.70729980468752,51,2014,"allegheny"
"Allegheny River.X2014.12.23",1.25618896484377,52,2014,"allegheny"
"Allegheny River.X2014.12.30",1.3664489746094,53,2014,"allegheny"
"Allegheny River.X2015.01.07",1.1710144042969,2,2015,"allegheny"
"Allegheny River.X2015.01.14",1.63643798828127,3,2015,"allegheny"
"Allegheny River.X2015.01.21",1.88860473632815,4,2015,"allegheny"
"Allegheny River.X2015.01.28",1.89461669921877,5,2015,"allegheny"
"Allegheny River.X2015.02.04",1.7293640136719,6,2015,"allegheny"
"Allegheny River.X2015.02.11",1.68499145507815,7,2015,"allegheny"
"Allegheny River.X2015.02.18",1.07940063476565,8,2015,"allegheny"
"Allegheny River.X2015.02.25",0.912713623046898,9,2015,"allegheny"
"Allegheny River.X2015.03.04",1.01055297851565,10,2015,"allegheny"
"Allegheny River.X2015.03.11",0.682916259765648,11,2015,"allegheny"
"Allegheny River.X2015.03.18",0.666070556640648,12,2015,"allegheny"
"Allegheny River.X2015.03.25",0.504693603515648,13,2015,"allegheny"
"Allegheny River.X2015.04.01",0.100000000000023,14,2015,"allegheny"
"Allegheny River.X2015.04.08",0.100000000000023,15,2015,"allegheny"
"Allegheny River.X2015.04.15",0.100000000000023,16,2015,"allegheny"
"Allegheny River.X2015.04.22",0.100000000000023,17,2015,"allegheny"
"Allegheny River.X2015.04.29",4.74703369140627,18,2015,"allegheny"
"Allegheny River.X2015.05.06",8.45028076171877,19,2015,"allegheny"
"Allegheny River.X2015.05.13",11.7056213378906,20,2015,"allegheny"
"Allegheny River.X2015.05.20",12.7509094238281,21,2015,"allegheny"
"Allegheny River.X2015.05.27",11.9257751464844,22,2015,"allegheny"
"Allegheny River.X2015.06.03",13.1307006835938,23,2015,"allegheny"
"Allegheny River.X2015.06.10",12.7265563964844,24,2015,"allegheny"
"Allegheny River.X2015.06.17",15.8096862792969,25,2015,"allegheny"
"Allegheny River.X2015.06.24",16.2622619628906,26,2015,"allegheny"
"Allegheny River.X2015.07.01",17.4584899902344,27,2015,"allegheny"
"Allegheny River.X2015.07.08",18.6442199707031,28,2015,"allegheny"
"Allegheny River.X2015.07.15",19.2926879882813,29,2015,"allegheny"
"Allegheny River.X2015.07.22",21.37685546875,30,2015,"allegheny"
"Allegheny River.X2015.07.29",22.4109741210938,31,2015,"allegheny"
"Allegheny River.X2015.08.05",19.5059753417969,32,2015,"allegheny"
"Allegheny River.X2015.08.12",20.8504577636719,33,2015,"allegheny"
"Allegheny River.X2015.08.19",19.4952026367188,34,2015,"allegheny"
"Allegheny River.X2015.08.26",18.0571838378906,35,2015,"allegheny"
"Allegheny River.X2015.09.02",17.4449401855469,36,2015,"allegheny"
"Allegheny River.X2015.09.09",14.4338317871094,37,2015,"allegheny"
"Allegheny River.X2015.09.16",15.6401306152344,38,2015,"allegheny"
"Allegheny River.X2015.09.23",12.2190795898438,39,2015,"allegheny"
"Allegheny River.X2015.09.30",12.0906311035156,40,2015,"allegheny"
"Allegheny River.X2015.10.07",8.6042419433594,41,2015,"allegheny"
"Allegheny River.X2015.10.14",7.28084716796877,42,2015,"allegheny"
"Allegheny River.X2015.10.21",8.63228759765627,43,2015,"allegheny"
"Allegheny River.X2015.10.28",3.38973388671877,44,2015,"allegheny"
"Allegheny River.X2015.11.04",0.590447998046898,45,2015,"allegheny"
"Allegheny River.X2015.11.11",6.24971923828127,46,2015,"allegheny"
"Allegheny River.X2015.11.18",5.1740661621094,47,2015,"allegheny"
"Allegheny River.X2015.11.25",1.8582702636719,48,2015,"allegheny"
"Allegheny River.X2015.12.02",1.6402526855469,49,2015,"allegheny"
"Allegheny River.X2015.12.09",1.05217895507815,50,2015,"allegheny"
"Allegheny River.X2015.12.16",0.453851318359398,51,2015,"allegheny"
"Allegheny River.X2015.12.23",0.859613037109398,52,2015,"allegheny"
"Allegheny River.X2015.12.30",0.973626708984398,53,2015,"allegheny"
"Allegheny River.X2016.01.07",0.982629394531273,2,2016,"allegheny"
"Allegheny River.X2016.01.14",0.665429687500023,3,2016,"allegheny"
"Allegheny River.X2016.01.21",0.730706787109398,4,2016,"allegheny"
"Allegheny River.X2016.01.28",0.813653564453148,5,2016,"allegheny"
"Allegheny River.X2016.02.04",0.798913574218773,6,2016,"allegheny"
"Allegheny River.X2016.02.11",0.336968994140648,7,2016,"allegheny"
"Allegheny River.X2016.02.18",0.801446533203148,8,2016,"allegheny"
"Allegheny River.X2016.02.25",0.520959472656273,9,2016,"allegheny"
"Allegheny River.X2016.03.03",0.205957031250023,10,2016,"allegheny"
"Allegheny River.X2016.03.10",0.196282958984398,11,2016,"allegheny"
"Allegheny River.X2016.03.17",0.133935546875023,12,2016,"allegheny"
"Allegheny River.X2016.03.24",0.100000000000023,13,2016,"allegheny"
"Allegheny River.X2016.03.31",0.100000000000023,14,2016,"allegheny"
"Allegheny River.X2016.04.07",0.100000000000023,15,2016,"allegheny"
"Allegheny River.X2016.04.14",0.100000000000023,16,2016,"allegheny"
"Allegheny River.X2016.04.21",0.100000000000023,17,2016,"allegheny"
"Allegheny River.X2016.04.28",3.4946228027344,18,2016,"allegheny"
"Allegheny River.X2016.05.05",9.42427978515627,19,2016,"allegheny"
"Allegheny River.X2016.05.12",11.8428283691406,20,2016,"allegheny"
"Allegheny River.X2016.05.19",11.3271728515625,21,2016,"allegheny"
"Allegheny River.X2016.05.26",11.9286437988281,22,2016,"allegheny"
"Allegheny River.X2016.06.02",16.5028015136719,23,2016,"allegheny"
"Allegheny River.X2016.06.09",14.7053161621094,24,2016,"allegheny"
"Allegheny River.X2016.06.16",13.7872863769531,25,2016,"allegheny"
"Allegheny River.X2016.06.23",17.223291015625,26,2016,"allegheny"
"Allegheny River.X2016.06.30",17.6750122070313,27,2016,"allegheny"
"Allegheny River.X2016.07.07",16.8503967285156,28,2016,"allegheny"
"Allegheny River.X2016.07.14",17.179345703125,29,2016,"allegheny"
"Allegheny River.X2016.07.21",17.9283996582031,30,2016,"allegheny"
"Allegheny River.X2016.07.28",16.2354675292969,31,2016,"allegheny"
"Allegheny River.X2016.08.04",19.1052795410156,32,2016,"allegheny"
"Allegheny River.X2016.08.11",16.0596252441406,33,2016,"allegheny"
"Allegheny River.X2016.08.18",17.137353515625,34,2016,"allegheny"
"Allegheny River.X2016.08.25",18.3386779785156,35,2016,"allegheny"
"Allegheny River.X2016.09.01",12.8885131835938,36,2016,"allegheny"
"Allegheny River.X2016.09.08",12.5983520507813,37,2016,"allegheny"
"Allegheny River.X2016.09.15",14.2269226074219,38,2016,"allegheny"
"Allegheny River.X2016.09.22",13.9780822753906,39,2016,"allegheny"
"Allegheny River.X2016.09.29",11.3901000976563,40,2016,"allegheny"
"Allegheny River.X2016.10.06",8.37508544921877,41,2016,"allegheny"
"Allegheny River.X2016.10.13",6.38738403320315,42,2016,"allegheny"
"Allegheny River.X2016.10.20",6.1778503417969,43,2016,"allegheny"
"Allegheny River.X2016.10.27",6.6546569824219,44,2016,"allegheny"
"Allegheny River.X2016.11.03",2.20784912109377,45,2016,"allegheny"
"Allegheny River.X2016.11.10",3.64217529296877,46,2016,"allegheny"
"Allegheny River.X2016.11.17",4.45525512695315,47,2016,"allegheny"
"Allegheny River.X2016.11.24",2.7757507324219,48,2016,"allegheny"
"Allegheny River.X2016.12.01",2.57256469726565,49,2016,"allegheny"
"Allegheny River.X2016.12.08",2.70903930664065,50,2016,"allegheny"
"Allegheny River.X2016.12.15",2.38790283203127,51,2016,"allegheny"
"Allegheny River.X2016.12.22",1.89101562500002,52,2016,"allegheny"
"Allegheny River.X2016.12.29",2.95247802734377,53,2016,"allegheny"
"Allegheny River.X2017.01.07",2.01790771484377,2,2017,"allegheny"
"Allegheny River.X2017.01.14",2.86141357421877,3,2017,"allegheny"
"Allegheny River.X2017.01.21",2.5478454589844,4,2017,"allegheny"
"Allegheny River.X2017.01.28",2.8668151855469,5,2017,"allegheny"
"Allegheny River.X2017.02.04",2.87737426757815,6,2017,"allegheny"
"Allegheny River.X2017.02.11",1.22234497070315,7,2017,"allegheny"
"Allegheny River.X2017.02.18",0.351953125000023,8,2017,"allegheny"
"Allegheny River.X2017.02.25",0.407189941406273,9,2017,"allegheny"
"Allegheny River.X2017.03.04",0.471429443359398,10,2017,"allegheny"
"Allegheny River.X2017.03.11",0.100000000000023,11,2017,"allegheny"
"Allegheny River.X2017.03.18",0.122705078125023,12,2017,"allegheny"
"Allegheny River.X2017.03.25",0.162133789062523,13,2017,"allegheny"
"Allegheny River.X2017.04.01",0.100000000000023,14,2017,"allegheny"
"Allegheny River.X2017.04.08",0.100000000000023,15,2017,"allegheny"
"Allegheny River.X2017.04.15",0.890069580078148,16,2017,"allegheny"
"Allegheny River.X2017.04.22",5.14046630859377,17,2017,"allegheny"
"Allegheny River.X2017.04.29",10.1320129394531,18,2017,"allegheny"
"Allegheny River.X2017.05.06",8.56487426757815,19,2017,"allegheny"
"Allegheny River.X2017.05.13",8.42522583007815,20,2017,"allegheny"
"Allegheny River.X2017.05.20",7.46346435546877,21,2017,"allegheny"
"Allegheny River.X2017.05.27",9.8547302246094,22,2017,"allegheny"
"Allegheny River.X2017.06.03",9.6768737792969,23,2017,"allegheny"
"Allegheny River.X2017.06.10",12.0334411621094,24,2017,"allegheny"
"Allegheny River.X2017.06.17",10.1347595214844,25,2017,"allegheny"
"Allegheny River.X2017.06.24",12.2976928710938,26,2017,"allegheny"
"Allegheny River.X2017.07.01",14.1041809082031,27,2017,"allegheny"
"Allegheny River.X2017.07.08",16.1256042480469,28,2017,"allegheny"
"Allegheny River.X2017.07.15",16.2780090332031,29,2017,"allegheny"
"Allegheny River.X2017.07.22",16.7146545410156,30,2017,"allegheny"
"Allegheny River.X2017.07.29",16.2246032714844,31,2017,"allegheny"
"Allegheny River.X2017.08.05",15.6926208496094,32,2017,"allegheny"
"Allegheny River.X2017.08.12",15.2540832519531,33,2017,"allegheny"
"Allegheny River.X2017.08.19",18.6986022949219,34,2017,"allegheny"
"Allegheny River.X2017.08.26",17.8299499511719,35,2017,"allegheny"
"Allegheny River.X2017.09.02",16.3167663574219,36,2017,"allegheny"
"Allegheny River.X2017.09.09",15.8647094726563,37,2017,"allegheny"
"Allegheny River.X2017.09.16",13.8943725585938,38,2017,"allegheny"
"Allegheny River.X2017.09.23",12.0981994628906,39,2017,"allegheny"
"Allegheny River.X2017.09.30",10.8723999023438,40,2017,"allegheny"
"Allegheny River.X2017.10.07",13.6005493164063,41,2017,"allegheny"
"Allegheny River.X2017.10.14",8.99309692382815,42,2017,"allegheny"
"Allegheny River.X2017.10.21",4.3366638183594,43,2017,"allegheny"
"Allegheny River.X2017.10.28",6.0579772949219,44,2017,"allegheny"
"Allegheny River.X2017.11.04",6.81670532226565,45,2017,"allegheny"
"Allegheny River.X2017.11.11",4.7280212402344,46,2017,"allegheny"
"Allegheny River.X2017.11.18",2.8930603027344,47,2017,"allegheny"
"Allegheny River.X2017.11.25",2.46877441406252,48,2017,"allegheny"
"Allegheny River.X2017.12.02",2.37502441406252,49,2017,"allegheny"
"Allegheny River.X2017.12.09",1.38393554687502,50,2017,"allegheny"
"Allegheny River.X2017.12.16",1.65096435546877,51,2017,"allegheny"
"Allegheny River.X2017.12.23",2.56313476562502,52,2017,"allegheny"
"Allegheny River.X2017.12.30",1.74306640625002,53,2017,"allegheny"
"Allegheny River.X2018.01.07",2.49993286132815,2,2018,"allegheny"
"Allegheny River.X2018.01.14",1.1367126464844,3,2018,"allegheny"
"Allegheny River.X2018.01.21",2.11507568359377,4,2018,"allegheny"
"Allegheny River.X2018.01.28",1.8445983886719,5,2018,"allegheny"
"Allegheny River.X2018.02.04",2.4042907714844,6,2018,"allegheny"
"Allegheny River.X2018.02.11",2.3801208496094,7,2018,"allegheny"
"Allegheny River.X2018.02.18",1.9440856933594,8,2018,"allegheny"
"Allegheny River.X2018.02.25",2.0023132324219,9,2018,"allegheny"
"Allegheny River.X2018.03.04",1.6776062011719,10,2018,"allegheny"
"Allegheny River.X2018.03.11",0.434167480468773,11,2018,"allegheny"
"Allegheny River.X2018.03.18",0.810144042968773,12,2018,"allegheny"
"Allegheny River.X2018.03.25",0.528649902343773,13,2018,"allegheny"
"Allegheny River.X2018.04.01",0.130883789062523,14,2018,"allegheny"
"Allegheny River.X2018.04.08",0.100000000000023,15,2018,"allegheny"
"Allegheny River.X2018.04.15",0.100000000000023,16,2018,"allegheny"
"Allegheny River.X2018.04.22",0.100000000000023,17,2018,"allegheny"
"Allegheny River.X2018.04.29",0.100000000000023,18,2018,"allegheny"
"Allegheny River.X2018.05.06",0.100000000000023,19,2018,"allegheny"
"Allegheny River.X2018.05.13",0.100000000000023,20,2018,"allegheny"
"Allegheny River.X2018.05.20",4.7758728027344,21,2018,"allegheny"
"Allegheny River.X2018.05.27",11.6819396972656,22,2018,"allegheny"
"Allegheny River.X2018.06.03",9.55303344726565,23,2018,"allegheny"
"Allegheny River.X2018.06.10",13.8847290039063,24,2018,"allegheny"
"Allegheny River.X2018.06.17",12.7615600585938,25,2018,"allegheny"
"Allegheny River.X2018.06.24",13.8641296386719,26,2018,"allegheny"
"Allegheny River.X2018.07.01",15.5048767089844,27,2018,"allegheny"
"Allegheny River.X2018.07.08",17.0372253417969,28,2018,"allegheny"
"Allegheny River.X2018.07.15",17.6459899902344,29,2018,"allegheny"
"Allegheny River.X2018.07.22",18.3452697753906,30,2018,"allegheny"
"Allegheny River.X2018.07.29",18.3210388183594,31,2018,"allegheny"
"Allegheny River.X2018.08.05",19.3244567871094,32,2018,"allegheny"
"Allegheny River.X2018.08.12",15.54873046875,33,2018,"allegheny"
"Allegheny River.X2018.08.19",16.9121643066406,34,2018,"allegheny"
"Allegheny River.X2018.08.26",17.7983947753906,35,2018,"allegheny"
"Allegheny River.X2018.09.02",16.5795532226563,36,2018,"allegheny"
"Allegheny River.X2018.09.09",13.2672668457031,37,2018,"allegheny"
"Allegheny River.X2018.09.16",13.0463806152344,38,2018,"allegheny"
"Allegheny River.X2018.09.23",12.7907348632813,39,2018,"allegheny"
"Allegheny River.X2018.09.30",12.7641235351563,40,2018,"allegheny"
"Allegheny River.X2018.10.07",10.5896850585938,41,2018,"allegheny"
"Allegheny River.X2018.10.14",13.0162292480469,42,2018,"allegheny"
"Allegheny River.X2018.10.21",12.6775756835938,43,2018,"allegheny"
"Allegheny River.X2018.10.28",8.0971618652344,44,2018,"allegheny"
"Allegheny River.X2018.11.04",1.98555908203127,45,2018,"allegheny"
"Allegheny River.X2018.11.11",2.5313659667969,46,2018,"allegheny"
"Allegheny River.X2018.11.18",1.05205688476565,47,2018,"allegheny"
"Allegheny River.X2018.11.25",2.16121826171877,48,2018,"allegheny"
"Allegheny River.X2018.12.02",1.1043640136719,49,2018,"allegheny"
"Allegheny River.X2018.12.09",0.963006591796898,50,2018,"allegheny"
"Allegheny River.X2018.12.16",1.7059265136719,51,2018,"allegheny"
"Allegheny River.X2018.12.23",1.43877563476565,52,2018,"allegheny"
"Allegheny River.X2018.12.30",1.1289001464844,53,2018,"allegheny"
"Allegheny River.X2019.01.07",1.45317993164065,2,2019,"allegheny"
"Allegheny River.X2019.01.14",1.48861083984377,3,2019,"allegheny"
"Allegheny River.X2019.01.21",1.42888793945315,4,2019,"allegheny"
"Allegheny River.X2019.01.28",0.864587402343773,5,2019,"allegheny"
"Allegheny River.X2019.02.04",0.819390869140648,6,2019,"allegheny"
"Allegheny River.X2019.02.11",1.2061706542969,7,2019,"allegheny"
"Allegheny River.X2019.02.18",0.813134765625023,8,2019,"allegheny"
"Allegheny River.X2019.02.25",1.11013183593752,9,2019,"allegheny"
"Allegheny River.X2019.03.04",0.773217773437523,10,2019,"allegheny"
"Allegheny River.X2019.03.11",0.145013427734398,11,2019,"allegheny"
"Allegheny River.X2019.03.18",0.100000000000023,12,2019,"allegheny"
"Allegheny River.X2019.03.25",0.132531738281273,13,2019,"allegheny"
"Allegheny River.X2019.04.01",0.100000000000023,14,2019,"allegheny"
"Allegheny River.X2019.04.08",0.100000000000023,15,2019,"allegheny"
"Allegheny River.X2019.04.15",0.100000000000023,16,2019,"allegheny"
"Allegheny River.X2019.04.22",0.100000000000023,17,2019,"allegheny"
"Allegheny River.X2019.04.29",8.09114990234377,18,2019,"allegheny"
"Allegheny River.X2019.05.06",6.03170166015627,19,2019,"allegheny"
"Allegheny River.X2019.05.13",10.3355346679688,20,2019,"allegheny"
"Allegheny River.X2019.05.20",11.9739318847656,21,2019,"allegheny"
"Allegheny River.X2019.05.27",12.2278686523438,22,2019,"allegheny"
"Allegheny River.X2019.06.03",12.9314819335938,23,2019,"allegheny"
"Allegheny River.X2019.06.10",12.5505310058594,24,2019,"allegheny"
"Allegheny River.X2019.06.17",12.7886596679688,25,2019,"allegheny"
"Allegheny River.X2019.06.24",11.9099060058594,26,2019,"allegheny"
"Allegheny River.X2019.07.01",16.0678344726563,27,2019,"allegheny"
"Allegheny River.X2019.07.08",20.9497009277344,28,2019,"allegheny"
"Allegheny River.X2019.07.15",18.2999816894531,29,2019,"allegheny"
"Allegheny River.X2019.07.22",20.6140686035156,30,2019,"allegheny"
"Allegheny River.X2019.07.29",19.0103698730469,31,2019,"allegheny"
"Allegheny River.X2019.08.05",18.9778686523438,32,2019,"allegheny"
"Allegheny River.X2019.08.12",19.4319396972656,33,2019,"allegheny"
"Allegheny River.X2019.08.19",18.430810546875,34,2019,"allegheny"
"Allegheny River.X2019.08.26",19.5560546875,35,2019,"allegheny"
"Allegheny River.X2019.09.02",15.4496398925781,36,2019,"allegheny"
"Allegheny River.X2019.09.09",14.8794799804688,37,2019,"allegheny"
"Allegheny River.X2019.09.16",13.273583984375,38,2019,"allegheny"
"Allegheny River.X2019.09.23",12.1637817382813,39,2019,"allegheny"
"Allegheny River.X2019.09.30",12.345361328125,40,2019,"allegheny"
"Allegheny River.X2019.10.07",10.7853942871094,41,2019,"allegheny"
"Allegheny River.X2019.10.14",11.527734375,42,2019,"allegheny"
"Allegheny River.X2019.10.21",7.9539733886719,43,2019,"allegheny"
"Allegheny River.X2019.10.28",3.1633239746094,44,2019,"allegheny"
"Allegheny River.X2019.11.04",3.63613281250002,45,2019,"allegheny"
"Allegheny River.X2019.11.11",4.90899047851565,46,2019,"allegheny"
"Allegheny River.X2019.11.18",0.989129638671898,47,2019,"allegheny"
"Allegheny River.X2019.11.25",0.995568847656273,48,2019,"allegheny"
"Allegheny River.X2019.12.02",1.26311645507815,49,2019,"allegheny"
"Allegheny River.X2019.12.09",1.16372070312502,50,2019,"allegheny"
"Allegheny River.X2019.12.16",1.08611450195315,51,2019,"allegheny"
"Allegheny River.X2019.12.23",1.0987487792969,52,2019,"allegheny"
"Allegheny River.X2019.12.30",1.36480102539065,53,2019,"allegheny"
"Big Creek River.X2000.01.07",0.100000000000023,2,2000,"bigcreek"
"Big Creek River.X2000.01.14",0.100000000000023,3,2000,"bigcreek"
"Big Creek River.X2000.01.21",0.100000000000023,4,2000,"bigcreek"
"Big Creek River.X2000.01.28",0.100000000000023,5,2000,"bigcreek"
"Big Creek River.X2000.02.04",0.100000000000023,6,2000,"bigcreek"
"Big Creek River.X2000.02.11",0.100000000000023,7,2000,"bigcreek"
"Big Creek River.X2000.02.18",0.100000000000023,8,2000,"bigcreek"
"Big Creek River.X2000.02.25",0.100000000000023,9,2000,"bigcreek"
"Big Creek River.X2000.03.03",2.05379638671877,10,2000,"bigcreek"
"Big Creek River.X2000.03.10",0.100000000000023,11,2000,"bigcreek"
"Big Creek River.X2000.03.17",0.200158691406273,12,2000,"bigcreek"
"Big Creek River.X2000.03.24",0.509576416015648,13,2000,"bigcreek"
"Big Creek River.X2000.03.31",1.15047607421877,14,2000,"bigcreek"
"Big Creek River.X2000.04.07",0.600732421875023,15,2000,"bigcreek"
"Big Creek River.X2000.04.14",0.100000000000023,16,2000,"bigcreek"
"Big Creek River.X2000.04.21",0.100000000000023,17,2000,"bigcreek"
"Big Creek River.X2000.04.28",0.100000000000023,18,2000,"bigcreek"
"Big Creek River.X2000.05.05",0.100000000000023,19,2000,"bigcreek"
"Big Creek River.X2000.05.12",0.100000000000023,20,2000,"bigcreek"
"Big Creek River.X2000.05.19",0.100000000000023,21,2000,"bigcreek"
"Big Creek River.X2000.05.26",3.63350830078127,22,2000,"bigcreek"
"Big Creek River.X2000.06.02",14.8983703613281,23,2000,"bigcreek"
"Big Creek River.X2000.06.09",7.87789306640627,24,2000,"bigcreek"
"Big Creek River.X2000.06.16",12.1144653320313,25,2000,"bigcreek"
"Big Creek River.X2000.06.23",11.9677368164063,26,2000,"bigcreek"
"Big Creek River.X2000.06.30",17.6114440917969,27,2000,"bigcreek"
"Big Creek River.X2000.07.07",16.5168090820313,28,2000,"bigcreek"
"Big Creek River.X2000.07.14",16.1614929199219,29,2000,"bigcreek"
"Big Creek River.X2000.07.21",18.7822814941406,30,2000,"bigcreek"
"Big Creek River.X2000.07.28",15.7788635253906,31,2000,"bigcreek"
"Big Creek River.X2000.08.04",15.9701477050781,32,2000,"bigcreek"
"Big Creek River.X2000.08.11",18.4285217285156,33,2000,"bigcreek"
"Big Creek River.X2000.08.18",14.8960815429688,34,2000,"bigcreek"
"Big Creek River.X2000.08.25",14.4960876464844,35,2000,"bigcreek"
"Big Creek River.X2000.09.01",14.1790405273438,36,2000,"bigcreek"
"Big Creek River.X2000.09.08",16.3450561523438,37,2000,"bigcreek"
"Big Creek River.X2000.09.15",15.4403930664063,38,2000,"bigcreek"
"Big Creek River.X2000.09.22",11.0212951660156,39,2000,"bigcreek"
"Big Creek River.X2000.09.29",15.4961181640625,40,2000,"bigcreek"
"Big Creek River.X2000.10.06",16.9286437988281,41,2000,"bigcreek"
"Big Creek River.X2000.10.13",9.20180664062502,42,2000,"bigcreek"
"Big Creek River.X2000.10.20",9.11757812500002,43,2000,"bigcreek"
"Big Creek River.X2000.10.27",2.2216735839844,44,2000,"bigcreek"
"Big Creek River.X2000.11.03",4.03212890625002,45,2000,"bigcreek"
"Big Creek River.X2000.11.10",2.94857177734377,46,2000,"bigcreek"
"Big Creek River.X2000.11.17",5.94463500976565,47,2000,"bigcreek"
"Big Creek River.X2000.11.24",0.467828369140648,48,2000,"bigcreek"
"Big Creek River.X2000.12.01",0.275079345703148,49,2000,"bigcreek"
"Big Creek River.X2000.12.08",0.100000000000023,50,2000,"bigcreek"
"Big Creek River.X2000.12.15",0.100000000000023,51,2000,"bigcreek"
"Big Creek River.X2000.12.22",0.100000000000023,52,2000,"bigcreek"
"Big Creek River.X2000.12.29",0.100000000000023,53,2000,"bigcreek"
"Big Creek River.X2001.01.07",0.100000000000023,2,2001,"bigcreek"
"Big Creek River.X2001.01.14",0.100000000000023,3,2001,"bigcreek"
"Big Creek River.X2001.01.21",0.100000000000023,4,2001,"bigcreek"
"Big Creek River.X2001.01.28",0.100000000000023,5,2001,"bigcreek"
"Big Creek River.X2001.02.04",0.100000000000023,6,2001,"bigcreek"
"Big Creek River.X2001.02.11",0.100000000000023,7,2001,"bigcreek"
"Big Creek River.X2001.02.18",0.100000000000023,8,2001,"bigcreek"
"Big Creek River.X2001.02.25",0.100000000000023,9,2001,"bigcreek"
"Big Creek River.X2001.03.04",0.100000000000023,10,2001,"bigcreek"
"Big Creek River.X2001.03.11",0.100000000000023,11,2001,"bigcreek"
"Big Creek River.X2001.03.18",0.136041259765648,12,2001,"bigcreek"
"Big Creek River.X2001.03.25",0.413537597656273,13,2001,"bigcreek"
"Big Creek River.X2001.04.01",2.0783630371094,14,2001,"bigcreek"
"Big Creek River.X2001.04.08",0.303765869140648,15,2001,"bigcreek"
"Big Creek River.X2001.04.15",0.937066650390648,16,2001,"bigcreek"
"Big Creek River.X2001.04.22",2.35805664062502,17,2001,"bigcreek"
"Big Creek River.X2001.04.29",0.100000000000023,18,2001,"bigcreek"
"Big Creek River.X2001.05.06",0.100000000000023,19,2001,"bigcreek"
"Big Creek River.X2001.05.13",0.100000000000023,20,2001,"bigcreek"
"Big Creek River.X2001.05.20",3.5768981933594,21,2001,"bigcreek"
"Big Creek River.X2001.05.27",13.2674499511719,22,2001,"bigcreek"
"Big Creek River.X2001.06.03",9.28008422851565,23,2001,"bigcreek"
"Big Creek River.X2001.06.10",9.63884887695315,24,2001,"bigcreek"
"Big Creek River.X2001.06.17",12.2448059082031,25,2001,"bigcreek"
"Big Creek River.X2001.06.24",15.2871032714844,26,2001,"bigcreek"
"Big Creek River.X2001.07.01",17.6019836425781,27,2001,"bigcreek"
"Big Creek River.X2001.07.08",15.8389831542969,28,2001,"bigcreek"
"Big Creek River.X2001.07.15",19.3561645507813,29,2001,"bigcreek"
"Big Creek River.X2001.07.22",17.6860290527344,30,2001,"bigcreek"
"Big Creek River.X2001.07.29",13.2287231445313,31,2001,"bigcreek"
"Big Creek River.X2001.08.05",15.4972778320313,32,2001,"bigcreek"
"Big Creek River.X2001.08.12",17.9825378417969,33,2001,"bigcreek"
"Big Creek River.X2001.08.19",18.7559448242188,34,2001,"bigcreek"
"Big Creek River.X2001.08.26",18.9962097167969,35,2001,"bigcreek"
"Big Creek River.X2001.09.02",14.9100891113281,36,2001,"bigcreek"
"Big Creek River.X2001.09.09",18.4351440429688,37,2001,"bigcreek"
"Big Creek River.X2001.09.16",15.1708618164063,38,2001,"bigcreek"
"Big Creek River.X2001.09.23",11.6087280273438,39,2001,"bigcreek"
"Big Creek River.X2001.09.30",6.61251220703127,40,2001,"bigcreek"
"Big Creek River.X2001.10.07",10.5404602050781,41,2001,"bigcreek"
"Big Creek River.X2001.10.14",5.06905517578127,42,2001,"bigcreek"
"Big Creek River.X2001.10.21",6.63405761718752,43,2001,"bigcreek"
"Big Creek River.X2001.10.28",2.34234008789065,44,2001,"bigcreek"
"Big Creek River.X2001.11.04",8.77578125000002,45,2001,"bigcreek"
"Big Creek River.X2001.11.11",6.89534912109377,46,2001,"bigcreek"
"Big Creek River.X2001.11.18",0.344781494140648,47,2001,"bigcreek"
"Big Creek River.X2001.11.25",0.100000000000023,48,2001,"bigcreek"
"Big Creek River.X2001.12.02",0.100000000000023,49,2001,"bigcreek"
"Big Creek River.X2001.12.09",0.100000000000023,50,2001,"bigcreek"
"Big Creek River.X2001.12.16",0.100000000000023,51,2001,"bigcreek"
"Big Creek River.X2001.12.23",0.100000000000023,52,2001,"bigcreek"
"Big Creek River.X2001.12.30",0.100000000000023,53,2001,"bigcreek"
"Big Creek River.X2002.01.07",0.100000000000023,2,2002,"bigcreek"
"Big Creek River.X2002.01.14",0.100000000000023,3,2002,"bigcreek"
"Big Creek River.X2002.01.21",0.100000000000023,4,2002,"bigcreek"
"Big Creek River.X2002.01.28",0.100000000000023,5,2002,"bigcreek"
"Big Creek River.X2002.02.04",0.100000000000023,6,2002,"bigcreek"
"Big Creek River.X2002.02.11",0.100000000000023,7,2002,"bigcreek"
"Big Creek River.X2002.02.18",0.100000000000023,8,2002,"bigcreek"
"Big Creek River.X2002.02.25",0.100000000000023,9,2002,"bigcreek"
"Big Creek River.X2002.03.04",0.100000000000023,10,2002,"bigcreek"
"Big Creek River.X2002.03.11",0.100000000000023,11,2002,"bigcreek"
"Big Creek River.X2002.03.18",0.160516357421898,12,2002,"bigcreek"
"Big Creek River.X2002.03.25",0.100000000000023,13,2002,"bigcreek"
"Big Creek River.X2002.04.01",0.100000000000023,14,2002,"bigcreek"
"Big Creek River.X2002.04.08",0.424340820312523,15,2002,"bigcreek"
"Big Creek River.X2002.04.15",0.324700927734398,16,2002,"bigcreek"
"Big Creek River.X2002.04.22",2.9612976074219,17,2002,"bigcreek"
"Big Creek River.X2002.04.29",1.12334594726565,18,2002,"bigcreek"
"Big Creek River.X2002.05.06",0.100000000000023,19,2002,"bigcreek"
"Big Creek River.X2002.05.13",3.56768188476565,20,2002,"bigcreek"
"Big Creek River.X2002.05.20",0.100000000000023,21,2002,"bigcreek"
"Big Creek River.X2002.05.27",0.100000000000023,22,2002,"bigcreek"
"Big Creek River.X2002.06.03",8.69524536132815,23,2002,"bigcreek"
"Big Creek River.X2002.06.10",11.8727966308594,24,2002,"bigcreek"
"Big Creek River.X2002.06.17",14.9243713378906,25,2002,"bigcreek"
"Big Creek River.X2002.06.24",16.4329772949219,26,2002,"bigcreek"
"Big Creek River.X2002.07.01",16.0120178222656,27,2002,"bigcreek"
"Big Creek River.X2002.07.08",14.4019104003906,28,2002,"bigcreek"
"Big Creek River.X2002.07.15",15.5526672363281,29,2002,"bigcreek"
"Big Creek River.X2002.07.22",20.1312194824219,30,2002,"bigcreek"
"Big Creek River.X2002.07.29",16.7707153320313,31,2002,"bigcreek"
"Big Creek River.X2002.08.05",19.8380065917969,32,2002,"bigcreek"
"Big Creek River.X2002.08.12",14.4559875488281,33,2002,"bigcreek"
"Big Creek River.X2002.08.19",13.6108337402344,34,2002,"bigcreek"
"Big Creek River.X2002.08.26",17.2313171386719,35,2002,"bigcreek"
"Big Creek River.X2002.09.02",17.1396423339844,36,2002,"bigcreek"
"Big Creek River.X2002.09.09",14.980859375,37,2002,"bigcreek"
"Big Creek River.X2002.09.16",9.00985107421877,38,2002,"bigcreek"
"Big Creek River.X2002.09.23",12.1142517089844,39,2002,"bigcreek"
"Big Creek River.X2002.09.30",12.2712341308594,40,2002,"bigcreek"
"Big Creek River.X2002.10.07",11.4230895996094,41,2002,"bigcreek"
"Big Creek River.X2002.10.14",5.36068115234377,42,2002,"bigcreek"
"Big Creek River.X2002.10.21",8.22054443359377,43,2002,"bigcreek"
"Big Creek River.X2002.10.28",5.37896118164065,44,2002,"bigcreek"
"Big Creek River.X2002.11.04",4.10369262695315,45,2002,"bigcreek"
"Big Creek River.X2002.11.11",3.57558593750002,46,2002,"bigcreek"
"Big Creek River.X2002.11.18",3.01897583007815,47,2002,"bigcreek"
"Big Creek River.X2002.11.25",0.100000000000023,48,2002,"bigcreek"
"Big Creek River.X2002.12.02",0.100000000000023,49,2002,"bigcreek"
"Big Creek River.X2002.12.09",0.100000000000023,50,2002,"bigcreek"
"Big Creek River.X2002.12.16",0.231072998046898,51,2002,"bigcreek"
"Big Creek River.X2002.12.23",0.100000000000023,52,2002,"bigcreek"
"Big Creek River.X2002.12.30",0.100000000000023,53,2002,"bigcreek"
"Big Creek River.X2003.01.07",0.100000000000023,2,2003,"bigcreek"
"Big Creek River.X2003.01.14",0.100000000000023,3,2003,"bigcreek"
"Big Creek River.X2003.01.21",0.100000000000023,4,2003,"bigcreek"
"Big Creek River.X2003.01.28",0.100000000000023,5,2003,"bigcreek"
"Big Creek River.X2003.02.04",0.100000000000023,6,2003,"bigcreek"
"Big Creek River.X2003.02.11",0.100000000000023,7,2003,"bigcreek"
"Big Creek River.X2003.02.18",0.100000000000023,8,2003,"bigcreek"
"Big Creek River.X2003.02.25",0.100000000000023,9,2003,"bigcreek"
"Big Creek River.X2003.03.04",0.100000000000023,10,2003,"bigcreek"
"Big Creek River.X2003.03.11",0.187951660156273,11,2003,"bigcreek"
"Big Creek River.X2003.03.18",0.567742919921898,12,2003,"bigcreek"
"Big Creek River.X2003.03.25",0.100000000000023,13,2003,"bigcreek"
"Big Creek River.X2003.04.01",0.100000000000023,14,2003,"bigcreek"
"Big Creek River.X2003.04.08",0.100000000000023,15,2003,"bigcreek"
"Big Creek River.X2003.04.15",1.24126586914065,16,2003,"bigcreek"
"Big Creek River.X2003.04.22",1.81270751953127,17,2003,"bigcreek"
"Big Creek River.X2003.04.29",1.74666748046877,18,2003,"bigcreek"
"Big Creek River.X2003.05.06",0.100000000000023,19,2003,"bigcreek"
"Big Creek River.X2003.05.13",0.100000000000023,20,2003,"bigcreek"
"Big Creek River.X2003.05.20",0.100000000000023,21,2003,"bigcreek"
"Big Creek River.X2003.05.27",1.30178222656252,22,2003,"bigcreek"
"Big Creek River.X2003.06.03",7.4416442871094,23,2003,"bigcreek"
"Big Creek River.X2003.06.10",10.49501953125,24,2003,"bigcreek"
"Big Creek River.X2003.06.17",11.3043762207031,25,2003,"bigcreek"
"Big Creek River.X2003.06.24",12.4456726074219,26,2003,"bigcreek"
"Big Creek River.X2003.07.01",15.1521850585938,27,2003,"bigcreek"
"Big Creek River.X2003.07.08",18.0320678710938,28,2003,"bigcreek"
"Big Creek River.X2003.07.15",20.4745727539063,29,2003,"bigcreek"
"Big Creek River.X2003.07.22",17.0248962402344,30,2003,"bigcreek"
"Big Creek River.X2003.07.29",15.6810546875,31,2003,"bigcreek"
"Big Creek River.X2003.08.05",17.9594055175781,32,2003,"bigcreek"
"Big Creek River.X2003.08.12",16.0632568359375,33,2003,"bigcreek"
"Big Creek River.X2003.08.19",14.2942443847656,34,2003,"bigcreek"
"Big Creek River.X2003.08.26",13.1174255371094,35,2003,"bigcreek"
"Big Creek River.X2003.09.02",13.1581665039063,36,2003,"bigcreek"
"Big Creek River.X2003.09.09",10.5359436035156,37,2003,"bigcreek"
"Big Creek River.X2003.09.16",6.67009887695315,38,2003,"bigcreek"
"Big Creek River.X2003.09.23",11.5281311035156,39,2003,"bigcreek"
"Big Creek River.X2003.09.30",10.3122192382813,40,2003,"bigcreek"
"Big Creek River.X2003.10.07",10.2426696777344,41,2003,"bigcreek"
"Big Creek River.X2003.10.14",9.70058593750002,42,2003,"bigcreek"
"Big Creek River.X2003.10.21",4.69936523437502,43,2003,"bigcreek"
"Big Creek River.X2003.10.28",5.57525024414065,44,2003,"bigcreek"
"Big Creek River.X2003.11.04",1.69317016601565,45,2003,"bigcreek"
"Big Creek River.X2003.11.11",5.64083251953127,46,2003,"bigcreek"
"Big Creek River.X2003.11.18",2.26723632812502,47,2003,"bigcreek"
"Big Creek River.X2003.11.25",0.513909912109398,48,2003,"bigcreek"
"Big Creek River.X2003.12.02",0.522546386718773,49,2003,"bigcreek"
"Big Creek River.X2003.12.09",1.32436523437502,50,2003,"bigcreek"
"Big Creek River.X2003.12.16",0.320062255859398,51,2003,"bigcreek"
"Big Creek River.X2003.12.23",0.100000000000023,52,2003,"bigcreek"
"Big Creek River.X2003.12.30",0.100000000000023,53,2003,"bigcreek"
"Big Creek River.X2004.01.07",0.100000000000023,2,2004,"bigcreek"
"Big Creek River.X2004.01.14",0.100000000000023,3,2004,"bigcreek"
"Big Creek River.X2004.01.21",0.100000000000023,4,2004,"bigcreek"
"Big Creek River.X2004.01.28",0.100000000000023,5,2004,"bigcreek"
"Big Creek River.X2004.02.04",0.100000000000023,6,2004,"bigcreek"
"Big Creek River.X2004.02.11",0.100000000000023,7,2004,"bigcreek"
"Big Creek River.X2004.02.18",0.534509277343773,8,2004,"bigcreek"
"Big Creek River.X2004.02.25",0.359613037109398,9,2004,"bigcreek"
"Big Creek River.X2004.03.03",0.231683349609398,10,2004,"bigcreek"
"Big Creek River.X2004.03.10",0.399530029296898,11,2004,"bigcreek"
"Big Creek River.X2004.03.17",2.8494812011719,12,2004,"bigcreek"
"Big Creek River.X2004.03.24",0.100000000000023,13,2004,"bigcreek"
"Big Creek River.X2004.03.31",0.100000000000023,14,2004,"bigcreek"
"Big Creek River.X2004.04.07",4.55559692382815,15,2004,"bigcreek"
"Big Creek River.X2004.04.14",6.58657226562502,16,2004,"bigcreek"
"Big Creek River.X2004.04.21",7.96907958984377,17,2004,"bigcreek"
"Big Creek River.X2004.04.28",5.9765563964844,18,2004,"bigcreek"
"Big Creek River.X2004.05.05",7.31600341796877,19,2004,"bigcreek"
"Big Creek River.X2004.05.12",13.4356323242188,20,2004,"bigcreek"
"Big Creek River.X2004.05.19",9.99410400390627,21,2004,"bigcreek"
"Big Creek River.X2004.05.26",16.6107116699219,22,2004,"bigcreek"
"Big Creek River.X2004.06.02",11.9628540039063,23,2004,"bigcreek"
"Big Creek River.X2004.06.09",13.8012634277344,24,2004,"bigcreek"
"Big Creek River.X2004.06.16",12.4442687988281,25,2004,"bigcreek"
"Big Creek River.X2004.06.23",13.8780456542969,26,2004,"bigcreek"
"Big Creek River.X2004.06.30",19.271875,27,2004,"bigcreek"
"Big Creek River.X2004.07.07",14.7214904785156,28,2004,"bigcreek"
"Big Creek River.X2004.07.14",14.0142456054688,29,2004,"bigcreek"
"Big Creek River.X2004.07.21",16.4495788574219,30,2004,"bigcreek"
"Big Creek River.X2004.07.28",17.3265625,31,2004,"bigcreek"
"Big Creek River.X2004.08.04",15.4033142089844,32,2004,"bigcreek"
"Big Creek River.X2004.08.11",15.1502014160156,33,2004,"bigcreek"
"Big Creek River.X2004.08.18",15.2087646484375,34,2004,"bigcreek"
"Big Creek River.X2004.08.25",12.4159790039063,35,2004,"bigcreek"
"Big Creek River.X2004.09.01",14.15859375,36,2004,"bigcreek"
"Big Creek River.X2004.09.08",13.615380859375,37,2004,"bigcreek"
"Big Creek River.X2004.09.15",12.5852905273438,38,2004,"bigcreek"
"Big Creek River.X2004.09.22",11.1099792480469,39,2004,"bigcreek"
"Big Creek River.X2004.09.29",18.3833862304688,40,2004,"bigcreek"
"Big Creek River.X2004.10.06",16.825830078125,41,2004,"bigcreek"
"Big Creek River.X2004.10.13",9.21358642578127,42,2004,"bigcreek"
"Big Creek River.X2004.10.20",8.49990234375002,43,2004,"bigcreek"
"Big Creek River.X2004.10.27",7.43245849609377,44,2004,"bigcreek"
"Big Creek River.X2004.11.03",3.5108581542969,45,2004,"bigcreek"
"Big Creek River.X2004.11.10",3.47222290039065,46,2004,"bigcreek"
"Big Creek River.X2004.11.17",1.5454040527344,47,2004,"bigcreek"
"Big Creek River.X2004.11.24",0.362786865234398,48,2004,"bigcreek"
"Big Creek River.X2004.12.01",0.155328369140648,49,2004,"bigcreek"
"Big Creek River.X2004.12.08",0.100000000000023,50,2004,"bigcreek"
"Big Creek River.X2004.12.15",0.100000000000023,51,2004,"bigcreek"
"Big Creek River.X2004.12.22",0.100000000000023,52,2004,"bigcreek"
"Big Creek River.X2004.12.29",0.100000000000023,53,2004,"bigcreek"
"Big Creek River.X2005.01.07",0.100000000000023,2,2005,"bigcreek"
"Big Creek River.X2005.01.14",0.100000000000023,3,2005,"bigcreek"
"Big Creek River.X2005.01.21",0.100000000000023,4,2005,"bigcreek"
"Big Creek River.X2005.01.28",0.100000000000023,5,2005,"bigcreek"
"Big Creek River.X2005.02.04",0.100000000000023,6,2005,"bigcreek"
"Big Creek River.X2005.02.11",0.100000000000023,7,2005,"bigcreek"
"Big Creek River.X2005.02.18",0.100000000000023,8,2005,"bigcreek"
"Big Creek River.X2005.02.25",0.100000000000023,9,2005,"bigcreek"
"Big Creek River.X2005.03.04",0.100000000000023,10,2005,"bigcreek"
"Big Creek River.X2005.03.11",0.100000000000023,11,2005,"bigcreek"
"Big Creek River.X2005.03.18",0.100000000000023,12,2005,"bigcreek"
"Big Creek River.X2005.03.25",0.100000000000023,13,2005,"bigcreek"
"Big Creek River.X2005.04.01",0.491174316406273,14,2005,"bigcreek"
"Big Creek River.X2005.04.08",0.100000000000023,15,2005,"bigcreek"
"Big Creek River.X2005.04.15",3.02288208007815,16,2005,"bigcreek"
"Big Creek River.X2005.04.22",0.652490234375023,17,2005,"bigcreek"
"Big Creek River.X2005.04.29",2.42998657226565,18,2005,"bigcreek"
"Big Creek River.X2005.05.06",0.100000000000023,19,2005,"bigcreek"
"Big Creek River.X2005.05.13",0.100000000000023,20,2005,"bigcreek"
"Big Creek River.X2005.05.20",2.4072204589844,21,2005,"bigcreek"
"Big Creek River.X2005.05.27",10.5744873046875,22,2005,"bigcreek"
"Big Creek River.X2005.06.03",8.64913330078127,23,2005,"bigcreek"
"Big Creek River.X2005.06.10",8.98104248046877,24,2005,"bigcreek"
"Big Creek River.X2005.06.17",10.7943359375,25,2005,"bigcreek"
"Big Creek River.X2005.06.24",9.58693847656252,26,2005,"bigcreek"
"Big Creek River.X2005.07.01",12.1059509277344,27,2005,"bigcreek"
"Big Creek River.X2005.07.08",16.1106506347656,28,2005,"bigcreek"
"Big Creek River.X2005.07.15",18.883935546875,29,2005,"bigcreek"
"Big Creek River.X2005.07.22",18.5458923339844,30,2005,"bigcreek"
"Big Creek River.X2005.07.29",18.422509765625,31,2005,"bigcreek"
"Big Creek River.X2005.08.05",14.1699157714844,32,2005,"bigcreek"
"Big Creek River.X2005.08.12",14.8893981933594,33,2005,"bigcreek"
"Big Creek River.X2005.08.19",17.4239135742188,34,2005,"bigcreek"
"Big Creek River.X2005.08.26",11.4367614746094,35,2005,"bigcreek"
"Big Creek River.X2005.09.02",15.5181823730469,36,2005,"bigcreek"
"Big Creek River.X2005.09.09",15.9134460449219,37,2005,"bigcreek"
"Big Creek River.X2005.09.16",9.09499511718752,38,2005,"bigcreek"
"Big Creek River.X2005.09.23",8.80217895507815,39,2005,"bigcreek"
"Big Creek River.X2005.09.30",9.12130126953127,40,2005,"bigcreek"
"Big Creek River.X2005.10.07",8.91542968750002,41,2005,"bigcreek"
"Big Creek River.X2005.10.14",11.7529235839844,42,2005,"bigcreek"
"Big Creek River.X2005.10.21",7.32122192382815,43,2005,"bigcreek"
"Big Creek River.X2005.10.28",6.10906372070315,44,2005,"bigcreek"
"Big Creek River.X2005.11.04",4.78634033203127,45,2005,"bigcreek"
"Big Creek River.X2005.11.11",6.6340270996094,46,2005,"bigcreek"
"Big Creek River.X2005.11.18",0.901971435546898,47,2005,"bigcreek"
"Big Creek River.X2005.11.25",0.434747314453148,48,2005,"bigcreek"
"Big Creek River.X2005.12.02",0.403405761718773,49,2005,"bigcreek"
"Big Creek River.X2005.12.09",0.691247558593773,50,2005,"bigcreek"
"Big Creek River.X2005.12.16",0.548822021484398,51,2005,"bigcreek"
"Big Creek River.X2005.12.23",0.100000000000023,52,2005,"bigcreek"
"Big Creek River.X2005.12.30",0.100000000000023,53,2005,"bigcreek"
"Big Creek River.X2006.01.07",0.100000000000023,2,2006,"bigcreek"
"Big Creek River.X2006.01.14",0.100000000000023,3,2006,"bigcreek"
"Big Creek River.X2006.01.21",0.100000000000023,4,2006,"bigcreek"
"Big Creek River.X2006.01.28",0.100000000000023,5,2006,"bigcreek"
"Big Creek River.X2006.02.04",0.100000000000023,6,2006,"bigcreek"
"Big Creek River.X2006.02.11",0.100000000000023,7,2006,"bigcreek"
"Big Creek River.X2006.02.18",0.100000000000023,8,2006,"bigcreek"
"Big Creek River.X2006.02.25",0.100000000000023,9,2006,"bigcreek"
"Big Creek River.X2006.03.04",0.100000000000023,10,2006,"bigcreek"
"Big Creek River.X2006.03.11",0.100000000000023,11,2006,"bigcreek"
"Big Creek River.X2006.03.18",0.100000000000023,12,2006,"bigcreek"
"Big Creek River.X2006.03.25",0.321557617187523,13,2006,"bigcreek"
"Big Creek River.X2006.04.01",1.15511474609377,14,2006,"bigcreek"
"Big Creek River.X2006.04.08",0.401635742187523,15,2006,"bigcreek"
"Big Creek River.X2006.04.15",0.841882324218773,16,2006,"bigcreek"
"Big Creek River.X2006.04.22",2.88115844726565,17,2006,"bigcreek"
"Big Creek River.X2006.04.29",0.100000000000023,18,2006,"bigcreek"
"Big Creek River.X2006.05.06",0.100000000000023,19,2006,"bigcreek"
"Big Creek River.X2006.05.13",0.100000000000023,20,2006,"bigcreek"
"Big Creek River.X2006.05.20",2.82265625000002,21,2006,"bigcreek"
"Big Creek River.X2006.05.27",11.6990600585938,22,2006,"bigcreek"
"Big Creek River.X2006.06.03",10.770654296875,23,2006,"bigcreek"
"Big Creek River.X2006.06.10",13.316064453125,24,2006,"bigcreek"
"Big Creek River.X2006.06.17",15.8294616699219,25,2006,"bigcreek"
"Big Creek River.X2006.06.24",12.395166015625,26,2006,"bigcreek"
"Big Creek River.X2006.07.01",15.7521606445313,27,2006,"bigcreek"
"Big Creek River.X2006.07.08",19.2193542480469,28,2006,"bigcreek"
"Big Creek River.X2006.07.15",19.83828125,29,2006,"bigcreek"
"Big Creek River.X2006.07.22",20.697412109375,30,2006,"bigcreek"
"Big Creek River.X2006.07.29",16.3381286621094,31,2006,"bigcreek"
"Big Creek River.X2006.08.05",16.1073547363281,32,2006,"bigcreek"
"Big Creek River.X2006.08.12",15.1415954589844,33,2006,"bigcreek"
"Big Creek River.X2006.08.19",12.7379089355469,34,2006,"bigcreek"
"Big Creek River.X2006.08.26",12.9565673828125,35,2006,"bigcreek"
"Big Creek River.X2006.09.02",13.8502136230469,36,2006,"bigcreek"
"Big Creek River.X2006.09.09",14.7360168457031,37,2006,"bigcreek"
"Big Creek River.X2006.09.16",13.0041137695313,38,2006,"bigcreek"
"Big Creek River.X2006.09.23",12.8924194335938,39,2006,"bigcreek"
"Big Creek River.X2006.09.30",12.952783203125,40,2006,"bigcreek"
"Big Creek River.X2006.10.07",6.99041137695315,41,2006,"bigcreek"
"Big Creek River.X2006.10.14",11.1783386230469,42,2006,"bigcreek"
"Big Creek River.X2006.10.21",7.76506958007815,43,2006,"bigcreek"
"Big Creek River.X2006.10.28",8.67092285156252,44,2006,"bigcreek"
"Big Creek River.X2006.11.04",11.8102966308594,45,2006,"bigcreek"
"Big Creek River.X2006.11.11",4.76497802734377,46,2006,"bigcreek"
"Big Creek River.X2006.11.18",3.85311279296877,47,2006,"bigcreek"
"Big Creek River.X2006.11.25",1.5956970214844,48,2006,"bigcreek"
"Big Creek River.X2006.12.02",0.100000000000023,49,2006,"bigcreek"
"Big Creek River.X2006.12.09",0.100000000000023,50,2006,"bigcreek"
"Big Creek River.X2006.12.16",0.100000000000023,51,2006,"bigcreek"
"Big Creek River.X2006.12.23",0.100000000000023,52,2006,"bigcreek"
"Big Creek River.X2006.12.30",0.100000000000023,53,2006,"bigcreek"
"Big Creek River.X2007.01.07",0.100000000000023,2,2007,"bigcreek"
"Big Creek River.X2007.01.14",0.100000000000023,3,2007,"bigcreek"
"Big Creek River.X2007.01.21",0.100000000000023,4,2007,"bigcreek"
"Big Creek River.X2007.01.28",0.100000000000023,5,2007,"bigcreek"
"Big Creek River.X2007.02.04",0.100000000000023,6,2007,"bigcreek"
"Big Creek River.X2007.02.11",0.100000000000023,7,2007,"bigcreek"
"Big Creek River.X2007.02.18",0.100000000000023,8,2007,"bigcreek"
"Big Creek River.X2007.02.25",0.100000000000023,9,2007,"bigcreek"
"Big Creek River.X2007.03.04",0.100000000000023,10,2007,"bigcreek"
"Big Creek River.X2007.03.11",0.100000000000023,11,2007,"bigcreek"
"Big Creek River.X2007.03.18",0.100000000000023,12,2007,"bigcreek"
"Big Creek River.X2007.03.25",0.100000000000023,13,2007,"bigcreek"
"Big Creek River.X2007.04.01",0.261712646484398,14,2007,"bigcreek"
"Big Creek River.X2007.04.08",1.67080078125002,15,2007,"bigcreek"
"Big Creek River.X2007.04.15",0.100000000000023,16,2007,"bigcreek"
"Big Creek River.X2007.04.22",3.3019958496094,17,2007,"bigcreek"
"Big Creek River.X2007.04.29",1.74257812500002,18,2007,"bigcreek"
"Big Creek River.X2007.05.06",0.100000000000023,19,2007,"bigcreek"
"Big Creek River.X2007.05.13",3.11016235351565,20,2007,"bigcreek"
"Big Creek River.X2007.05.20",8.58809814453127,21,2007,"bigcreek"
"Big Creek River.X2007.05.27",12.4891906738281,22,2007,"bigcreek"
"Big Creek River.X2007.06.03",10.9255310058594,23,2007,"bigcreek"
"Big Creek River.X2007.06.10",10.7636047363281,24,2007,"bigcreek"
"Big Creek River.X2007.06.17",10.0880676269531,25,2007,"bigcreek"
"Big Creek River.X2007.06.24",14.2423950195313,26,2007,"bigcreek"
"Big Creek River.X2007.07.01",14.7735534667969,27,2007,"bigcreek"
"Big Creek River.X2007.07.08",20.3371215820313,28,2007,"bigcreek"
"Big Creek River.X2007.07.15",18.7842651367188,29,2007,"bigcreek"
"Big Creek River.X2007.07.22",17.0081115722656,30,2007,"bigcreek"
"Big Creek River.X2007.07.29",19.7301574707031,31,2007,"bigcreek"
"Big Creek River.X2007.08.05",21.4880310058594,32,2007,"bigcreek"
"Big Creek River.X2007.08.12",18.8676391601563,33,2007,"bigcreek"
"Big Creek River.X2007.08.19",17.6163879394531,34,2007,"bigcreek"
"Big Creek River.X2007.08.26",11.7753234863281,35,2007,"bigcreek"
"Big Creek River.X2007.09.02",15.9003234863281,36,2007,"bigcreek"
"Big Creek River.X2007.09.09",13.2301879882813,37,2007,"bigcreek"
"Big Creek River.X2007.09.16",12.3508544921875,38,2007,"bigcreek"
"Big Creek River.X2007.09.23",9.87349853515627,39,2007,"bigcreek"
"Big Creek River.X2007.09.30",6.31191406250002,40,2007,"bigcreek"
"Big Creek River.X2007.10.07",4.58565673828127,41,2007,"bigcreek"
"Big Creek River.X2007.10.14",7.91533813476565,42,2007,"bigcreek"
"Big Creek River.X2007.10.21",8.6688171386719,43,2007,"bigcreek"
"Big Creek River.X2007.10.28",5.61861572265627,44,2007,"bigcreek"
"Big Creek River.X2007.11.04",4.49089965820315,45,2007,"bigcreek"
"Big Creek River.X2007.11.11",2.42379150390627,46,2007,"bigcreek"
"Big Creek River.X2007.11.18",2.60579833984377,47,2007,"bigcreek"
"Big Creek River.X2007.11.25",1.05327758789065,48,2007,"bigcreek"
"Big Creek River.X2007.12.02",0.100000000000023,49,2007,"bigcreek"
"Big Creek River.X2007.12.09",0.100000000000023,50,2007,"bigcreek"
"Big Creek River.X2007.12.16",0.100000000000023,51,2007,"bigcreek"
"Big Creek River.X2007.12.23",0.100000000000023,52,2007,"bigcreek"
"Big Creek River.X2007.12.30",0.100000000000023,53,2007,"bigcreek"
"Big Creek River.X2008.01.07",0.100000000000023,2,2008,"bigcreek"
"Big Creek River.X2008.01.14",0.100000000000023,3,2008,"bigcreek"
"Big Creek River.X2008.01.21",0.100000000000023,4,2008,"bigcreek"
"Big Creek River.X2008.01.28",0.100000000000023,5,2008,"bigcreek"
"Big Creek River.X2008.02.04",0.100000000000023,6,2008,"bigcreek"
"Big Creek River.X2008.02.11",0.100000000000023,7,2008,"bigcreek"
"Big Creek River.X2008.02.18",0.100000000000023,8,2008,"bigcreek"
"Big Creek River.X2008.02.25",0.100000000000023,9,2008,"bigcreek"
"Big Creek River.X2008.03.03",0.100000000000023,10,2008,"bigcreek"
"Big Creek River.X2008.03.10",0.162042236328148,11,2008,"bigcreek"
"Big Creek River.X2008.03.17",0.100000000000023,12,2008,"bigcreek"
"Big Creek River.X2008.03.24",2.89187011718752,13,2008,"bigcreek"
"Big Creek River.X2008.03.31",2.2611022949219,14,2008,"bigcreek"
"Big Creek River.X2008.04.07",0.498681640625023,15,2008,"bigcreek"
"Big Creek River.X2008.04.14",4.2379089355469,16,2008,"bigcreek"
"Big Creek River.X2008.04.21",0.747796630859398,17,2008,"bigcreek"
"Big Creek River.X2008.04.28",0.100000000000023,18,2008,"bigcreek"
"Big Creek River.X2008.05.05",10.1072326660156,19,2008,"bigcreek"
"Big Creek River.X2008.05.12",11.5129943847656,20,2008,"bigcreek"
"Big Creek River.X2008.05.19",11.9415222167969,21,2008,"bigcreek"
"Big Creek River.X2008.05.26",11.4504943847656,22,2008,"bigcreek"
"Big Creek River.X2008.06.02",11.4067321777344,23,2008,"bigcreek"
"Big Creek River.X2008.06.09",15.3348327636719,24,2008,"bigcreek"
"Big Creek River.X2008.06.16",15.7154479980469,25,2008,"bigcreek"
"Big Creek River.X2008.06.23",21.5570922851563,26,2008,"bigcreek"
"Big Creek River.X2008.06.30",15.4851623535156,27,2008,"bigcreek"
"Big Creek River.X2008.07.07",19.560205078125,28,2008,"bigcreek"
"Big Creek River.X2008.07.14",19.9720092773438,29,2008,"bigcreek"
"Big Creek River.X2008.07.21",19.3150573730469,30,2008,"bigcreek"
"Big Creek River.X2008.07.28",20.803857421875,31,2008,"bigcreek"
"Big Creek River.X2008.08.04",17.7691284179688,32,2008,"bigcreek"
"Big Creek River.X2008.08.11",18.7097412109375,33,2008,"bigcreek"
"Big Creek River.X2008.08.18",12.6804748535156,34,2008,"bigcreek"
"Big Creek River.X2008.08.25",15.7468811035156,35,2008,"bigcreek"
"Big Creek River.X2008.09.01",12.237939453125,36,2008,"bigcreek"
"Big Creek River.X2008.09.08",15.0793090820313,37,2008,"bigcreek"
"Big Creek River.X2008.09.15",13.6863342285156,38,2008,"bigcreek"
"Big Creek River.X2008.09.22",16.0998474121094,39,2008,"bigcreek"
"Big Creek River.X2008.09.29",9.1348815917969,40,2008,"bigcreek"
"Big Creek River.X2008.10.06",12.9567810058594,41,2008,"bigcreek"
"Big Creek River.X2008.10.13",9.27388916015627,42,2008,"bigcreek"
"Big Creek River.X2008.10.20",7.1380554199219,43,2008,"bigcreek"
"Big Creek River.X2008.10.27",9.1241394042969,44,2008,"bigcreek"
"Big Creek River.X2008.11.03",7.66744384765627,45,2008,"bigcreek"
"Big Creek River.X2008.11.10",1.5899597167969,46,2008,"bigcreek"
"Big Creek River.X2008.11.17",0.100000000000023,47,2008,"bigcreek"
"Big Creek River.X2008.11.24",0.964532470703148,48,2008,"bigcreek"
"Big Creek River.X2008.12.01",0.100000000000023,49,2008,"bigcreek"
"Big Creek River.X2008.12.08",0.320031738281273,50,2008,"bigcreek"
"Big Creek River.X2008.12.15",0.100000000000023,51,2008,"bigcreek"
"Big Creek River.X2008.12.22",0.100000000000023,52,2008,"bigcreek"
"Big Creek River.X2008.12.29",0.100000000000023,53,2008,"bigcreek"
"Big Creek River.X2009.01.07",0.100000000000023,2,2009,"bigcreek"
"Big Creek River.X2009.01.14",0.100000000000023,3,2009,"bigcreek"
"Big Creek River.X2009.01.21",0.100000000000023,4,2009,"bigcreek"
"Big Creek River.X2009.01.28",0.100000000000023,5,2009,"bigcreek"
"Big Creek River.X2009.02.04",0.100000000000023,6,2009,"bigcreek"
"Big Creek River.X2009.02.11",0.138330078125023,7,2009,"bigcreek"
"Big Creek River.X2009.02.18",0.100000000000023,8,2009,"bigcreek"
"Big Creek River.X2009.02.25",0.875604248046898,9,2009,"bigcreek"
"Big Creek River.X2009.03.04",0.100000000000023,10,2009,"bigcreek"
"Big Creek River.X2009.03.11",2.33733520507815,11,2009,"bigcreek"
"Big Creek River.X2009.03.18",1.3843933105469,12,2009,"bigcreek"
"Big Creek River.X2009.03.25",0.792596435546898,13,2009,"bigcreek"
"Big Creek River.X2009.04.01",0.118218994140648,14,2009,"bigcreek"
"Big Creek River.X2009.04.08",2.03435668945315,15,2009,"bigcreek"
"Big Creek River.X2009.04.15",0.880090332031273,16,2009,"bigcreek"
"Big Creek River.X2009.04.22",1.2099548339844,17,2009,"bigcreek"
"Big Creek River.X2009.04.29",7.05889282226565,18,2009,"bigcreek"
"Big Creek River.X2009.05.06",7.58461914062502,19,2009,"bigcreek"
"Big Creek River.X2009.05.13",10.9463439941406,20,2009,"bigcreek"
"Big Creek River.X2009.05.20",8.06963500976565,21,2009,"bigcreek"
"Big Creek River.X2009.05.27",14.3289123535156,22,2009,"bigcreek"
"Big Creek River.X2009.06.03",16.4373718261719,23,2009,"bigcreek"
"Big Creek River.X2009.06.10",15.131005859375,24,2009,"bigcreek"
"Big Creek River.X2009.06.17",18.4913269042969,25,2009,"bigcreek"
"Big Creek River.X2009.06.24",20.8782287597656,26,2009,"bigcreek"
"Big Creek River.X2009.07.01",17.3868957519531,27,2009,"bigcreek"
"Big Creek River.X2009.07.08",18.2929016113281,28,2009,"bigcreek"
"Big Creek River.X2009.07.15",19.0183654785156,29,2009,"bigcreek"
"Big Creek River.X2009.07.22",18.5625549316406,30,2009,"bigcreek"
"Big Creek River.X2009.07.29",20.1941772460938,31,2009,"bigcreek"
"Big Creek River.X2009.08.05",21.2467590332031,32,2009,"bigcreek"
"Big Creek River.X2009.08.12",18.2466979980469,33,2009,"bigcreek"
"Big Creek River.X2009.08.19",16.2218566894531,34,2009,"bigcreek"
"Big Creek River.X2009.08.26",16.6778503417969,35,2009,"bigcreek"
"Big Creek River.X2009.09.02",13.7764221191406,36,2009,"bigcreek"
"Big Creek River.X2009.09.09",14.0630432128906,37,2009,"bigcreek"
"Big Creek River.X2009.09.16",11.0425354003906,38,2009,"bigcreek"
"Big Creek River.X2009.09.23",13.4351440429688,39,2009,"bigcreek"
"Big Creek River.X2009.09.30",7.93047485351565,40,2009,"bigcreek"
"Big Creek River.X2009.10.07",9.23943481445315,41,2009,"bigcreek"
"Big Creek River.X2009.10.14",7.0989929199219,42,2009,"bigcreek"
"Big Creek River.X2009.10.21",6.01741943359377,43,2009,"bigcreek"
"Big Creek River.X2009.10.28",2.4135681152344,44,2009,"bigcreek"
"Big Creek River.X2009.11.04",0.100000000000023,45,2009,"bigcreek"
"Big Creek River.X2009.11.11",3.88540039062502,46,2009,"bigcreek"
"Big Creek River.X2009.11.18",1.3769470214844,47,2009,"bigcreek"
"Big Creek River.X2009.11.25",1.01275024414065,48,2009,"bigcreek"
"Big Creek River.X2009.12.02",0.100000000000023,49,2009,"bigcreek"
"Big Creek River.X2009.12.09",0.100000000000023,50,2009,"bigcreek"
"Big Creek River.X2009.12.16",0.100000000000023,51,2009,"bigcreek"
"Big Creek River.X2009.12.23",0.100000000000023,52,2009,"bigcreek"
"Big Creek River.X2009.12.30",0.100000000000023,53,2009,"bigcreek"
"Big Creek River.X2010.01.07",0.100000000000023,2,2010,"bigcreek"
"Big Creek River.X2010.01.14",0.100000000000023,3,2010,"bigcreek"
"Big Creek River.X2010.01.21",0.100000000000023,4,2010,"bigcreek"
"Big Creek River.X2010.01.28",0.100000000000023,5,2010,"bigcreek"
"Big Creek River.X2010.02.04",0.100000000000023,6,2010,"bigcreek"
"Big Creek River.X2010.02.11",0.100000000000023,7,2010,"bigcreek"
"Big Creek River.X2010.02.18",0.100000000000023,8,2010,"bigcreek"
"Big Creek River.X2010.02.25",0.100000000000023,9,2010,"bigcreek"
"Big Creek River.X2010.03.04",0.100000000000023,10,2010,"bigcreek"
"Big Creek River.X2010.03.11",0.100000000000023,11,2010,"bigcreek"
"Big Creek River.X2010.03.18",0.100000000000023,12,2010,"bigcreek"
"Big Creek River.X2010.03.25",0.105584716796898,13,2010,"bigcreek"
"Big Creek River.X2010.04.01",0.100000000000023,14,2010,"bigcreek"
"Big Creek River.X2010.04.08",0.100000000000023,15,2010,"bigcreek"
"Big Creek River.X2010.04.15",0.822686767578148,16,2010,"bigcreek"
"Big Creek River.X2010.04.22",5.53850708007815,17,2010,"bigcreek"
"Big Creek River.X2010.04.29",0.998529052734398,18,2010,"bigcreek"
"Big Creek River.X2010.05.06",6.0230651855469,19,2010,"bigcreek"
"Big Creek River.X2010.05.13",8.39156494140627,20,2010,"bigcreek"
"Big Creek River.X2010.05.20",7.6684509277344,21,2010,"bigcreek"
"Big Creek River.X2010.05.27",11.7754760742188,22,2010,"bigcreek"
"Big Creek River.X2010.06.03",12.0489135742188,23,2010,"bigcreek"
"Big Creek River.X2010.06.10",13.9050537109375,24,2010,"bigcreek"
"Big Creek River.X2010.06.17",17.444970703125,25,2010,"bigcreek"
"Big Creek River.X2010.06.24",19.2487731933594,26,2010,"bigcreek"
"Big Creek River.X2010.07.01",19.20693359375,27,2010,"bigcreek"
"Big Creek River.X2010.07.08",19.6036010742188,28,2010,"bigcreek"
"Big Creek River.X2010.07.15",21.6214233398438,29,2010,"bigcreek"
"Big Creek River.X2010.07.22",22.1825805664063,30,2010,"bigcreek"
"Big Creek River.X2010.07.29",21.8499084472656,31,2010,"bigcreek"
"Big Creek River.X2010.08.05",21.8594299316406,32,2010,"bigcreek"
"Big Creek River.X2010.08.12",22.0017944335938,33,2010,"bigcreek"
"Big Creek River.X2010.08.19",18.638330078125,34,2010,"bigcreek"
"Big Creek River.X2010.08.26",17.7036682128906,35,2010,"bigcreek"
"Big Creek River.X2010.09.02",17.9730773925781,36,2010,"bigcreek"
"Big Creek River.X2010.09.09",17.1208435058594,37,2010,"bigcreek"
"Big Creek River.X2010.09.16",9.2759948730469,38,2010,"bigcreek"
"Big Creek River.X2010.09.23",13.7913757324219,39,2010,"bigcreek"
"Big Creek River.X2010.09.30",14.1647277832031,40,2010,"bigcreek"
"Big Creek River.X2010.10.07",10.3393493652344,41,2010,"bigcreek"
"Big Creek River.X2010.10.14",11.6197448730469,42,2010,"bigcreek"
"Big Creek River.X2010.10.21",8.8402038574219,43,2010,"bigcreek"
"Big Creek River.X2010.10.28",2.49233398437502,44,2010,"bigcreek"
"Big Creek River.X2010.11.04",3.5512634277344,45,2010,"bigcreek"
"Big Creek River.X2010.11.11",3.8955017089844,46,2010,"bigcreek"
"Big Creek River.X2010.11.18",0.259271240234398,47,2010,"bigcreek"
"Big Creek River.X2010.11.25",0.100000000000023,48,2010,"bigcreek"
"Big Creek River.X2010.12.02",0.100000000000023,49,2010,"bigcreek"
"Big Creek River.X2010.12.09",0.100000000000023,50,2010,"bigcreek"
"Big Creek River.X2010.12.16",0.100000000000023,51,2010,"bigcreek"
"Big Creek River.X2010.12.23",0.100000000000023,52,2010,"bigcreek"
"Big Creek River.X2010.12.30",0.100000000000023,53,2010,"bigcreek"
"Big Creek River.X2011.01.07",0.100000000000023,2,2011,"bigcreek"
"Big Creek River.X2011.01.14",0.100000000000023,3,2011,"bigcreek"
"Big Creek River.X2011.01.21",0.100000000000023,4,2011,"bigcreek"
"Big Creek River.X2011.01.28",0.100000000000023,5,2011,"bigcreek"
"Big Creek River.X2011.02.04",0.100000000000023,6,2011,"bigcreek"
"Big Creek River.X2011.02.11",0.100000000000023,7,2011,"bigcreek"
"Big Creek River.X2011.02.18",0.100000000000023,8,2011,"bigcreek"
"Big Creek River.X2011.02.25",0.100000000000023,9,2011,"bigcreek"
"Big Creek River.X2011.03.04",0.100000000000023,10,2011,"bigcreek"
"Big Creek River.X2011.03.11",0.100000000000023,11,2011,"bigcreek"
"Big Creek River.X2011.03.18",0.100000000000023,12,2011,"bigcreek"
"Big Creek River.X2011.03.25",0.100000000000023,13,2011,"bigcreek"
"Big Creek River.X2011.04.01",0.100000000000023,14,2011,"bigcreek"
"Big Creek River.X2011.04.08",1.01424560546877,15,2011,"bigcreek"
"Big Creek River.X2011.04.15",2.63985595703127,16,2011,"bigcreek"
"Big Creek River.X2011.04.22",4.83699951171877,17,2011,"bigcreek"
"Big Creek River.X2011.04.29",0.100000000000023,18,2011,"bigcreek"
"Big Creek River.X2011.05.06",0.100000000000023,19,2011,"bigcreek"
"Big Creek River.X2011.05.13",4.48296508789065,20,2011,"bigcreek"
"Big Creek River.X2011.05.20",8.18963012695315,21,2011,"bigcreek"
"Big Creek River.X2011.05.27",8.63924560546877,22,2011,"bigcreek"
"Big Creek River.X2011.06.03",11.5740600585938,23,2011,"bigcreek"
"Big Creek River.X2011.06.10",13.4045959472656,24,2011,"bigcreek"
"Big Creek River.X2011.06.17",18.178369140625,25,2011,"bigcreek"
"Big Creek River.X2011.06.24",14.1192260742188,26,2011,"bigcreek"
"Big Creek River.X2011.07.01",19.4886413574219,27,2011,"bigcreek"
"Big Creek River.X2011.07.08",22.5681701660156,28,2011,"bigcreek"
"Big Creek River.X2011.07.15",18.22451171875,29,2011,"bigcreek"
"Big Creek River.X2011.07.22",16.0632873535156,30,2011,"bigcreek"
"Big Creek River.X2011.07.29",17.8019958496094,31,2011,"bigcreek"
"Big Creek River.X2011.08.05",17.9730773925781,32,2011,"bigcreek"
"Big Creek River.X2011.08.12",16.1604553222656,33,2011,"bigcreek"
"Big Creek River.X2011.08.19",17.1440368652344,34,2011,"bigcreek"
"Big Creek River.X2011.08.26",14.1210266113281,35,2011,"bigcreek"
"Big Creek River.X2011.09.02",12.7460571289063,36,2011,"bigcreek"
"Big Creek River.X2011.09.09",14.3515258789063,37,2011,"bigcreek"
"Big Creek River.X2011.09.16",11.4359375,38,2011,"bigcreek"
"Big Creek River.X2011.09.23",12.1172729492188,39,2011,"bigcreek"
"Big Creek River.X2011.09.30",4.58388671875002,40,2011,"bigcreek"
"Big Creek River.X2011.10.07",3.7352233886719,41,2011,"bigcreek"
"Big Creek River.X2011.10.14",7.50518188476565,42,2011,"bigcreek"
"Big Creek River.X2011.10.21",8.62825927734377,43,2011,"bigcreek"
"Big Creek River.X2011.10.28",3.45272216796877,44,2011,"bigcreek"
"Big Creek River.X2011.11.04",3.8273864746094,45,2011,"bigcreek"
"Big Creek River.X2011.11.11",0.518975830078148,46,2011,"bigcreek"
"Big Creek River.X2011.11.18",0.426599121093773,47,2011,"bigcreek"
"Big Creek River.X2011.11.25",0.100000000000023,48,2011,"bigcreek"
"Big Creek River.X2011.12.02",0.239221191406273,49,2011,"bigcreek"
"Big Creek River.X2011.12.09",0.171350097656273,50,2011,"bigcreek"
"Big Creek River.X2011.12.16",0.374688720703148,51,2011,"bigcreek"
"Big Creek River.X2011.12.23",0.165185546875023,52,2011,"bigcreek"
"Big Creek River.X2011.12.30",0.100000000000023,53,2011,"bigcreek"
"Big Creek River.X2012.01.07",0.100000000000023,2,2012,"bigcreek"
"Big Creek River.X2012.01.14",0.100000000000023,3,2012,"bigcreek"
"Big Creek River.X2012.01.21",0.100000000000023,4,2012,"bigcreek"
"Big Creek River.X2012.01.28",0.100000000000023,5,2012,"bigcreek"
"Big Creek River.X2012.02.04",0.100000000000023,6,2012,"bigcreek"
"Big Creek River.X2012.02.11",0.100000000000023,7,2012,"bigcreek"
"Big Creek River.X2012.02.18",0.100000000000023,8,2012,"bigcreek"
"Big Creek River.X2012.02.25",0.100000000000023,9,2012,"bigcreek"
"Big Creek River.X2012.03.03",0.100000000000023,10,2012,"bigcreek"
"Big Creek River.X2012.03.10",0.100000000000023,11,2012,"bigcreek"
"Big Creek River.X2012.03.17",0.139947509765648,12,2012,"bigcreek"
"Big Creek River.X2012.03.24",1.5403991699219,13,2012,"bigcreek"
"Big Creek River.X2012.03.31",2.62056884765627,14,2012,"bigcreek"
"Big Creek River.X2012.04.07",0.100000000000023,15,2012,"bigcreek"
"Big Creek River.X2012.04.14",0.838739013671898,16,2012,"bigcreek"
"Big Creek River.X2012.04.21",3.65126953125002,17,2012,"bigcreek"
"Big Creek River.X2012.04.28",0.100000000000023,18,2012,"bigcreek"
"Big Creek River.X2012.05.05",0.100000000000023,19,2012,"bigcreek"
"Big Creek River.X2012.05.12",6.29363403320315,20,2012,"bigcreek"
"Big Creek River.X2012.05.19",12.0529113769531,21,2012,"bigcreek"
"Big Creek River.X2012.05.26",10.7996459960938,22,2012,"bigcreek"
"Big Creek River.X2012.06.02",16.1608825683594,23,2012,"bigcreek"
"Big Creek River.X2012.06.09",17.1044250488281,24,2012,"bigcreek"
"Big Creek River.X2012.06.16",15.1220642089844,25,2012,"bigcreek"
"Big Creek River.X2012.06.23",17.5649963378906,26,2012,"bigcreek"
"Big Creek River.X2012.06.30",22.1513610839844,27,2012,"bigcreek"
"Big Creek River.X2012.07.07",18.9795776367188,28,2012,"bigcreek"
"Big Creek River.X2012.07.14",21.5916076660156,29,2012,"bigcreek"
"Big Creek River.X2012.07.21",21.792138671875,30,2012,"bigcreek"
"Big Creek River.X2012.07.28",20.64150390625,31,2012,"bigcreek"
"Big Creek River.X2012.08.04",19.0423217773438,32,2012,"bigcreek"
"Big Creek River.X2012.08.11",18.7708984375,33,2012,"bigcreek"
"Big Creek River.X2012.08.18",15.2648254394531,34,2012,"bigcreek"
"Big Creek River.X2012.08.25",15.6651550292969,35,2012,"bigcreek"
"Big Creek River.X2012.09.01",16.1573120117188,36,2012,"bigcreek"
"Big Creek River.X2012.09.08",16.9135986328125,37,2012,"bigcreek"
"Big Creek River.X2012.09.15",12.5237365722656,38,2012,"bigcreek"
"Big Creek River.X2012.09.22",9.03450927734377,39,2012,"bigcreek"
"Big Creek River.X2012.09.29",5.19622192382815,40,2012,"bigcreek"
"Big Creek River.X2012.10.06",7.78743896484377,41,2012,"bigcreek"
"Big Creek River.X2012.10.13",8.97405395507815,42,2012,"bigcreek"
"Big Creek River.X2012.10.20",6.5258728027344,43,2012,"bigcreek"
"Big Creek River.X2012.10.27",2.93135986328127,44,2012,"bigcreek"
"Big Creek River.X2012.11.03",4.5533386230469,45,2012,"bigcreek"
"Big Creek River.X2012.11.10",4.4190612792969,46,2012,"bigcreek"
"Big Creek River.X2012.11.17",2.82210693359377,47,2012,"bigcreek"
"Big Creek River.X2012.11.24",0.143884277343773,48,2012,"bigcreek"
"Big Creek River.X2012.12.01",0.100000000000023,49,2012,"bigcreek"
"Big Creek River.X2012.12.08",1.18599853515627,50,2012,"bigcreek"
"Big Creek River.X2012.12.15",0.129449462890648,51,2012,"bigcreek"
"Big Creek River.X2012.12.22",0.100000000000023,52,2012,"bigcreek"
"Big Creek River.X2012.12.29",0.100000000000023,53,2012,"bigcreek"
"Big Creek River.X2013.01.07",0.100000000000023,2,2013,"bigcreek"
"Big Creek River.X2013.01.14",0.100000000000023,3,2013,"bigcreek"
"Big Creek River.X2013.01.21",0.100000000000023,4,2013,"bigcreek"
"Big Creek River.X2013.01.28",0.100000000000023,5,2013,"bigcreek"
"Big Creek River.X2013.02.04",0.100000000000023,6,2013,"bigcreek"
"Big Creek River.X2013.02.11",0.100000000000023,7,2013,"bigcreek"
"Big Creek River.X2013.02.18",0.100000000000023,8,2013,"bigcreek"
"Big Creek River.X2013.02.25",0.100000000000023,9,2013,"bigcreek"
"Big Creek River.X2013.03.04",0.108636474609398,10,2013,"bigcreek"
"Big Creek River.X2013.03.11",0.100000000000023,11,2013,"bigcreek"
"Big Creek River.X2013.03.18",0.100000000000023,12,2013,"bigcreek"
"Big Creek River.X2013.03.25",0.410241699218773,13,2013,"bigcreek"
"Big Creek River.X2013.04.01",1.91008911132815,14,2013,"bigcreek"
"Big Creek River.X2013.04.08",1.35039672851565,15,2013,"bigcreek"
"Big Creek River.X2013.04.15",1.05623779296877,16,2013,"bigcreek"
"Big Creek River.X2013.04.22",3.38515625000002,17,2013,"bigcreek"
"Big Creek River.X2013.04.29",0.100000000000023,18,2013,"bigcreek"
"Big Creek River.X2013.05.06",3.24141845703127,19,2013,"bigcreek"
"Big Creek River.X2013.05.13",8.67424926757815,20,2013,"bigcreek"
"Big Creek River.X2013.05.20",9.3613220214844,21,2013,"bigcreek"
"Big Creek River.X2013.05.27",14.6062866210938,22,2013,"bigcreek"
"Big Creek River.X2013.06.03",13.8259216308594,23,2013,"bigcreek"
"Big Creek River.X2013.06.10",16.8716979980469,24,2013,"bigcreek"
"Big Creek River.X2013.06.17",20.4279418945313,25,2013,"bigcreek"
"Big Creek River.X2013.06.24",19.9836975097656,26,2013,"bigcreek"
"Big Creek River.X2013.07.01",17.8085266113281,27,2013,"bigcreek"
"Big Creek River.X2013.07.08",18.0177856445313,28,2013,"bigcreek"
"Big Creek River.X2013.07.15",20.9255920410156,29,2013,"bigcreek"
"Big Creek River.X2013.07.22",15.8288513183594,30,2013,"bigcreek"
"Big Creek River.X2013.07.29",13.4896484375,31,2013,"bigcreek"
"Big Creek River.X2013.08.05",18.9431701660156,32,2013,"bigcreek"
"Big Creek River.X2013.08.12",16.7030883789063,33,2013,"bigcreek"
"Big Creek River.X2013.08.19",16.0229431152344,34,2013,"bigcreek"
"Big Creek River.X2013.08.26",15.2755676269531,35,2013,"bigcreek"
"Big Creek River.X2013.09.02",9.38558349609377,36,2013,"bigcreek"
"Big Creek River.X2013.09.09",10.8556457519531,37,2013,"bigcreek"
"Big Creek River.X2013.09.16",11.1657653808594,38,2013,"bigcreek"
"Big Creek River.X2013.09.23",11.5013671875,39,2013,"bigcreek"
"Big Creek River.X2013.09.30",17.3752075195313,40,2013,"bigcreek"
"Big Creek River.X2013.10.07",13.5522399902344,41,2013,"bigcreek"
"Big Creek River.X2013.10.14",8.6691833496094,42,2013,"bigcreek"
"Big Creek River.X2013.10.21",2.09832153320315,43,2013,"bigcreek"
"Big Creek River.X2013.10.28",2.21318969726565,44,2013,"bigcreek"
"Big Creek River.X2013.11.04",0.100000000000023,45,2013,"bigcreek"
"Big Creek River.X2013.11.11",0.100000000000023,46,2013,"bigcreek"
"Big Creek River.X2013.11.18",0.319390869140648,47,2013,"bigcreek"
"Big Creek River.X2013.11.25",0.100000000000023,48,2013,"bigcreek"
"Big Creek River.X2013.12.02",1.1331726074219,49,2013,"bigcreek"
"Big Creek River.X2013.12.09",0.336541748046898,50,2013,"bigcreek"
"Big Creek River.X2013.12.16",0.100000000000023,51,2013,"bigcreek"
"Big Creek River.X2013.12.23",0.100000000000023,52,2013,"bigcreek"
"Big Creek River.X2013.12.30",0.100000000000023,53,2013,"bigcreek"
"Big Creek River.X2014.01.07",0.100000000000023,2,2014,"bigcreek"
"Big Creek River.X2014.01.14",0.100000000000023,3,2014,"bigcreek"
"Big Creek River.X2014.01.21",0.100000000000023,4,2014,"bigcreek"
"Big Creek River.X2014.01.28",0.100000000000023,5,2014,"bigcreek"
"Big Creek River.X2014.02.04",0.100000000000023,6,2014,"bigcreek"
"Big Creek River.X2014.02.11",0.100000000000023,7,2014,"bigcreek"
"Big Creek River.X2014.02.18",0.100000000000023,8,2014,"bigcreek"
"Big Creek River.X2014.02.25",0.100000000000023,9,2014,"bigcreek"
"Big Creek River.X2014.03.04",0.100000000000023,10,2014,"bigcreek"
"Big Creek River.X2014.03.11",0.185540771484398,11,2014,"bigcreek"
"Big Creek River.X2014.03.18",0.100000000000023,12,2014,"bigcreek"
"Big Creek River.X2014.03.25",0.100000000000023,13,2014,"bigcreek"
"Big Creek River.X2014.04.01",0.100000000000023,14,2014,"bigcreek"
"Big Creek River.X2014.04.08",0.100000000000023,15,2014,"bigcreek"
"Big Creek River.X2014.04.15",1.41033325195315,16,2014,"bigcreek"
"Big Creek River.X2014.04.22",1.79525146484377,17,2014,"bigcreek"
"Big Creek River.X2014.04.29",0.100000000000023,18,2014,"bigcreek"
"Big Creek River.X2014.05.06",0.100000000000023,19,2014,"bigcreek"
"Big Creek River.X2014.05.13",0.100000000000023,20,2014,"bigcreek"
"Big Creek River.X2014.05.20",4.33950195312502,21,2014,"bigcreek"
"Big Creek River.X2014.05.27",19.0767456054688,22,2014,"bigcreek"
"Big Creek River.X2014.06.03",14.2322631835938,23,2014,"bigcreek"
"Big Creek River.X2014.06.10",15.2514282226563,24,2014,"bigcreek"
"Big Creek River.X2014.06.17",15.2072998046875,25,2014,"bigcreek"
"Big Creek River.X2014.06.24",21.0236450195313,26,2014,"bigcreek"
"Big Creek River.X2014.07.01",21.0068298339844,27,2014,"bigcreek"
"Big Creek River.X2014.07.08",19.0246215820313,28,2014,"bigcreek"
"Big Creek River.X2014.07.15",18.7904907226563,29,2014,"bigcreek"
"Big Creek River.X2014.07.22",17.5324340820313,30,2014,"bigcreek"
"Big Creek River.X2014.07.29",15.8812805175781,31,2014,"bigcreek"
"Big Creek River.X2014.08.05",18.2687622070313,32,2014,"bigcreek"
"Big Creek River.X2014.08.12",18.1591125488281,33,2014,"bigcreek"
"Big Creek River.X2014.08.19",9.6487976074219,34,2014,"bigcreek"
"Big Creek River.X2014.08.26",14.4145446777344,35,2014,"bigcreek"
"Big Creek River.X2014.09.02",15.6813903808594,36,2014,"bigcreek"
"Big Creek River.X2014.09.09",14.0894409179688,37,2014,"bigcreek"
"Big Creek River.X2014.09.16",11.9805236816406,38,2014,"bigcreek"
"Big Creek River.X2014.09.23",9.50820312500002,39,2014,"bigcreek"
"Big Creek River.X2014.09.30",11.7752014160156,40,2014,"bigcreek"
"Big Creek River.X2014.10.07",4.5598083496094,41,2014,"bigcreek"
"Big Creek River.X2014.10.14",4.27788696289065,42,2014,"bigcreek"
"Big Creek River.X2014.10.21",6.33452758789065,43,2014,"bigcreek"
"Big Creek River.X2014.10.28",6.76339111328127,44,2014,"bigcreek"
"Big Creek River.X2014.11.04",7.6009460449219,45,2014,"bigcreek"
"Big Creek River.X2014.11.11",1.27288208007815,46,2014,"bigcreek"
"Big Creek River.X2014.11.18",0.654840087890648,47,2014,"bigcreek"
"Big Creek River.X2014.11.25",0.100000000000023,48,2014,"bigcreek"
"Big Creek River.X2014.12.02",0.100000000000023,49,2014,"bigcreek"
"Big Creek River.X2014.12.09",0.100000000000023,50,2014,"bigcreek"
"Big Creek River.X2014.12.16",0.100000000000023,51,2014,"bigcreek"
"Big Creek River.X2014.12.23",0.100000000000023,52,2014,"bigcreek"
"Big Creek River.X2014.12.30",0.100000000000023,53,2014,"bigcreek"
"Genesee River.X2011.01.07",3.9426208496094,2,2011,"genesee"
"Genesee River.X2011.01.14",2.90142211914065,3,2011,"genesee"
"Genesee River.X2011.01.21",1.85918579101565,4,2011,"genesee"
"Genesee River.X2011.01.28",1.93599853515627,5,2011,"genesee"
"Genesee River.X2011.02.04",2.8035827636719,6,2011,"genesee"
"Genesee River.X2011.02.11",3.75505981445315,7,2011,"genesee"
"Genesee River.X2011.02.18",4.22454223632815,8,2011,"genesee"
"Genesee River.X2011.02.25",4.5320983886719,9,2011,"genesee"
"Genesee River.X2011.03.04",2.7000671386719,10,2011,"genesee"
"Genesee River.X2011.03.11",3.2385192871094,11,2011,"genesee"
"Genesee River.X2011.03.18",5.4898620605469,12,2011,"genesee"
"Genesee River.X2011.03.25",5.28704223632815,13,2011,"genesee"
"Genesee River.X2011.04.01",5.4708190917969,14,2011,"genesee"
"Genesee River.X2011.04.08",6.45049438476565,15,2011,"genesee"
"Genesee River.X2011.04.15",8.3942810058594,16,2011,"genesee"
"Genesee River.X2011.04.22",10.0442138671875,17,2011,"genesee"
"Genesee River.X2011.04.29",12.7808471679688,18,2011,"genesee"
"Genesee River.X2011.05.06",9.90706787109377,19,2011,"genesee"
"Genesee River.X2011.05.13",11.0370727539063,20,2011,"genesee"
"Genesee River.X2011.05.20",10.8828979492188,21,2011,"genesee"
"Genesee River.X2011.05.27",11.3179870605469,22,2011,"genesee"
"Genesee River.X2011.06.03",12.2647338867188,23,2011,"genesee"
"Genesee River.X2011.06.10",15.5200744628906,24,2011,"genesee"
"Genesee River.X2011.06.17",19.2093139648438,25,2011,"genesee"
"Genesee River.X2011.06.24",17.9733215332031,26,2011,"genesee"
"Genesee River.X2011.07.01",20.7019592285156,27,2011,"genesee"
"Genesee River.X2011.07.08",23.7095581054688,28,2011,"genesee"
"Genesee River.X2011.07.15",22.3020568847656,29,2011,"genesee"
"Genesee River.X2011.07.22",20.8688293457031,30,2011,"genesee"
"Genesee River.X2011.07.29",19.9825988769531,31,2011,"genesee"
"Genesee River.X2011.08.05",21.290673828125,32,2011,"genesee"
"Genesee River.X2011.08.12",22.5446716308594,33,2011,"genesee"
"Genesee River.X2011.08.19",22.0618225097656,34,2011,"genesee"
"Genesee River.X2011.08.26",20.1186462402344,35,2011,"genesee"
"Genesee River.X2011.09.02",16.8376708984375,36,2011,"genesee"
"Genesee River.X2011.09.09",17.7891784667969,37,2011,"genesee"
"Genesee River.X2011.09.16",15.2611938476563,38,2011,"genesee"
"Genesee River.X2011.09.23",15.1828857421875,39,2011,"genesee"
"Genesee River.X2011.09.30",13.9837890625,40,2011,"genesee"
"Genesee River.X2011.10.07",11.2931762695313,41,2011,"genesee"
"Genesee River.X2011.10.14",11.7137390136719,42,2011,"genesee"
"Genesee River.X2011.10.21",11.8311706542969,43,2011,"genesee"
"Genesee River.X2011.10.28",11.3617492675781,44,2011,"genesee"
"Genesee River.X2011.11.04",9.69649658203127,45,2011,"genesee"
"Genesee River.X2011.11.11",8.1513610839844,46,2011,"genesee"
"Genesee River.X2011.11.18",7.62655029296877,47,2011,"genesee"
"Genesee River.X2011.11.25",4.96013793945315,48,2011,"genesee"
"Genesee River.X2011.12.02",5.10064086914065,49,2011,"genesee"
"Genesee River.X2011.12.09",5.20113525390627,50,2011,"genesee"
"Genesee River.X2011.12.16",4.01677856445315,51,2011,"genesee"
"Genesee River.X2011.12.23",5.33223876953127,52,2011,"genesee"
"Genesee River.X2011.12.30",4.0977722167969,53,2011,"genesee"
"Genesee River.X2012.01.07",2.6005798339844,2,2012,"genesee"
"Genesee River.X2012.01.14",3.1102233886719,3,2012,"genesee"
"Genesee River.X2012.01.21",3.4885192871094,4,2012,"genesee"
"Genesee River.X2012.01.28",3.9090515136719,5,2012,"genesee"
"Genesee River.X2012.02.04",3.6396423339844,6,2012,"genesee"
"Genesee River.X2012.02.11",3.44185791015627,7,2012,"genesee"
"Genesee River.X2012.02.18",3.89052734375002,8,2012,"genesee"
"Genesee River.X2012.02.25",4.3980651855469,9,2012,"genesee"
"Genesee River.X2012.03.03",4.64348754882815,10,2012,"genesee"
"Genesee River.X2012.03.10",4.7844177246094,11,2012,"genesee"
"Genesee River.X2012.03.17",3.07662353515627,12,2012,"genesee"
"Genesee River.X2012.03.24",5.8376403808594,13,2012,"genesee"
"Genesee River.X2012.03.31",8.23442993164065,14,2012,"genesee"
"Genesee River.X2012.04.07",9.0373474121094,15,2012,"genesee"
"Genesee River.X2012.04.14",6.51949462890627,16,2012,"genesee"
"Genesee River.X2012.04.21",7.38607177734377,17,2012,"genesee"
"Genesee River.X2012.04.28",9.48824462890627,18,2012,"genesee"
"Genesee River.X2012.05.05",12.5952697753906,19,2012,"genesee"
"Genesee River.X2012.05.12",12.8818298339844,20,2012,"genesee"
"Genesee River.X2012.05.19",12.6351867675781,21,2012,"genesee"
"Genesee River.X2012.05.26",15.4558654785156,22,2012,"genesee"
"Genesee River.X2012.06.02",18.9716125488281,23,2012,"genesee"
"Genesee River.X2012.06.09",22.8780151367188,24,2012,"genesee"
"Genesee River.X2012.06.16",19.1725708007813,25,2012,"genesee"
"Genesee River.X2012.06.23",18.9517456054688,26,2012,"genesee"
"Genesee River.X2012.06.30",21.3207641601563,27,2012,"genesee"
"Genesee River.X2012.07.07",20.8149963378906,28,2012,"genesee"
"Genesee River.X2012.07.14",21.2433410644531,29,2012,"genesee"
"Genesee River.X2012.07.21",22.0682006835938,30,2012,"genesee"
"Genesee River.X2012.07.28",21.2324157714844,31,2012,"genesee"
"Genesee River.X2012.08.04",21.6279235839844,32,2012,"genesee"
"Genesee River.X2012.08.11",17.9338012695313,33,2012,"genesee"
"Genesee River.X2012.08.18",17.5985961914063,34,2012,"genesee"
"Genesee River.X2012.08.25",16.1657653808594,35,2012,"genesee"
"Genesee River.X2012.09.01",15.3251586914063,36,2012,"genesee"
"Genesee River.X2012.09.08",15.7981201171875,37,2012,"genesee"
"Genesee River.X2012.09.15",13.8375793457031,38,2012,"genesee"
"Genesee River.X2012.09.22",11.5595642089844,39,2012,"genesee"
"Genesee River.X2012.09.29",9.76082763671877,40,2012,"genesee"
"Genesee River.X2012.10.06",10.6322570800781,41,2012,"genesee"
"Genesee River.X2012.10.13",11.616845703125,42,2012,"genesee"
"Genesee River.X2012.10.20",10.9941345214844,43,2012,"genesee"
"Genesee River.X2012.10.27",10.1989379882813,44,2012,"genesee"
"Genesee River.X2012.11.03",8.35640869140627,45,2012,"genesee"
"Genesee River.X2012.11.10",9.37392578125002,46,2012,"genesee"
"Genesee River.X2012.11.17",6.87423095703127,47,2012,"genesee"
"Genesee River.X2012.11.24",5.93966064453127,48,2012,"genesee"
"Genesee River.X2012.12.01",3.0119567871094,49,2012,"genesee"
"Genesee River.X2012.12.08",5.57021484375002,50,2012,"genesee"
"Genesee River.X2012.12.15",6.34270629882815,51,2012,"genesee"
"Genesee River.X2012.12.22",4.76485595703127,52,2012,"genesee"
"Genesee River.X2012.12.29",3.86040649414065,53,2012,"genesee"
"Genesee River.X2013.01.07",3.68697509765627,2,2013,"genesee"
"Genesee River.X2013.01.14",4.31340942382815,3,2013,"genesee"
"Genesee River.X2013.01.21",4.32329711914065,4,2013,"genesee"
"Genesee River.X2013.01.28",1.94545898437502,5,2013,"genesee"
"Genesee River.X2013.02.04",2.2730651855469,6,2013,"genesee"
"Genesee River.X2013.02.11",1.76571044921877,7,2013,"genesee"
"Genesee River.X2013.02.18",3.5878845214844,8,2013,"genesee"
"Genesee River.X2013.02.25",3.1917663574219,9,2013,"genesee"
"Genesee River.X2013.03.04",3.94683227539065,10,2013,"genesee"
"Genesee River.X2013.03.11",4.15178833007815,11,2013,"genesee"
"Genesee River.X2013.03.18",3.89980468750002,12,2013,"genesee"
"Genesee River.X2013.03.25",5.19967041015627,13,2013,"genesee"
"Genesee River.X2013.04.01",7.12606201171877,14,2013,"genesee"
"Genesee River.X2013.04.08",9.05339965820315,15,2013,"genesee"
"Genesee River.X2013.04.15",12.3907104492188,16,2013,"genesee"
"Genesee River.X2013.04.22",11.4421936035156,17,2013,"genesee"
"Genesee River.X2013.04.29",13.1392456054688,18,2013,"genesee"
"Genesee River.X2013.05.06",14.089990234375,19,2013,"genesee"
"Genesee River.X2013.05.13",14.7047973632813,20,2013,"genesee"
"Genesee River.X2013.05.20",14.7123046875,21,2013,"genesee"
"Genesee River.X2013.05.27",15.898828125,22,2013,"genesee"
"Genesee River.X2013.06.03",16.9585205078125,23,2013,"genesee"
"Genesee River.X2013.06.10",14.53896484375,24,2013,"genesee"
"Genesee River.X2013.06.17",16.3002563476563,25,2013,"genesee"
"Genesee River.X2013.06.24",17.4363342285156,26,2013,"genesee"
"Genesee River.X2013.07.01",16.400537109375,27,2013,"genesee"
"Genesee River.X2013.07.08",18.8077026367188,28,2013,"genesee"
"Genesee River.X2013.07.15",21.49794921875,29,2013,"genesee"
"Genesee River.X2013.07.22",20.9227844238281,30,2013,"genesee"
"Genesee River.X2013.07.29",17.33876953125,31,2013,"genesee"
"Genesee River.X2013.08.05",17.1139465332031,32,2013,"genesee"
"Genesee River.X2013.08.12",15.6918579101563,33,2013,"genesee"
"Genesee River.X2013.08.19",15.9858947753906,34,2013,"genesee"
"Genesee River.X2013.08.26",15.5588012695313,35,2013,"genesee"
"Genesee River.X2013.09.02",12.5138488769531,36,2013,"genesee"
"Genesee River.X2013.09.09",11.8871398925781,37,2013,"genesee"
"Genesee River.X2013.09.16",14.0596252441406,38,2013,"genesee"
"Genesee River.X2013.09.23",12.6616149902344,39,2013,"genesee"
"Genesee River.X2013.09.30",14.2851806640625,40,2013,"genesee"
"Genesee River.X2013.10.07",14.8773742675781,41,2013,"genesee"
"Genesee River.X2013.10.14",12.2837768554688,42,2013,"genesee"
"Genesee River.X2013.10.21",10.0535217285156,43,2013,"genesee"
"Genesee River.X2013.10.28",7.90471801757815,44,2013,"genesee"
"Genesee River.X2013.11.04",4.4785095214844,45,2013,"genesee"
"Genesee River.X2013.11.11",3.68511352539065,46,2013,"genesee"
"Genesee River.X2013.11.18",5.12606201171877,47,2013,"genesee"
"Genesee River.X2013.11.25",4.69918212890627,48,2013,"genesee"
"Genesee River.X2013.12.02",8.14483032226565,49,2013,"genesee"
"Genesee River.X2013.12.09",8.23369750976565,50,2013,"genesee"
"Genesee River.X2013.12.16",4.4554382324219,51,2013,"genesee"
"Genesee River.X2013.12.23",4.19466552734377,52,2013,"genesee"
"Genesee River.X2013.12.30",4.57097778320315,53,2013,"genesee"
"Genesee River.X2014.01.07",4.13958129882815,2,2014,"genesee"
"Genesee River.X2014.01.14",4.22030029296877,3,2014,"genesee"
"Genesee River.X2014.01.21",4.46428833007815,4,2014,"genesee"
"Genesee River.X2014.01.28",4.94814453125002,5,2014,"genesee"
"Genesee River.X2014.02.04",4.9416442871094,6,2014,"genesee"
"Genesee River.X2014.02.11",2.8940368652344,7,2014,"genesee"
"Genesee River.X2014.02.18",1.6878601074219,8,2014,"genesee"
"Genesee River.X2014.02.25",3.38543090820315,9,2014,"genesee"
"Genesee River.X2014.03.04",1.93035278320315,10,2014,"genesee"
"Genesee River.X2014.03.11",2.96468505859377,11,2014,"genesee"
"Genesee River.X2014.03.18",1.25539550781252,12,2014,"genesee"
"Genesee River.X2014.03.25",1.89534912109377,13,2014,"genesee"
"Genesee River.X2014.04.01",0.471520996093773,14,2014,"genesee"
"Genesee River.X2014.04.08",0.204492187500023,15,2014,"genesee"
"Genesee River.X2014.04.15",0.100000000000023,16,2014,"genesee"
"Genesee River.X2014.04.22",1.13674316406252,17,2014,"genesee"
"Genesee River.X2014.04.29",10.8427978515625,18,2014,"genesee"
"Genesee River.X2014.05.06",16.5349975585938,19,2014,"genesee"
"Genesee River.X2014.05.13",12.5567260742188,20,2014,"genesee"
"Genesee River.X2014.05.20",13.8369995117188,21,2014,"genesee"
"Genesee River.X2014.05.27",17.5384460449219,22,2014,"genesee"
"Genesee River.X2014.06.03",19.1018615722656,23,2014,"genesee"
"Genesee River.X2014.06.10",18.1867309570313,24,2014,"genesee"
"Genesee River.X2014.06.17",15.8865295410156,25,2014,"genesee"
"Genesee River.X2014.06.24",17.1125122070313,26,2014,"genesee"
"Genesee River.X2014.07.01",19.9291931152344,27,2014,"genesee"
"Genesee River.X2014.07.08",19.6370178222656,28,2014,"genesee"
"Genesee River.X2014.07.15",19.5797973632813,29,2014,"genesee"
"Genesee River.X2014.07.22",18.3621459960938,30,2014,"genesee"
"Genesee River.X2014.07.29",18.855615234375,31,2014,"genesee"
"Genesee River.X2014.08.05",17.4870544433594,32,2014,"genesee"
"Genesee River.X2014.08.12",19.9357238769531,33,2014,"genesee"
"Genesee River.X2014.08.19",17.1633239746094,34,2014,"genesee"
"Genesee River.X2014.08.26",14.880517578125,35,2014,"genesee"
"Genesee River.X2014.09.02",19.1053405761719,36,2014,"genesee"
"Genesee River.X2014.09.09",17.7988220214844,37,2014,"genesee"
"Genesee River.X2014.09.16",16.0214477539063,38,2014,"genesee"
"Genesee River.X2014.09.23",14.4111877441406,39,2014,"genesee"
"Genesee River.X2014.09.30",16.0279479980469,40,2014,"genesee"
"Genesee River.X2014.10.07",13.7877136230469,41,2014,"genesee"
"Genesee River.X2014.10.14",13.3825012207031,42,2014,"genesee"
"Genesee River.X2014.10.21",11.5243469238281,43,2014,"genesee"
"Genesee River.X2014.10.28",10.6193786621094,44,2014,"genesee"
"Genesee River.X2014.11.04",11.7464538574219,45,2014,"genesee"
"Genesee River.X2014.11.11",10.1867309570313,46,2014,"genesee"
"Genesee River.X2014.11.18",7.66915283203127,47,2014,"genesee"
"Genesee River.X2014.11.25",4.92904052734377,48,2014,"genesee"
"Genesee River.X2014.12.02",3.7795349121094,49,2014,"genesee"
"Genesee River.X2014.12.09",3.80706176757815,50,2014,"genesee"
"Genesee River.X2014.12.16",3.7640319824219,51,2014,"genesee"
"Genesee River.X2014.12.23",3.73500976562502,52,2014,"genesee"
"Genesee River.X2014.12.30",3.86629638671877,53,2014,"genesee"
"Genesee River.X2015.01.07",3.62371215820315,2,2015,"genesee"
"Genesee River.X2015.01.14",3.8781677246094,3,2015,"genesee"
"Genesee River.X2015.01.21",3.6644226074219,4,2015,"genesee"
"Genesee River.X2015.01.28",3.66192016601565,5,2015,"genesee"
"Genesee River.X2015.02.04",3.4826599121094,6,2015,"genesee"
"Genesee River.X2015.02.11",3.83574829101565,7,2015,"genesee"
"Genesee River.X2015.02.18",4.48528442382815,8,2015,"genesee"
"Genesee River.X2015.02.25",1.87114868164065,9,2015,"genesee"
"Genesee River.X2015.03.04",2.12471923828127,10,2015,"genesee"
"Genesee River.X2015.03.11",2.43084106445315,11,2015,"genesee"
"Genesee River.X2015.03.18",5.5528503417969,12,2015,"genesee"
"Genesee River.X2015.03.25",5.8100524902344,13,2015,"genesee"
"Genesee River.X2015.04.01",6.75164184570315,14,2015,"genesee"
"Genesee River.X2015.04.08",8.44722900390627,15,2015,"genesee"
"Genesee River.X2015.04.15",8.21392211914065,16,2015,"genesee"
"Genesee River.X2015.04.22",8.58828125000002,17,2015,"genesee"
"Genesee River.X2015.04.29",9.4080749511719,18,2015,"genesee"
"Genesee River.X2015.05.06",11.5816589355469,19,2015,"genesee"
"Genesee River.X2015.05.13",11.2250915527344,20,2015,"genesee"
"Genesee River.X2015.05.20",13.7747741699219,21,2015,"genesee"
"Genesee River.X2015.05.27",14.1101623535156,22,2015,"genesee"
"Genesee River.X2015.06.03",15.5440002441406,23,2015,"genesee"
"Genesee River.X2015.06.10",16.6904846191406,24,2015,"genesee"
"Genesee River.X2015.06.17",19.5301452636719,25,2015,"genesee"
"Genesee River.X2015.06.24",19.6528869628906,26,2015,"genesee"
"Genesee River.X2015.07.01",19.9158569335938,27,2015,"genesee"
"Genesee River.X2015.07.08",20.8305603027344,28,2015,"genesee"
"Genesee River.X2015.07.15",21.7083374023438,29,2015,"genesee"
"Genesee River.X2015.07.22",22.8820129394531,30,2015,"genesee"
"Genesee River.X2015.07.29",24.2291198730469,31,2015,"genesee"
"Genesee River.X2015.08.05",23.2374816894531,32,2015,"genesee"
"Genesee River.X2015.08.12",19.949609375,33,2015,"genesee"
"Genesee River.X2015.08.19",19.9780822753906,34,2015,"genesee"
"Genesee River.X2015.08.26",20.0430541992188,35,2015,"genesee"
"Genesee River.X2015.09.02",18.13515625,36,2015,"genesee"
"Genesee River.X2015.09.09",17.5618225097656,37,2015,"genesee"
"Genesee River.X2015.09.16",16.7653747558594,38,2015,"genesee"
"Genesee River.X2015.09.23",16.7446838378906,39,2015,"genesee"
"Genesee River.X2015.09.30",13.9993835449219,40,2015,"genesee"
"Genesee River.X2015.10.07",11.7982727050781,41,2015,"genesee"
"Genesee River.X2015.10.14",10.2972961425781,42,2015,"genesee"
"Genesee River.X2015.10.21",11.1048217773438,43,2015,"genesee"
"Genesee River.X2015.10.28",8.56844482421877,44,2015,"genesee"
"Genesee River.X2015.11.04",5.54180297851565,45,2015,"genesee"
"Genesee River.X2015.11.11",9.61275634765627,46,2015,"genesee"
"Genesee River.X2015.11.18",10.828271484375,47,2015,"genesee"
"Genesee River.X2015.11.25",8.12700805664065,48,2015,"genesee"
"Genesee River.X2015.12.02",7.03914794921877,49,2015,"genesee"
"Genesee River.X2015.12.09",6.64751586914065,50,2015,"genesee"
"Genesee River.X2015.12.16",5.39766845703127,51,2015,"genesee"
"Genesee River.X2015.12.23",5.04827270507815,52,2015,"genesee"
"Genesee River.X2015.12.30",4.15825805664065,53,2015,"genesee"
"Genesee River.X2016.01.07",5.08486328125002,2,2016,"genesee"
"Genesee River.X2016.01.14",4.11287841796877,3,2016,"genesee"
"Genesee River.X2016.01.21",2.53032836914065,4,2016,"genesee"
"Genesee River.X2016.01.28",1.5446716308594,5,2016,"genesee"
"Genesee River.X2016.02.04",1.15511474609377,6,2016,"genesee"
"Genesee River.X2016.02.11",2.46431884765627,7,2016,"genesee"
"Genesee River.X2016.02.18",5.1328063964844,8,2016,"genesee"
"Genesee River.X2016.02.25",4.62130126953127,9,2016,"genesee"
"Genesee River.X2016.03.03",5.6632019042969,10,2016,"genesee"
"Genesee River.X2016.03.10",5.35564575195315,11,2016,"genesee"
"Genesee River.X2016.03.17",6.9040466308594,12,2016,"genesee"
"Genesee River.X2016.03.24",6.88118896484377,13,2016,"genesee"
"Genesee River.X2016.03.31",7.06670532226565,14,2016,"genesee"
"Genesee River.X2016.04.07",6.23800048828127,15,2016,"genesee"
"Genesee River.X2016.04.14",7.41640625000002,16,2016,"genesee"
"Genesee River.X2016.04.21",11.1868530273438,17,2016,"genesee"
"Genesee River.X2016.04.28",11.7318359375,18,2016,"genesee"
"Genesee River.X2016.05.05",9.32891235351565,19,2016,"genesee"
"Genesee River.X2016.05.12",10.880517578125,20,2016,"genesee"
"Genesee River.X2016.05.19",14.3937927246094,21,2016,"genesee"
"Genesee River.X2016.05.26",14.1292053222656,22,2016,"genesee"
"Genesee River.X2016.06.02",18.9393859863281,23,2016,"genesee"
"Genesee River.X2016.06.09",20.05556640625,24,2016,"genesee"
"Genesee River.X2016.06.16",19.0290161132813,25,2016,"genesee"
"Genesee River.X2016.06.23",19.3898864746094,26,2016,"genesee"
"Genesee River.X2016.06.30",22.9828430175781,27,2016,"genesee"
"Genesee River.X2016.07.07",21.7057739257813,28,2016,"genesee"
"Genesee River.X2016.07.14",21.7451721191406,29,2016,"genesee"
"Genesee River.X2016.07.21",21.9020629882813,30,2016,"genesee"
"Genesee River.X2016.07.28",20.34853515625,31,2016,"genesee"
"Genesee River.X2016.08.04",19.4708190917969,32,2016,"genesee"
"Genesee River.X2016.08.11",19.6639343261719,33,2016,"genesee"
"Genesee River.X2016.08.18",17.9865051269531,34,2016,"genesee"
"Genesee River.X2016.08.25",18.5460754394531,35,2016,"genesee"
"Genesee River.X2016.09.01",18.4283081054688,36,2016,"genesee"
"Genesee River.X2016.09.08",17.4965759277344,37,2016,"genesee"
"Genesee River.X2016.09.15",19.5616088867188,38,2016,"genesee"
"Genesee River.X2016.09.22",17.8491149902344,39,2016,"genesee"
"Genesee River.X2016.09.29",15.7709289550781,40,2016,"genesee"
"Genesee River.X2016.10.06",16.0318542480469,41,2016,"genesee"
"Genesee River.X2016.10.13",13.7172180175781,42,2016,"genesee"
"Genesee River.X2016.10.20",13.3120361328125,43,2016,"genesee"
"Genesee River.X2016.10.27",11.4406677246094,44,2016,"genesee"
"Genesee River.X2016.11.03",8.16518554687502,45,2016,"genesee"
"Genesee River.X2016.11.10",7.2047058105469,46,2016,"genesee"
"Genesee River.X2016.11.17",8.81295166015627,47,2016,"genesee"
"Genesee River.X2016.11.24",8.76827392578127,48,2016,"genesee"
"Genesee River.X2016.12.01",3.97548828125002,49,2016,"genesee"
"Genesee River.X2016.12.08",5.68282470703127,50,2016,"genesee"
"Genesee River.X2016.12.15",2.53933105468752,51,2016,"genesee"
"Genesee River.X2016.12.22",3.74215087890627,52,2016,"genesee"
"Genesee River.X2016.12.29",4.60994873046877,53,2016,"genesee"
"Genesee River.X2017.01.07",2.70586547851565,2,2017,"genesee"
"Genesee River.X2017.01.14",1.74309692382815,3,2017,"genesee"
"Genesee River.X2017.01.21",2.72463378906252,4,2017,"genesee"
"Genesee River.X2017.01.28",3.6469665527344,5,2017,"genesee"
"Genesee River.X2017.02.04",3.64351806640627,6,2017,"genesee"
"Genesee River.X2017.02.11",1.72091064453127,7,2017,"genesee"
"Genesee River.X2017.02.18",3.69671020507815,8,2017,"genesee"
"Genesee River.X2017.02.25",9.21932373046877,9,2017,"genesee"
"Genesee River.X2017.03.04",6.83754882812502,10,2017,"genesee"
"Genesee River.X2017.03.11",6.34539184570315,11,2017,"genesee"
"Genesee River.X2017.03.18",7.0855651855469,12,2017,"genesee"
"Genesee River.X2017.03.25",9.64675292968752,13,2017,"genesee"
"Genesee River.X2017.04.01",8.6158386230469,14,2017,"genesee"
"Genesee River.X2017.04.08",9.56380615234377,15,2017,"genesee"
"Genesee River.X2017.04.15",8.30010375976565,16,2017,"genesee"
"Genesee River.X2017.04.22",7.8442321777344,17,2017,"genesee"
"Genesee River.X2017.04.29",10.3871704101563,18,2017,"genesee"
"Genesee River.X2017.05.06",11.9272094726563,19,2017,"genesee"
"Genesee River.X2017.05.13",10.7468200683594,20,2017,"genesee"
"Genesee River.X2017.05.20",11.6951538085938,21,2017,"genesee"
"Genesee River.X2017.05.27",11.7487426757813,22,2017,"genesee"
"Genesee River.X2017.06.03",12.9747253417969,23,2017,"genesee"
"Genesee River.X2017.06.10",13.8115783691406,24,2017,"genesee"
"Genesee River.X2017.06.17",14.0987487792969,25,2017,"genesee"
"Genesee River.X2017.06.24",15.2759643554688,26,2017,"genesee"
"Genesee River.X2017.07.01",15.8223205566406,27,2017,"genesee"
"Genesee River.X2017.07.08",19.3881774902344,28,2017,"genesee"
"Genesee River.X2017.07.15",20.4064880371094,29,2017,"genesee"
"Genesee River.X2017.07.22",19.6272521972656,30,2017,"genesee"
"Genesee River.X2017.07.29",19.3480773925781,31,2017,"genesee"
"Genesee River.X2017.08.05",18.6654907226563,32,2017,"genesee"
"Genesee River.X2017.08.12",18.7695861816406,33,2017,"genesee"
"Genesee River.X2017.08.19",20.085107421875,34,2017,"genesee"
"Genesee River.X2017.08.26",21.6303344726563,35,2017,"genesee"
"Genesee River.X2017.09.02",21.4323364257813,36,2017,"genesee"
"Genesee River.X2017.09.09",20.1520324707031,37,2017,"genesee"
"Genesee River.X2017.09.16",17.8855834960938,38,2017,"genesee"
"Genesee River.X2017.09.23",14.6139465332031,39,2017,"genesee"
"Genesee River.X2017.09.30",12.7491088867188,40,2017,"genesee"
"Genesee River.X2017.10.07",13.797265625,41,2017,"genesee"
"Genesee River.X2017.10.14",13.5764099121094,42,2017,"genesee"
"Genesee River.X2017.10.21",11.1383911132813,43,2017,"genesee"
"Genesee River.X2017.10.28",8.70113525390627,44,2017,"genesee"
"Genesee River.X2017.11.04",9.65252075195315,45,2017,"genesee"
"Genesee River.X2017.11.11",9.34002075195315,46,2017,"genesee"
"Genesee River.X2017.11.18",6.99602661132815,47,2017,"genesee"
"Genesee River.X2017.11.25",5.58367309570315,48,2017,"genesee"
"Genesee River.X2017.12.02",4.40670166015627,49,2017,"genesee"
"Genesee River.X2017.12.09",3.83391723632815,50,2017,"genesee"
"Genesee River.X2017.12.16",5.51918945312502,51,2017,"genesee"
"Genesee River.X2017.12.23",4.80257568359377,52,2017,"genesee"
"Genesee River.X2017.12.30",4.6101013183594,53,2017,"genesee"
"Genesee River.X2018.01.07",4.6878601074219,2,2018,"genesee"
"Genesee River.X2018.01.14",4.6547790527344,3,2018,"genesee"
"Genesee River.X2018.01.21",4.35439453125002,4,2018,"genesee"
"Genesee River.X2018.01.28",4.44735107421877,5,2018,"genesee"
"Genesee River.X2018.02.04",4.36977539062502,6,2018,"genesee"
"Genesee River.X2018.02.11",3.5982604980469,7,2018,"genesee"
"Genesee River.X2018.02.18",4.4869323730469,8,2018,"genesee"
"Genesee River.X2018.02.25",5.3806091308594,9,2018,"genesee"
"Genesee River.X2018.03.04",3.77559814453127,10,2018,"genesee"
"Genesee River.X2018.03.11",2.19609985351565,11,2018,"genesee"
"Genesee River.X2018.03.18",0.362603759765648,12,2018,"genesee"
"Genesee River.X2018.03.25",1.05684814453127,13,2018,"genesee"
"Genesee River.X2018.04.01",6.63637695312502,14,2018,"genesee"
"Genesee River.X2018.04.08",7.3460632324219,15,2018,"genesee"
"Genesee River.X2018.04.15",6.9599548339844,16,2018,"genesee"
"Genesee River.X2018.04.22",6.7784362792969,17,2018,"genesee"
"Genesee River.X2018.04.29",8.3310485839844,18,2018,"genesee"
"Genesee River.X2018.05.06",9.03191528320315,19,2018,"genesee"
"Genesee River.X2018.05.13",11.4542785644531,20,2018,"genesee"
"Genesee River.X2018.05.20",12.9376159667969,21,2018,"genesee"
"Genesee River.X2018.05.27",13.9759765625,22,2018,"genesee"
"Genesee River.X2018.06.03",13.80947265625,23,2018,"genesee"
"Genesee River.X2018.06.10",13.54580078125,24,2018,"genesee"
"Genesee River.X2018.06.17",15.1916748046875,25,2018,"genesee"
"Genesee River.X2018.06.24",15.3955932617188,26,2018,"genesee"
"Genesee River.X2018.07.01",15.9045959472656,27,2018,"genesee"
"Genesee River.X2018.07.08",15.5425354003906,28,2018,"genesee"
"Genesee River.X2018.07.15",15.2310424804688,29,2018,"genesee"
"Genesee River.X2018.07.22",16.1034790039063,30,2018,"genesee"
"Genesee River.X2018.07.29",16.0321899414063,31,2018,"genesee"
"Genesee River.X2018.08.05",18.1701904296875,32,2018,"genesee"
"Genesee River.X2018.08.12",17.1064086914063,33,2018,"genesee"
"Genesee River.X2018.08.19",17.1206909179688,34,2018,"genesee"
"Genesee River.X2018.08.26",18.1852966308594,35,2018,"genesee"
"Genesee River.X2018.09.02",17.5647827148438,36,2018,"genesee"
"Genesee River.X2018.09.09",15.026025390625,37,2018,"genesee"
"Genesee River.X2018.09.16",15.3812194824219,38,2018,"genesee"
"Genesee River.X2018.09.23",14.4938598632813,39,2018,"genesee"
"Genesee River.X2018.09.30",15.5244079589844,40,2018,"genesee"
"Genesee River.X2018.10.07",16.1080261230469,41,2018,"genesee"
"Genesee River.X2018.10.14",12.3359924316406,42,2018,"genesee"
"Genesee River.X2018.10.21",12.4282775878906,43,2018,"genesee"
"Genesee River.X2018.10.28",10.4379211425781,44,2018,"genesee"
"Genesee River.X2018.11.04",6.52169189453127,45,2018,"genesee"
"Genesee River.X2018.11.11",6.75969848632815,46,2018,"genesee"
"Genesee River.X2018.11.18",5.99880371093752,47,2018,"genesee"
"Genesee River.X2018.11.25",6.6274353027344,48,2018,"genesee"
"Genesee River.X2018.12.02",5.47515258789065,49,2018,"genesee"
"Genesee River.X2018.12.09",5.5570007324219,50,2018,"genesee"
"Genesee River.X2018.12.16",4.53157958984377,51,2018,"genesee"
"Genesee River.X2018.12.23",4.48223266601565,52,2018,"genesee"
"Genesee River.X2018.12.30",4.28875122070315,53,2018,"genesee"
"Genesee River.X2019.01.07",4.19326171875002,2,2019,"genesee"
"Genesee River.X2019.01.14",5.01571044921877,3,2019,"genesee"
"Genesee River.X2019.01.21",5.38387451171877,4,2019,"genesee"
"Genesee River.X2019.01.28",3.12346801757815,5,2019,"genesee"
"Genesee River.X2019.02.04",3.3127380371094,6,2019,"genesee"
"Genesee River.X2019.02.11",1.93038330078127,7,2019,"genesee"
"Genesee River.X2019.02.18",2.4905944824219,8,2019,"genesee"
"Genesee River.X2019.02.25",4.48845825195315,9,2019,"genesee"
"Genesee River.X2019.03.04",4.07161865234377,10,2019,"genesee"
"Genesee River.X2019.03.11",0.732995605468773,11,2019,"genesee"
"Genesee River.X2019.03.18",1.28127441406252,12,2019,"genesee"
"Genesee River.X2019.03.25",5.82598266601565,13,2019,"genesee"
"Genesee River.X2019.04.01",9.27999267578127,14,2019,"genesee"
"Genesee River.X2019.04.08",9.81401977539065,15,2019,"genesee"
"Genesee River.X2019.04.15",12.2801147460938,16,2019,"genesee"
"Genesee River.X2019.04.22",12.5134216308594,17,2019,"genesee"
"Genesee River.X2019.04.29",12.6484008789063,18,2019,"genesee"
"Genesee River.X2019.05.06",13.000634765625,19,2019,"genesee"
"Genesee River.X2019.05.13",12.2417846679688,20,2019,"genesee"
"Genesee River.X2019.05.20",15.5273071289063,21,2019,"genesee"
"Genesee River.X2019.05.27",15.8821960449219,22,2019,"genesee"
"Genesee River.X2019.06.03",15.8293395996094,23,2019,"genesee"
"Genesee River.X2019.06.10",17.6773315429688,24,2019,"genesee"
"Genesee River.X2019.06.17",17.8468872070313,25,2019,"genesee"
"Genesee River.X2019.06.24",17.8867126464844,26,2019,"genesee"
"Genesee River.X2019.07.01",18.3598876953125,27,2019,"genesee"
"Genesee River.X2019.07.08",22.383935546875,28,2019,"genesee"
"Genesee River.X2019.07.15",22.0495544433594,29,2019,"genesee"
"Genesee River.X2019.07.22",20.8735900878906,30,2019,"genesee"
"Genesee River.X2019.07.29",20.3109680175781,31,2019,"genesee"
"Genesee River.X2019.08.05",21.55166015625,32,2019,"genesee"
"Genesee River.X2019.08.12",21.2900329589844,33,2019,"genesee"
"Genesee River.X2019.08.19",19.5045715332031,34,2019,"genesee"
"Genesee River.X2019.08.26",20.0379272460938,35,2019,"genesee"
"Genesee River.X2019.09.02",19.3289123535156,36,2019,"genesee"
"Genesee River.X2019.09.09",19.0788818359375,37,2019,"genesee"
"Genesee River.X2019.09.16",18.2157836914063,38,2019,"genesee"
"Genesee River.X2019.09.23",14.8195434570313,39,2019,"genesee"
"Genesee River.X2019.09.30",13.8322387695313,40,2019,"genesee"
"Genesee River.X2019.10.07",13.1180969238281,41,2019,"genesee"
"Genesee River.X2019.10.14",10.6492553710938,42,2019,"genesee"
"Genesee River.X2019.10.21",10.7339416503906,43,2019,"genesee"
"Genesee River.X2019.10.28",8.39925537109377,44,2019,"genesee"
"Genesee River.X2019.11.04",8.1264587402344,45,2019,"genesee"
"Genesee River.X2019.11.11",9.80486450195315,46,2019,"genesee"
"Genesee River.X2019.11.18",7.77480468750002,47,2019,"genesee"
"Genesee River.X2019.11.25",5.77181396484377,48,2019,"genesee"
"Genesee River.X2019.12.02",4.05782470703127,49,2019,"genesee"
"Genesee River.X2019.12.09",4.41643676757815,50,2019,"genesee"
"Genesee River.X2019.12.16",4.0239196777344,51,2019,"genesee"
"Genesee River.X2019.12.23",3.98885498046877,52,2019,"genesee"
"Genesee River.X2019.12.30",6.96236572265627,53,2019,"genesee"
"Humber River.X1998.01.07",1.8033386230469,2,1998,"humber"
"Humber River.X1998.01.14",1.4418884277344,3,1998,"humber"
"Humber River.X1998.01.21",0.470819091796898,4,1998,"humber"
"Humber River.X1998.01.28",1.54866943359377,5,1998,"humber"
"Humber River.X1998.02.04",2.7917419433594,6,1998,"humber"
"Humber River.X1998.02.11",3.20443115234377,7,1998,"humber"
"Humber River.X1998.02.18",3.26738891601565,8,1998,"humber"
"Humber River.X1998.02.25",1.3904968261719,9,1998,"humber"
"Humber River.X1998.03.04",0.888604736328148,10,1998,"humber"
"Humber River.X1998.03.11",1.73052368164065,11,1998,"humber"
"Humber River.X1998.03.18",1.66549072265627,12,1998,"humber"
"Humber River.X1998.03.25",0.100000000000023,13,1998,"humber"
"Humber River.X1998.04.01",0.277307128906273,14,1998,"humber"
"Humber River.X1998.04.08",0.100000000000023,15,1998,"humber"
"Humber River.X1998.04.15",1.01223144531252,16,1998,"humber"
"Humber River.X1998.04.22",1.50444946289065,17,1998,"humber"
"Humber River.X1998.04.29",5.20504150390627,18,1998,"humber"
"Humber River.X1998.05.06",6.63002929687502,19,1998,"humber"
"Humber River.X1998.05.13",8.7141052246094,20,1998,"humber"
"Humber River.X1998.05.20",9.6533142089844,21,1998,"humber"
"Humber River.X1998.05.27",12.5182434082031,22,1998,"humber"
"Humber River.X1998.06.03",12.6732727050781,23,1998,"humber"
"Humber River.X1998.06.10",12.9307800292969,24,1998,"humber"
"Humber River.X1998.06.17",13.8152404785156,25,1998,"humber"
"Humber River.X1998.06.24",13.8468566894531,26,1998,"humber"
"Humber River.X1998.07.01",15.8889709472656,27,1998,"humber"
"Humber River.X1998.07.08",14.4036193847656,28,1998,"humber"
"Humber River.X1998.07.15",15.247705078125,29,1998,"humber"
"Humber River.X1998.07.22",15.2981506347656,30,1998,"humber"
"Humber River.X1998.07.29",15.9331909179688,31,1998,"humber"
"Humber River.X1998.08.05",16.7838989257813,32,1998,"humber"
"Humber River.X1998.08.12",16.9557434082031,33,1998,"humber"
"Humber River.X1998.08.19",13.6021667480469,34,1998,"humber"
"Humber River.X1998.08.26",15.3594299316406,35,1998,"humber"
"Humber River.X1998.09.02",15.9980712890625,36,1998,"humber"
"Humber River.X1998.09.09",12.2850280761719,37,1998,"humber"
"Humber River.X1998.09.16",13.2841125488281,38,1998,"humber"
"Humber River.X1998.09.23",12.8293701171875,39,1998,"humber"
"Humber River.X1998.09.30",11.0504699707031,40,1998,"humber"
"Humber River.X1998.10.07",14.2194458007813,41,1998,"humber"
"Humber River.X1998.10.14",9.67318115234377,42,1998,"humber"
"Humber River.X1998.10.21",8.7415710449219,43,1998,"humber"
"Humber River.X1998.10.28",9.5291687011719,44,1998,"humber"
"Humber River.X1998.11.04",7.74785766601565,45,1998,"humber"
"Humber River.X1998.11.11",6.40151367187502,46,1998,"humber"
"Humber River.X1998.11.18",7.3463073730469,47,1998,"humber"
"Humber River.X1998.11.25",3.3669372558594,48,1998,"humber"
"Humber River.X1998.12.02",2.97774658203127,49,1998,"humber"
"Humber River.X1998.12.09",4.71087036132815,50,1998,"humber"
"Humber River.X1998.12.16",3.45253906250002,51,1998,"humber"
"Humber River.X1998.12.23",3.35823974609377,52,1998,"humber"
"Humber River.X1998.12.30",3.6585632324219,53,1998,"humber"
"Humber River.X1999.01.07",3.09218750000002,2,1999,"humber"
"Humber River.X1999.01.14",4.10189208984377,3,1999,"humber"
"Humber River.X1999.01.21",4.8304382324219,4,1999,"humber"
"Humber River.X1999.01.28",4.57061157226565,5,1999,"humber"
"Humber River.X1999.02.04",4.6337829589844,6,1999,"humber"
"Humber River.X1999.02.11",3.6616149902344,7,1999,"humber"
"Humber River.X1999.02.18",4.26409301757815,8,1999,"humber"
"Humber River.X1999.02.25",1.4699645996094,9,1999,"humber"
"Humber River.X1999.03.04",0.674310302734398,10,1999,"humber"
"Humber River.X1999.03.11",0.459436035156273,11,1999,"humber"
"Humber River.X1999.03.18",7.3935485839844,12,1999,"humber"
"Humber River.X1999.03.25",5.53774414062502,13,1999,"humber"
"Humber River.X1999.04.01",7.32418212890627,14,1999,"humber"
"Humber River.X1999.04.08",6.89519653320315,15,1999,"humber"
"Humber River.X1999.04.15",7.30379638671877,16,1999,"humber"
"Humber River.X1999.04.22",7.82671508789065,17,1999,"humber"
"Humber River.X1999.04.29",7.96932373046877,18,1999,"humber"
"Humber River.X1999.05.06",7.2159362792969,19,1999,"humber"
"Humber River.X1999.05.13",8.38836059570315,20,1999,"humber"
"Humber River.X1999.05.20",9.49862060546877,21,1999,"humber"
"Humber River.X1999.05.27",10.5238891601563,22,1999,"humber"
"Humber River.X1999.06.03",10.4507385253906,23,1999,"humber"
"Humber River.X1999.06.10",12.9915100097656,24,1999,"humber"
"Humber River.X1999.06.17",14.7745910644531,25,1999,"humber"
"Humber River.X1999.06.24",16.9974914550781,26,1999,"humber"
"Humber River.X1999.07.01",18.2979370117188,27,1999,"humber"
"Humber River.X1999.07.08",16.9153991699219,28,1999,"humber"
"Humber River.X1999.07.15",16.2209411621094,29,1999,"humber"
"Humber River.X1999.07.22",17.3081604003906,30,1999,"humber"
"Humber River.X1999.07.29",18.6186462402344,31,1999,"humber"
"Humber River.X1999.08.05",17.3296752929688,32,1999,"humber"
"Humber River.X1999.08.12",18.8417907714844,33,1999,"humber"
"Humber River.X1999.08.19",16.3846069335938,34,1999,"humber"
"Humber River.X1999.08.26",17.2908874511719,35,1999,"humber"
"Humber River.X1999.09.02",16.0979858398438,36,1999,"humber"
"Humber River.X1999.09.09",13.555810546875,37,1999,"humber"
"Humber River.X1999.09.16",12.9445434570313,38,1999,"humber"
"Humber River.X1999.09.23",11.9570861816406,39,1999,"humber"
"Humber River.X1999.09.30",11.5412841796875,40,1999,"humber"
"Humber River.X1999.10.07",11.97744140625,41,1999,"humber"
"Humber River.X1999.10.14",10.8790832519531,42,1999,"humber"
"Humber River.X1999.10.21",10.8332153320313,43,1999,"humber"
"Humber River.X1999.10.28",11.4269348144531,44,1999,"humber"
"Humber River.X1999.11.04",8.47365722656252,45,1999,"humber"
"Humber River.X1999.11.11",6.3934265136719,46,1999,"humber"
"Humber River.X1999.11.18",7.06905517578127,47,1999,"humber"
"Humber River.X1999.11.25",3.92669067382815,48,1999,"humber"
"Humber River.X1999.12.02",5.75240478515627,49,1999,"humber"
"Humber River.X1999.12.09",4.00447998046877,50,1999,"humber"
"Humber River.X1999.12.16",2.0474792480469,51,1999,"humber"
"Humber River.X1999.12.23",2.95620117187502,52,1999,"humber"
"Humber River.X1999.12.30",3.2123962402344,53,1999,"humber"
"Humber River.X2000.01.07",2.24923095703127,2,2000,"humber"
"Humber River.X2000.01.14",0.871759033203148,3,2000,"humber"
"Humber River.X2000.01.21",1.36226806640627,4,2000,"humber"
"Humber River.X2000.01.28",2.4330993652344,5,2000,"humber"
"Humber River.X2000.02.04",2.38201293945315,6,2000,"humber"
"Humber River.X2000.02.11",1.30617675781252,7,2000,"humber"
"Humber River.X2000.02.18",0.970422363281273,8,2000,"humber"
"Humber River.X2000.02.25",1.09920654296877,9,2000,"humber"
"Humber River.X2000.03.03",0.100000000000023,10,2000,"humber"
"Humber River.X2000.03.10",0.238214111328148,11,2000,"humber"
"Humber River.X2000.03.17",2.16872558593752,12,2000,"humber"
"Humber River.X2000.03.24",1.8622985839844,13,2000,"humber"
"Humber River.X2000.03.31",0.810296630859398,14,2000,"humber"
"Humber River.X2000.04.07",3.78362426757815,15,2000,"humber"
"Humber River.X2000.04.14",6.03365478515627,16,2000,"humber"
"Humber River.X2000.04.21",6.16768798828127,17,2000,"humber"
"Humber River.X2000.04.28",5.92183837890627,18,2000,"humber"
"Humber River.X2000.05.05",7.52413330078127,19,2000,"humber"
"Humber River.X2000.05.12",9.87227783203127,20,2000,"humber"
"Humber River.X2000.05.19",9.22054443359377,21,2000,"humber"
"Humber River.X2000.05.26",11.6777282714844,22,2000,"humber"
"Humber River.X2000.06.02",14.4810119628906,23,2000,"humber"
"Humber River.X2000.06.09",10.9761596679688,24,2000,"humber"
"Humber River.X2000.06.16",13.1575256347656,25,2000,"humber"
"Humber River.X2000.06.23",14.3331237792969,26,2000,"humber"
"Humber River.X2000.06.30",17.333642578125,27,2000,"humber"
"Humber River.X2000.07.07",15.4324279785156,28,2000,"humber"
"Humber River.X2000.07.14",15.7619567871094,29,2000,"humber"
"Humber River.X2000.07.21",16.4328247070313,30,2000,"humber"
"Humber River.X2000.07.28",18.2968078613281,31,2000,"humber"
"Humber River.X2000.08.04",17.8353820800781,32,2000,"humber"
"Humber River.X2000.08.11",17.9589477539063,33,2000,"humber"
"Humber River.X2000.08.18",18.6379333496094,34,2000,"humber"
"Humber River.X2000.08.25",17.04970703125,35,2000,"humber"
"Humber River.X2000.09.01",15.4050231933594,36,2000,"humber"
"Humber River.X2000.09.08",17.9535461425781,37,2000,"humber"
"Humber River.X2000.09.15",17.3760314941406,38,2000,"humber"
"Humber River.X2000.09.22",15.2626892089844,39,2000,"humber"
"Humber River.X2000.09.29",15.5808349609375,40,2000,"humber"
"Humber River.X2000.10.06",17.8236022949219,41,2000,"humber"
"Humber River.X2000.10.13",13.0070739746094,42,2000,"humber"
"Humber River.X2000.10.20",10.8291564941406,43,2000,"humber"
"Humber River.X2000.10.27",9.57113037109377,44,2000,"humber"
"Humber River.X2000.11.03",9.45284423828127,45,2000,"humber"
"Humber River.X2000.11.10",8.10906372070315,46,2000,"humber"
"Humber River.X2000.11.17",10.6934143066406,47,2000,"humber"
"Humber River.X2000.11.24",2.76540527343752,48,2000,"humber"
"Humber River.X2000.12.01",2.75945434570315,49,2000,"humber"
"Humber River.X2000.12.08",2.3387390136719,50,2000,"humber"
"Humber River.X2000.12.15",2.38115844726565,51,2000,"humber"
"Humber River.X2000.12.22",2.90157470703127,52,2000,"humber"
"Humber River.X2000.12.29",3.12737426757815,53,2000,"humber"
"Humber River.X2001.01.07",1.14571533203127,2,2001,"humber"
"Humber River.X2001.01.14",2.53240356445315,3,2001,"humber"
"Humber River.X2001.01.21",2.77608642578127,4,2001,"humber"
"Humber River.X2001.01.28",1.86226806640627,5,2001,"humber"
"Humber River.X2001.02.04",1.22466430664065,6,2001,"humber"
"Humber River.X2001.02.11",2.53841552734377,7,2001,"humber"
"Humber River.X2001.02.18",1.87163696289065,8,2001,"humber"
"Humber River.X2001.02.25",0.786157226562523,9,2001,"humber"
"Humber River.X2001.03.04",1.0722595214844,10,2001,"humber"
"Humber River.X2001.03.11",0.191247558593773,11,2001,"humber"
"Humber River.X2001.03.18",0.434655761718773,12,2001,"humber"
"Humber River.X2001.03.25",0.100000000000023,13,2001,"humber"
"Humber River.X2001.04.01",0.115136718750023,14,2001,"humber"
"Humber River.X2001.04.08",4.97481689453127,15,2001,"humber"
"Humber River.X2001.04.15",6.9304138183594,16,2001,"humber"
"Humber River.X2001.04.22",7.22841796875002,17,2001,"humber"
"Humber River.X2001.04.29",10.5990539550781,18,2001,"humber"
"Humber River.X2001.05.06",9.29342041015627,19,2001,"humber"
"Humber River.X2001.05.13",9.07427368164065,20,2001,"humber"
"Humber River.X2001.05.20",9.86239013671877,21,2001,"humber"
"Humber River.X2001.05.27",11.666162109375,22,2001,"humber"
"Humber River.X2001.06.03",11.7086120605469,23,2001,"humber"
"Humber River.X2001.06.10",10.4815002441406,24,2001,"humber"
"Humber River.X2001.06.17",11.4695373535156,25,2001,"humber"
"Humber River.X2001.06.24",11.1132141113281,26,2001,"humber"
"Humber River.X2001.07.01",14.4282165527344,27,2001,"humber"
"Humber River.X2001.07.08",15.3080993652344,28,2001,"humber"
"Humber River.X2001.07.15",16.4619079589844,29,2001,"humber"
"Humber River.X2001.07.22",16.84853515625,30,2001,"humber"
"Humber River.X2001.07.29",14.5698791503906,31,2001,"humber"
"Humber River.X2001.08.05",15.0063720703125,32,2001,"humber"
"Humber River.X2001.08.12",17.4276672363281,33,2001,"humber"
"Humber River.X2001.08.19",20.1915222167969,34,2001,"humber"
"Humber River.X2001.08.26",20.1311889648438,35,2001,"humber"
"Humber River.X2001.09.02",17.3848510742188,36,2001,"humber"
"Humber River.X2001.09.09",20.9623962402344,37,2001,"humber"
"Humber River.X2001.09.16",17.3053527832031,38,2001,"humber"
"Humber River.X2001.09.23",17.9253173828125,39,2001,"humber"
"Humber River.X2001.09.30",13.6308837890625,40,2001,"humber"
"Humber River.X2001.10.07",13.3431945800781,41,2001,"humber"
"Humber River.X2001.10.14",9.44820556640627,42,2001,"humber"
"Humber River.X2001.10.21",9.25997314453127,43,2001,"humber"
"Humber River.X2001.10.28",7.76833496093752,44,2001,"humber"
"Humber River.X2001.11.04",10.9117370605469,45,2001,"humber"
"Humber River.X2001.11.11",10.5824829101563,46,2001,"humber"
"Humber River.X2001.11.18",5.67012939453127,47,2001,"humber"
"Humber River.X2001.11.25",2.03988037109377,48,2001,"humber"
"Humber River.X2001.12.02",2.5753112792969,49,2001,"humber"
"Humber River.X2001.12.09",1.1592956542969,50,2001,"humber"
"Humber River.X2001.12.16",3.0809265136719,51,2001,"humber"
"Humber River.X2001.12.23",3.88079223632815,52,2001,"humber"
"Humber River.X2001.12.30",1.8826843261719,53,2001,"humber"
"Humber River.X2002.01.07",3.2197204589844,2,2002,"humber"
"Humber River.X2002.01.14",4.78643188476565,3,2002,"humber"
"Humber River.X2002.01.21",4.46834716796877,4,2002,"humber"
"Humber River.X2002.01.28",3.9370056152344,5,2002,"humber"
"Humber River.X2002.02.04",5.17513427734377,6,2002,"humber"
"Humber River.X2002.02.11",5.3741394042969,7,2002,"humber"
"Humber River.X2002.02.18",3.45684204101565,8,2002,"humber"
"Humber River.X2002.02.25",4.62899169921877,9,2002,"humber"
"Humber River.X2002.03.04",4.03273925781252,10,2002,"humber"
"Humber River.X2002.03.11",0.339776611328148,11,2002,"humber"
"Humber River.X2002.03.18",0.100000000000023,12,2002,"humber"
"Humber River.X2002.03.25",0.100000000000023,13,2002,"humber"
"Humber River.X2002.04.01",4.61763916015627,14,2002,"humber"
"Humber River.X2002.04.08",5.85091552734377,15,2002,"humber"
"Humber River.X2002.04.15",6.74849853515627,16,2002,"humber"
"Humber River.X2002.04.22",6.57528076171877,17,2002,"humber"
"Humber River.X2002.04.29",9.18999633789065,18,2002,"humber"
"Humber River.X2002.05.06",8.0790954589844,19,2002,"humber"
"Humber River.X2002.05.13",7.54873046875002,20,2002,"humber"
"Humber River.X2002.05.20",8.71114501953127,21,2002,"humber"
"Humber River.X2002.05.27",11.2783447265625,22,2002,"humber"
"Humber River.X2002.06.03",12.4633728027344,23,2002,"humber"
"Humber River.X2002.06.10",13.2891174316406,24,2002,"humber"
"Humber River.X2002.06.17",14.5050598144531,25,2002,"humber"
"Humber River.X2002.06.24",14.5967041015625,26,2002,"humber"
"Humber River.X2002.07.01",15.374658203125,27,2002,"humber"
"Humber River.X2002.07.08",15.5128112792969,28,2002,"humber"
"Humber River.X2002.07.15",13.2860656738281,29,2002,"humber"
"Humber River.X2002.07.22",18.1789184570313,30,2002,"humber"
"Humber River.X2002.07.29",17.6895385742188,31,2002,"humber"
"Humber River.X2002.08.05",15.6136108398438,32,2002,"humber"
"Humber River.X2002.08.12",14.2198425292969,33,2002,"humber"
"Humber River.X2002.08.19",14.4177185058594,34,2002,"humber"
"Humber River.X2002.08.26",15.6035705566406,35,2002,"humber"
"Humber River.X2002.09.02",16.4233032226563,36,2002,"humber"
"Humber River.X2002.09.09",17.1336303710938,37,2002,"humber"
"Humber River.X2002.09.16",13.887109375,38,2002,"humber"
"Humber River.X2002.09.23",13.9628234863281,39,2002,"humber"
"Humber River.X2002.09.30",14.7521606445313,40,2002,"humber"
"Humber River.X2002.10.07",12.8632751464844,41,2002,"humber"
"Humber River.X2002.10.14",11.0033508300781,42,2002,"humber"
"Humber River.X2002.10.21",11.9108520507813,43,2002,"humber"
"Humber River.X2002.10.28",12.2130065917969,44,2002,"humber"
"Humber River.X2002.11.04",8.02163085937502,45,2002,"humber"
"Humber River.X2002.11.11",8.12871704101565,46,2002,"humber"
"Humber River.X2002.11.18",7.88640747070315,47,2002,"humber"
"Humber River.X2002.11.25",3.40096435546877,48,2002,"humber"
"Humber River.X2002.12.02",3.91814575195315,49,2002,"humber"
"Humber River.X2002.12.09",2.47969970703127,50,2002,"humber"
"Humber River.X2002.12.16",0.862298583984398,51,2002,"humber"
"Humber River.X2002.12.23",2.67461547851565,52,2002,"humber"
"Humber River.X2002.12.30",3.01943359375002,53,2002,"humber"
"Humber River.X2003.01.07",2.19631347656252,2,2003,"humber"
"Humber River.X2003.01.14",3.78923950195315,3,2003,"humber"
"Humber River.X2003.01.21",2.96016845703127,4,2003,"humber"
"Humber River.X2003.01.28",3.5473571777344,5,2003,"humber"
"Humber River.X2003.02.04",4.18880615234377,6,2003,"humber"
"Humber River.X2003.02.11",2.51482543945315,7,2003,"humber"
"Humber River.X2003.02.18",0.856500244140648,8,2003,"humber"
"Humber River.X2003.02.25",1.65154418945315,9,2003,"humber"
"Humber River.X2003.03.04",3.71517333984377,10,2003,"humber"
"Humber River.X2003.03.11",2.32647094726565,11,2003,"humber"
"Humber River.X2003.03.18",0.239373779296898,12,2003,"humber"
"Humber River.X2003.03.25",0.774133300781273,13,2003,"humber"
"Humber River.X2003.04.01",2.8471618652344,14,2003,"humber"
"Humber River.X2003.04.08",5.3768249511719,15,2003,"humber"
"Humber River.X2003.04.15",6.7639099121094,16,2003,"humber"
"Humber River.X2003.04.22",7.14821777343752,17,2003,"humber"
"Humber River.X2003.04.29",7.3106628417969,18,2003,"humber"
"Humber River.X2003.05.06",8.54793701171877,19,2003,"humber"
"Humber River.X2003.05.13",9.87044677734377,20,2003,"humber"
"Humber River.X2003.05.20",8.24721679687502,21,2003,"humber"
"Humber River.X2003.05.27",10.7961364746094,22,2003,"humber"
"Humber River.X2003.06.03",9.67446289062502,23,2003,"humber"
"Humber River.X2003.06.10",9.15117797851565,24,2003,"humber"
"Humber River.X2003.06.17",10.2648254394531,25,2003,"humber"
"Humber River.X2003.06.24",10.8481079101563,26,2003,"humber"
"Humber River.X2003.07.01",12.6644226074219,27,2003,"humber"
"Humber River.X2003.07.08",16.1984802246094,28,2003,"humber"
"Humber River.X2003.07.15",17.597314453125,29,2003,"humber"
"Humber River.X2003.07.22",15.8187805175781,30,2003,"humber"
"Humber River.X2003.07.29",15.9348693847656,31,2003,"humber"
"Humber River.X2003.08.05",17.2728515625,32,2003,"humber"
"Humber River.X2003.08.12",16.8668762207031,33,2003,"humber"
"Humber River.X2003.08.19",16.2748352050781,34,2003,"humber"
"Humber River.X2003.08.26",14.4978881835938,35,2003,"humber"
"Humber River.X2003.09.02",15.9315124511719,36,2003,"humber"
"Humber River.X2003.09.09",13.9706665039063,37,2003,"humber"
"Humber River.X2003.09.16",11.7055603027344,38,2003,"humber"
"Humber River.X2003.09.23",13.0629516601563,39,2003,"humber"
"Humber River.X2003.09.30",14.0499816894531,40,2003,"humber"
"Humber River.X2003.10.07",12.3537536621094,41,2003,"humber"
"Humber River.X2003.10.14",13.012353515625,42,2003,"humber"
"Humber River.X2003.10.21",10.3237243652344,43,2003,"humber"
"Humber River.X2003.10.28",9.65316162109377,44,2003,"humber"
"Humber River.X2003.11.04",6.5754333496094,45,2003,"humber"
"Humber River.X2003.11.11",9.94136962890627,46,2003,"humber"
"Humber River.X2003.11.18",8.78081665039065,47,2003,"humber"
"Humber River.X2003.11.25",5.23800048828127,48,2003,"humber"
"Humber River.X2003.12.02",2.89995727539065,49,2003,"humber"
"Humber River.X2003.12.09",4.69475708007815,50,2003,"humber"
"Humber River.X2003.12.16",4.3138366699219,51,2003,"humber"
"Humber River.X2003.12.23",3.0483337402344,52,2003,"humber"
"Humber River.X2003.12.30",3.83449707031252,53,2003,"humber"
"Humber River.X2004.01.07",4.18300781250002,2,2004,"humber"
"Humber River.X2004.01.14",3.19490966796877,3,2004,"humber"
"Humber River.X2004.01.21",3.1823669433594,4,2004,"humber"
"Humber River.X2004.01.28",3.3693786621094,5,2004,"humber"
"Humber River.X2004.02.04",3.35915527343752,6,2004,"humber"
"Humber River.X2004.02.11",2.9160095214844,7,2004,"humber"
"Humber River.X2004.02.18",0.362847900390648,8,2004,"humber"
"Humber River.X2004.02.25",0.351373291015648,9,2004,"humber"
"Humber River.X2004.03.03",1.73516235351565,10,2004,"humber"
"Humber River.X2004.03.10",7.57003173828127,11,2004,"humber"
"Humber River.X2004.03.17",8.45479736328127,12,2004,"humber"
"Humber River.X2004.03.24",8.6757751464844,13,2004,"humber"
"Humber River.X2004.03.31",6.69634399414065,14,2004,"humber"
"Humber River.X2004.04.07",9.00820312500002,15,2004,"humber"
"Humber River.X2004.04.14",9.59896240234377,16,2004,"humber"
"Humber River.X2004.04.21",10.7243591308594,17,2004,"humber"
"Humber River.X2004.04.28",10.4214721679688,18,2004,"humber"
"Humber River.X2004.05.05",9.89980468750002,19,2004,"humber"
"Humber River.X2004.05.12",13.4567199707031,20,2004,"humber"
"Humber River.X2004.05.19",12.7663513183594,21,2004,"humber"
"Humber River.X2004.05.26",14.8977905273438,22,2004,"humber"
"Humber River.X2004.06.02",15.7763610839844,23,2004,"humber"
"Humber River.X2004.06.09",15.0444885253906,24,2004,"humber"
"Humber River.X2004.06.16",16.1404968261719,25,2004,"humber"
"Humber River.X2004.06.23",15.3262878417969,26,2004,"humber"
"Humber River.X2004.06.30",18.6271606445313,27,2004,"humber"
"Humber River.X2004.07.07",16.4487243652344,28,2004,"humber"
"Humber River.X2004.07.14",16.9158874511719,29,2004,"humber"
"Humber River.X2004.07.21",20.0364624023438,30,2004,"humber"
"Humber River.X2004.07.28",21.1672912597656,31,2004,"humber"
"Humber River.X2004.08.04",16.8564392089844,32,2004,"humber"
"Humber River.X2004.08.11",17.6539245605469,33,2004,"humber"
"Humber River.X2004.08.18",17.878076171875,34,2004,"humber"
"Humber River.X2004.08.25",16.570947265625,35,2004,"humber"
"Humber River.X2004.09.01",17.3730102539063,36,2004,"humber"
"Humber River.X2004.09.08",16.4113708496094,37,2004,"humber"
"Humber River.X2004.09.15",16.724755859375,38,2004,"humber"
"Humber River.X2004.09.22",12.8591552734375,39,2004,"humber"
"Humber River.X2004.09.29",18.9903503417969,40,2004,"humber"
"Humber River.X2004.10.06",20.1920715332031,41,2004,"humber"
"Humber River.X2004.10.13",14.5881286621094,42,2004,"humber"
"Humber River.X2004.10.20",13.1524291992188,43,2004,"humber"
"Humber River.X2004.10.27",13.5557189941406,44,2004,"humber"
"Humber River.X2004.11.03",9.63033447265627,45,2004,"humber"
"Humber River.X2004.11.10",7.3443542480469,46,2004,"humber"
"Humber River.X2004.11.17",5.10930786132815,47,2004,"humber"
"Humber River.X2004.11.24",2.93416748046877,48,2004,"humber"
"Humber River.X2004.12.01",2.11116943359377,49,2004,"humber"
"Humber River.X2004.12.08",3.0511413574219,50,2004,"humber"
"Humber River.X2004.12.15",3.08626708984377,51,2004,"humber"
"Humber River.X2004.12.22",3.40999755859377,52,2004,"humber"
"Humber River.X2004.12.29",3.3161560058594,53,2004,"humber"
"Humber River.X2005.01.07",3.81267700195315,2,2005,"humber"
"Humber River.X2005.01.14",4.3376403808594,3,2005,"humber"
"Humber River.X2005.01.21",2.79311523437502,4,2005,"humber"
"Humber River.X2005.01.28",3.9256530761719,5,2005,"humber"
"Humber River.X2005.02.04",4.88063964843752,6,2005,"humber"
"Humber River.X2005.02.11",5.06331787109377,7,2005,"humber"
"Humber River.X2005.02.18",4.3362976074219,8,2005,"humber"
"Humber River.X2005.02.25",2.7997985839844,9,2005,"humber"
"Humber River.X2005.03.04",2.32048950195315,10,2005,"humber"
"Humber River.X2005.03.11",2.39507446289065,11,2005,"humber"
"Humber River.X2005.03.18",0.100000000000023,12,2005,"humber"
"Humber River.X2005.03.25",0.100000000000023,13,2005,"humber"
"Humber River.X2005.04.01",0.199487304687523,14,2005,"humber"
"Humber River.X2005.04.08",0.745202636718773,15,2005,"humber"
"Humber River.X2005.04.15",6.46810302734377,16,2005,"humber"
"Humber River.X2005.04.22",7.1911560058594,17,2005,"humber"
"Humber River.X2005.04.29",7.58400878906252,18,2005,"humber"
"Humber River.X2005.05.06",8.6144958496094,19,2005,"humber"
"Humber River.X2005.05.13",10.225732421875,20,2005,"humber"
"Humber River.X2005.05.20",8.90825805664065,21,2005,"humber"
"Humber River.X2005.05.27",10.3699279785156,22,2005,"humber"
"Humber River.X2005.06.03",12.172021484375,23,2005,"humber"
"Humber River.X2005.06.10",10.2271667480469,24,2005,"humber"
"Humber River.X2005.06.17",11.1864562988281,25,2005,"humber"
"Humber River.X2005.06.24",11.8105102539063,26,2005,"humber"
"Humber River.X2005.07.01",11.9663940429688,27,2005,"humber"
"Humber River.X2005.07.08",15.3008972167969,28,2005,"humber"
"Humber River.X2005.07.15",17.1403747558594,29,2005,"humber"
"Humber River.X2005.07.22",17.0205627441406,30,2005,"humber"
"Humber River.X2005.07.29",17.9902282714844,31,2005,"humber"
"Humber River.X2005.08.05",16.2463317871094,32,2005,"humber"
"Humber River.X2005.08.12",16.5642639160156,33,2005,"humber"
"Humber River.X2005.08.19",18.0391479492188,34,2005,"humber"
"Humber River.X2005.08.26",15.2643676757813,35,2005,"humber"
"Humber River.X2005.09.02",15.4383483886719,36,2005,"humber"
"Humber River.X2005.09.09",15.8107849121094,37,2005,"humber"
"Humber River.X2005.09.16",13.5740905761719,38,2005,"humber"
"Humber River.X2005.09.23",10.2435546875,39,2005,"humber"
"Humber River.X2005.09.30",12.3258605957031,40,2005,"humber"
"Humber River.X2005.10.07",11.6984497070313,41,2005,"humber"
"Humber River.X2005.10.14",13.8918090820313,42,2005,"humber"
"Humber River.X2005.10.21",10.9445739746094,43,2005,"humber"
"Humber River.X2005.10.28",9.4487243652344,44,2005,"humber"
"Humber River.X2005.11.04",7.61446533203127,45,2005,"humber"
"Humber River.X2005.11.11",8.72817382812502,46,2005,"humber"
"Humber River.X2005.11.18",4.64766845703127,47,2005,"humber"
"Humber River.X2005.11.25",4.8691345214844,48,2005,"humber"
"Humber River.X2005.12.02",4.39006958007815,49,2005,"humber"
"Humber River.X2005.12.09",4.6662536621094,50,2005,"humber"
"Humber River.X2005.12.16",4.6551452636719,51,2005,"humber"
"Humber River.X2005.12.23",4.66607055664065,52,2005,"humber"
"Humber River.X2005.12.30",4.20647583007815,53,2005,"humber"
"Humber River.X2006.01.07",4.67501220703127,2,2006,"humber"
"Humber River.X2006.01.14",4.3267761230469,3,2006,"humber"
"Humber River.X2006.01.21",3.87737426757815,4,2006,"humber"
"Humber River.X2006.01.28",5.2764831542969,5,2006,"humber"
"Humber River.X2006.02.04",4.50786743164065,6,2006,"humber"
"Humber River.X2006.02.11",4.1317077636719,7,2006,"humber"
"Humber River.X2006.02.18",1.8399597167969,8,2006,"humber"
"Humber River.X2006.02.25",4.17684326171877,9,2006,"humber"
"Humber River.X2006.03.04",4.60662231445315,10,2006,"humber"
"Humber River.X2006.03.11",4.56954345703127,11,2006,"humber"
"Humber River.X2006.03.18",4.73177490234377,12,2006,"humber"
"Humber River.X2006.03.25",4.80034790039065,13,2006,"humber"
"Humber River.X2006.04.01",5.62297973632815,14,2006,"humber"
"Humber River.X2006.04.08",6.2385192871094,15,2006,"humber"
"Humber River.X2006.04.15",6.54531250000002,16,2006,"humber"
"Humber River.X2006.04.22",8.71477661132815,17,2006,"humber"
"Humber River.X2006.04.29",8.3914733886719,18,2006,"humber"
"Humber River.X2006.05.06",9.08330688476565,19,2006,"humber"
"Humber River.X2006.05.13",8.23702392578127,20,2006,"humber"
"Humber River.X2006.05.20",9.08858642578127,21,2006,"humber"
"Humber River.X2006.05.27",10.6736694335938,22,2006,"humber"
"Humber River.X2006.06.03",12.5770202636719,23,2006,"humber"
"Humber River.X2006.06.10",15.8334899902344,24,2006,"humber"
"Humber River.X2006.06.17",16.3767333984375,25,2006,"humber"
"Humber River.X2006.06.24",14.8981262207031,26,2006,"humber"
"Humber River.X2006.07.01",15.7784057617188,27,2006,"humber"
"Humber River.X2006.07.08",18.6989685058594,28,2006,"humber"
"Humber River.X2006.07.15",19.7319885253906,29,2006,"humber"
"Humber River.X2006.07.22",20.2819763183594,30,2006,"humber"
"Humber River.X2006.07.29",19.1139770507813,31,2006,"humber"
"Humber River.X2006.08.05",18.8095336914063,32,2006,"humber"
"Humber River.X2006.08.12",19.3251892089844,33,2006,"humber"
"Humber River.X2006.08.19",16.3751159667969,34,2006,"humber"
"Humber River.X2006.08.26",15.7789245605469,35,2006,"humber"
"Humber River.X2006.09.02",15.3096252441406,36,2006,"humber"
"Humber River.X2006.09.09",17.0512023925781,37,2006,"humber"
"Humber River.X2006.09.16",15.56337890625,38,2006,"humber"
"Humber River.X2006.09.23",15.0459228515625,39,2006,"humber"
"Humber River.X2006.09.30",15.5590759277344,40,2006,"humber"
"Humber River.X2006.10.07",11.5579467773438,41,2006,"humber"
"Humber River.X2006.10.14",13.0777221679688,42,2006,"humber"
"Humber River.X2006.10.21",9.76043090820315,43,2006,"humber"
"Humber River.X2006.10.28",9.91729125976565,44,2006,"humber"
"Humber River.X2006.11.04",12.3920837402344,45,2006,"humber"
"Humber River.X2006.11.11",11.2968688964844,46,2006,"humber"
"Humber River.X2006.11.18",8.59038696289065,47,2006,"humber"
"Humber River.X2006.11.25",7.1833435058594,48,2006,"humber"
"Humber River.X2006.12.02",3.8467956542969,49,2006,"humber"
"Humber River.X2006.12.09",3.14251098632815,50,2006,"humber"
"Humber River.X2006.12.16",3.21224365234377,51,2006,"humber"
"Humber River.X2006.12.23",2.38570556640627,52,2006,"humber"
"Humber River.X2006.12.30",3.04155883789065,53,2006,"humber"
"Humber River.X2007.01.07",2.4875427246094,2,2007,"humber"
"Humber River.X2007.01.14",1.72493896484377,3,2007,"humber"
"Humber River.X2007.01.21",1.9451843261719,4,2007,"humber"
"Humber River.X2007.01.28",2.58025512695315,5,2007,"humber"
"Humber River.X2007.02.04",2.51949462890627,6,2007,"humber"
"Humber River.X2007.02.11",0.288507080078148,7,2007,"humber"
"Humber River.X2007.02.18",1.1238952636719,8,2007,"humber"
"Humber River.X2007.02.25",1.5916687011719,9,2007,"humber"
"Humber River.X2007.03.04",0.764367675781273,10,2007,"humber"
"Humber River.X2007.03.11",0.100000000000023,11,2007,"humber"
"Humber River.X2007.03.18",0.100000000000023,12,2007,"humber"
"Humber River.X2007.03.25",0.246026611328148,13,2007,"humber"
"Humber River.X2007.04.01",0.100000000000023,14,2007,"humber"
"Humber River.X2007.04.08",4.15487060546877,15,2007,"humber"
"Humber River.X2007.04.15",5.29134521484377,16,2007,"humber"
"Humber River.X2007.04.22",6.61895141601565,17,2007,"humber"
"Humber River.X2007.04.29",13.5082946777344,18,2007,"humber"
"Humber River.X2007.05.06",11.2708679199219,19,2007,"humber"
"Humber River.X2007.05.13",8.68081054687502,20,2007,"humber"
"Humber River.X2007.05.20",9.45174560546877,21,2007,"humber"
"Humber River.X2007.05.27",13.3043762207031,22,2007,"humber"
"Humber River.X2007.06.03",14.2604919433594,23,2007,"humber"
"Humber River.X2007.06.10",14.7172485351563,24,2007,"humber"
"Humber River.X2007.06.17",13.1760192871094,25,2007,"humber"
"Humber River.X2007.06.24",16.7736450195313,26,2007,"humber"
"Humber River.X2007.07.01",16.7707153320313,27,2007,"humber"
"Humber River.X2007.07.08",19.0626159667969,28,2007,"humber"
"Humber River.X2007.07.15",19.1059509277344,29,2007,"humber"
"Humber River.X2007.07.22",19.3109680175781,30,2007,"humber"
"Humber River.X2007.07.29",20.3078552246094,31,2007,"humber"
"Humber River.X2007.08.05",21.6955505371094,32,2007,"humber"
"Humber River.X2007.08.12",19.3307434082031,33,2007,"humber"
"Humber River.X2007.08.19",19.5299011230469,34,2007,"humber"
"Humber River.X2007.08.26",16.69423828125,35,2007,"humber"
"Humber River.X2007.09.02",18.8057800292969,36,2007,"humber"
"Humber River.X2007.09.09",18.3588806152344,37,2007,"humber"
"Humber River.X2007.09.16",17.0302368164063,38,2007,"humber"
"Humber River.X2007.09.23",14.4336486816406,39,2007,"humber"
"Humber River.X2007.09.30",12.1177917480469,40,2007,"humber"
"Humber River.X2007.10.07",11.9407287597656,41,2007,"humber"
"Humber River.X2007.10.14",10.1430603027344,42,2007,"humber"
"Humber River.X2007.10.21",10.9343811035156,43,2007,"humber"
"Humber River.X2007.10.28",10.7128845214844,44,2007,"humber"
"Humber River.X2007.11.04",8.59310302734377,45,2007,"humber"
"Humber River.X2007.11.11",8.6536804199219,46,2007,"humber"
"Humber River.X2007.11.18",6.57305297851565,47,2007,"humber"
"Humber River.X2007.11.25",8.3015075683594,48,2007,"humber"
"Humber River.X2007.12.02",2.66549072265627,49,2007,"humber"
"Humber River.X2007.12.09",1.69771728515627,50,2007,"humber"
"Humber River.X2007.12.16",4.3886657714844,51,2007,"humber"
"Humber River.X2007.12.23",2.65957031250002,52,2007,"humber"
"Humber River.X2007.12.30",2.5367370605469,53,2007,"humber"
"Humber River.X2008.01.07",1.1574645996094,2,2008,"humber"
"Humber River.X2008.01.14",2.37639770507815,3,2008,"humber"
"Humber River.X2008.01.21",2.42623291015627,4,2008,"humber"
"Humber River.X2008.01.28",2.48088989257815,5,2008,"humber"
"Humber River.X2008.02.04",2.3200622558594,6,2008,"humber"
"Humber River.X2008.02.11",0.151116943359398,7,2008,"humber"
"Humber River.X2008.02.18",0.228265380859398,8,2008,"humber"
"Humber River.X2008.02.25",0.576257324218773,9,2008,"humber"
"Humber River.X2008.03.03",1.16838989257815,10,2008,"humber"
"Humber River.X2008.03.10",0.727716064453148,11,2008,"humber"
"Humber River.X2008.03.17",1.30867919921877,12,2008,"humber"
"Humber River.X2008.03.24",0.387811279296898,13,2008,"humber"
"Humber River.X2008.03.31",3.18816528320315,14,2008,"humber"
"Humber River.X2008.04.07",6.7885681152344,15,2008,"humber"
"Humber River.X2008.04.14",7.70342407226565,16,2008,"humber"
"Humber River.X2008.04.21",10.8490234375,17,2008,"humber"
"Humber River.X2008.04.28",11.0087524414063,18,2008,"humber"
"Humber River.X2008.05.05",13.2276550292969,19,2008,"humber"
"Humber River.X2008.05.12",16.8140808105469,20,2008,"humber"
"Humber River.X2008.05.19",17.4172912597656,21,2008,"humber"
"Humber River.X2008.05.26",17.5314270019531,22,2008,"humber"
"Humber River.X2008.06.02",17.8220153808594,23,2008,"humber"
"Humber River.X2008.06.09",18.8109985351563,24,2008,"humber"
"Humber River.X2008.06.16",16.6402526855469,25,2008,"humber"
"Humber River.X2008.06.23",21.8483215332031,26,2008,"humber"
"Humber River.X2008.06.30",19.4513488769531,27,2008,"humber"
"Humber River.X2008.07.07",18.9776550292969,28,2008,"humber"
"Humber River.X2008.07.14",20.0981079101563,29,2008,"humber"
"Humber River.X2008.07.21",20.49794921875,30,2008,"humber"
"Humber River.X2008.07.28",22.5830017089844,31,2008,"humber"
"Humber River.X2008.08.04",22.7981506347656,32,2008,"humber"
"Humber River.X2008.08.11",21.5843139648438,33,2008,"humber"
"Humber River.X2008.08.18",16.1382995605469,34,2008,"humber"
"Humber River.X2008.08.25",16.7192321777344,35,2008,"humber"
"Humber River.X2008.09.01",16.4661193847656,36,2008,"humber"
"Humber River.X2008.09.08",17.0322509765625,37,2008,"humber"
"Humber River.X2008.09.15",16.3967834472656,38,2008,"humber"
"Humber River.X2008.09.22",20.3989807128906,39,2008,"humber"
"Humber River.X2008.09.29",14.2515197753906,40,2008,"humber"
"Humber River.X2008.10.06",17.4079223632813,41,2008,"humber"
"Humber River.X2008.10.13",15.7288146972656,42,2008,"humber"
"Humber River.X2008.10.20",12.6310363769531,43,2008,"humber"
"Humber River.X2008.10.27",10.5563293457031,44,2008,"humber"
"Humber River.X2008.11.03",11.4191528320313,45,2008,"humber"
"Humber River.X2008.11.10",7.9805847167969,46,2008,"humber"
"Humber River.X2008.11.17",2.4245544433594,47,2008,"humber"
"Humber River.X2008.11.24",4.13103637695315,48,2008,"humber"
"Humber River.X2008.12.01",2.06157836914065,49,2008,"humber"
"Humber River.X2008.12.08",2.59072265625002,50,2008,"humber"
"Humber River.X2008.12.15",2.5367370605469,51,2008,"humber"
"Humber River.X2008.12.22",1.63958129882815,52,2008,"humber"
"Humber River.X2008.12.29",2.0205017089844,53,2008,"humber"
"Humber River.X2009.01.07",0.748468017578148,2,2009,"humber"
"Humber River.X2009.01.14",1.80037841796877,3,2009,"humber"
"Humber River.X2009.01.21",1.2369323730469,4,2009,"humber"
"Humber River.X2009.01.28",0.155511474609398,5,2009,"humber"
"Humber River.X2009.02.04",0.399896240234398,6,2009,"humber"
"Humber River.X2009.02.11",0.100000000000023,7,2009,"humber"
"Humber River.X2009.02.18",0.130822753906273,8,2009,"humber"
"Humber River.X2009.02.25",0.100000000000023,9,2009,"humber"
"Humber River.X2009.03.04",1.19085083007815,10,2009,"humber"
"Humber River.X2009.03.11",5.04305419921877,11,2009,"humber"
"Humber River.X2009.03.18",11.0252014160156,12,2009,"humber"
"Humber River.X2009.03.25",5.38091430664065,13,2009,"humber"
"Humber River.X2009.04.01",5.73665771484377,14,2009,"humber"
"Humber River.X2009.04.08",8.0239196777344,15,2009,"humber"
"Humber River.X2009.04.15",11.9115539550781,16,2009,"humber"
"Humber River.X2009.04.22",10.4540649414063,17,2009,"humber"
"Humber River.X2009.04.29",12.5549255371094,18,2009,"humber"
"Humber River.X2009.05.06",12.8059936523438,19,2009,"humber"
"Humber River.X2009.05.13",19.3383117675781,20,2009,"humber"
"Humber River.X2009.05.20",14.8959594726563,21,2009,"humber"
"Humber River.X2009.05.27",18.2111755371094,22,2009,"humber"
"Humber River.X2009.06.03",22.3949829101563,23,2009,"humber"
"Humber River.X2009.06.10",17.7171569824219,24,2009,"humber"
"Humber River.X2009.06.17",20.2015930175781,25,2009,"humber"
"Humber River.X2009.06.24",22.7296691894531,26,2009,"humber"
"Humber River.X2009.07.01",21.74501953125,27,2009,"humber"
"Humber River.X2009.07.08",21.6661010742188,28,2009,"humber"
"Humber River.X2009.07.15",23.1765075683594,29,2009,"humber"
"Humber River.X2009.07.22",21.2622924804688,30,2009,"humber"
"Humber River.X2009.07.29",26.6886535644531,31,2009,"humber"
"Humber River.X2009.08.05",25.8419738769531,32,2009,"humber"
"Humber River.X2009.08.12",24.6442199707031,33,2009,"humber"
"Humber River.X2009.08.19",21.1347290039063,34,2009,"humber"
"Humber River.X2009.08.26",21.5920349121094,35,2009,"humber"
"Humber River.X2009.09.02",19.1232238769531,36,2009,"humber"
"Humber River.X2009.09.09",18.5694213867188,37,2009,"humber"
"Humber River.X2009.09.16",17.1269165039063,38,2009,"humber"
"Humber River.X2009.09.23",16.5683532714844,39,2009,"humber"
"Humber River.X2009.09.30",16.1032043457031,40,2009,"humber"
"Humber River.X2009.10.07",16.2414489746094,41,2009,"humber"
"Humber River.X2009.10.14",12.0552307128906,42,2009,"humber"
"Humber River.X2009.10.21",9.4085632324219,43,2009,"humber"
"Humber River.X2009.10.28",8.6323181152344,44,2009,"humber"
"Humber River.X2009.11.04",4.4205261230469,45,2009,"humber"
"Humber River.X2009.11.11",7.6284118652344,46,2009,"humber"
"Humber River.X2009.11.18",6.55965576171877,47,2009,"humber"
"Humber River.X2009.11.25",4.08278808593752,48,2009,"humber"
"Humber River.X2009.12.02",2.75441894531252,49,2009,"humber"
"Humber River.X2009.12.09",1.64107666015627,50,2009,"humber"
"Humber River.X2009.12.16",0.647515869140648,51,2009,"humber"
"Humber River.X2009.12.23",0.304040527343773,52,2009,"humber"
"Humber River.X2009.12.30",1.3493591308594,53,2009,"humber"
"Humber River.X2010.01.07",0.658624267578148,2,2010,"humber"
"Humber River.X2010.01.14",1.1199890136719,3,2010,"humber"
"Humber River.X2010.01.21",1.43441162109377,4,2010,"humber"
"Humber River.X2010.01.28",1.36712036132815,5,2010,"humber"
"Humber River.X2010.02.04",0.941796875000023,6,2010,"humber"
"Humber River.X2010.02.11",1.09243164062502,7,2010,"humber"
"Humber River.X2010.02.18",0.436151123046898,8,2010,"humber"
"Humber River.X2010.02.25",0.710260009765648,9,2010,"humber"
"Humber River.X2010.03.04",0.478570556640648,10,2010,"humber"
"Humber River.X2010.03.11",0.125299072265648,11,2010,"humber"
"Humber River.X2010.03.18",0.100000000000023,12,2010,"humber"
"Humber River.X2010.03.25",0.100000000000023,13,2010,"humber"
"Humber River.X2010.04.01",0.100000000000023,14,2010,"humber"
"Humber River.X2010.04.08",0.128015136718773,15,2010,"humber"
"Humber River.X2010.04.15",0.100000000000023,16,2010,"humber"
"Humber River.X2010.04.22",0.100000000000023,17,2010,"humber"
"Humber River.X2010.04.29",7.47457275390627,18,2010,"humber"
"Humber River.X2010.05.06",13.5492492675781,19,2010,"humber"
"Humber River.X2010.05.13",16.1008850097656,20,2010,"humber"
"Humber River.X2010.05.20",14.2033020019531,21,2010,"humber"
"Humber River.X2010.05.27",18.8359619140625,22,2010,"humber"
"Humber River.X2010.06.03",19.4960876464844,23,2010,"humber"
"Humber River.X2010.06.10",17.7813354492188,24,2010,"humber"
"Humber River.X2010.06.17",21.8878112792969,25,2010,"humber"
"Humber River.X2010.06.24",24.0191589355469,26,2010,"humber"
"Humber River.X2010.07.01",22.1840148925781,27,2010,"humber"
"Humber River.X2010.07.08",24.2883239746094,28,2010,"humber"
"Humber River.X2010.07.15",24.695703125,29,2010,"humber"
"Humber River.X2010.07.22",25.1203247070313,30,2010,"humber"
"Humber River.X2010.07.29",24.6352478027344,31,2010,"humber"
"Humber River.X2010.08.05",25.4811950683594,32,2010,"humber"
"Humber River.X2010.08.12",26.649560546875,33,2010,"humber"
"Humber River.X2010.08.19",24.31826171875,34,2010,"humber"
"Humber River.X2010.08.26",22.2011352539063,35,2010,"humber"
"Humber River.X2010.09.02",21.8810974121094,36,2010,"humber"
"Humber River.X2010.09.09",20.9864440917969,37,2010,"humber"
"Humber River.X2010.09.16",14.8410583496094,38,2010,"humber"
"Humber River.X2010.09.23",14.9007507324219,39,2010,"humber"
"Humber River.X2010.09.30",16.1839538574219,40,2010,"humber"
"Humber River.X2010.10.07",12.4967895507813,41,2010,"humber"
"Humber River.X2010.10.14",13.2926879882813,42,2010,"humber"
"Humber River.X2010.10.21",10.8783813476563,43,2010,"humber"
"Humber River.X2010.10.28",6.99910888671877,44,2010,"humber"
"Humber River.X2010.11.04",7.8525329589844,45,2010,"humber"
"Humber River.X2010.11.11",8.1030212402344,46,2010,"humber"
"Humber River.X2010.11.18",4.20003662109377,47,2010,"humber"
"Humber River.X2010.11.25",1.63945922851565,48,2010,"humber"
"Humber River.X2010.12.02",2.85039672851565,49,2010,"humber"
"Humber River.X2010.12.09",1.4130798339844,50,2010,"humber"
"Humber River.X2010.12.16",1.17012939453127,51,2010,"humber"
"Humber River.X2010.12.23",1.41228637695315,52,2010,"humber"
"Humber River.X2010.12.30",0.860711669921898,53,2010,"humber"
"Humber River.X2011.01.07",1.32406005859377,2,2011,"humber"
"Humber River.X2011.01.14",0.973107910156273,3,2011,"humber"
"Humber River.X2011.01.21",0.425317382812523,4,2011,"humber"
"Humber River.X2011.01.28",0.335687255859398,5,2011,"humber"
"Humber River.X2011.02.04",0.355218505859398,6,2011,"humber"
"Humber River.X2011.02.11",0.139154052734398,7,2011,"humber"
"Humber River.X2011.02.18",0.243432617187523,8,2011,"humber"
"Humber River.X2011.02.25",0.933557128906273,9,2011,"humber"
"Humber River.X2011.03.04",0.495751953125023,10,2011,"humber"
"Humber River.X2011.03.11",0.100000000000023,11,2011,"humber"
"Humber River.X2011.03.18",0.100000000000023,12,2011,"humber"
"Humber River.X2011.03.25",0.278344726562523,13,2011,"humber"
"Humber River.X2011.04.01",0.100000000000023,14,2011,"humber"
"Humber River.X2011.04.08",1.60698852539065,15,2011,"humber"
"Humber River.X2011.04.15",7.75240478515627,16,2011,"humber"
"Humber River.X2011.04.22",10.4203430175781,17,2011,"humber"
"Humber River.X2011.04.29",12.2699523925781,18,2011,"humber"
"Humber River.X2011.05.06",8.6038757324219,19,2011,"humber"
"Humber River.X2011.05.13",12.2191711425781,20,2011,"humber"
"Humber River.X2011.05.20",11.238916015625,21,2011,"humber"
"Humber River.X2011.05.27",10.9787231445313,22,2011,"humber"
"Humber River.X2011.06.03",13.1297546386719,23,2011,"humber"
"Humber River.X2011.06.10",15.9197021484375,24,2011,"humber"
"Humber River.X2011.06.17",20.2139221191406,25,2011,"humber"
"Humber River.X2011.06.24",17.7963806152344,26,2011,"humber"
"Humber River.X2011.07.01",22.9883972167969,27,2011,"humber"
"Humber River.X2011.07.08",24.9827514648438,28,2011,"humber"
"Humber River.X2011.07.15",21.1753479003906,29,2011,"humber"
"Humber River.X2011.07.22",18.6042419433594,30,2011,"humber"
"Humber River.X2011.07.29",19.3463989257813,31,2011,"humber"
"Humber River.X2011.08.05",21.6360717773438,32,2011,"humber"
"Humber River.X2011.08.12",21.7937866210938,33,2011,"humber"
"Humber River.X2011.08.19",21.5577026367188,34,2011,"humber"
"Humber River.X2011.08.26",18.9723449707031,35,2011,"humber"
"Humber River.X2011.09.02",15.7550903320313,36,2011,"humber"
"Humber River.X2011.09.09",17.1237426757813,37,2011,"humber"
"Humber River.X2011.09.16",15.0923706054688,38,2011,"humber"
"Humber River.X2011.09.23",14.8996520996094,39,2011,"humber"
"Humber River.X2011.09.30",12.9751220703125,40,2011,"humber"
"Humber River.X2011.10.07",10.6292663574219,41,2011,"humber"
"Humber River.X2011.10.14",11.9958435058594,42,2011,"humber"
"Humber River.X2011.10.21",11.5786071777344,43,2011,"humber"
"Humber River.X2011.10.28",9.4315124511719,44,2011,"humber"
"Humber River.X2011.11.04",8.8957458496094,45,2011,"humber"
"Humber River.X2011.11.11",6.4918151855469,46,2011,"humber"
"Humber River.X2011.11.18",5.4993835449219,47,2011,"humber"
"Humber River.X2011.11.25",2.75371704101565,48,2011,"humber"
"Humber River.X2011.12.02",4.25594482421877,49,2011,"humber"
"Humber River.X2011.12.09",2.66326293945315,50,2011,"humber"
"Humber River.X2011.12.16",2.86385498046877,51,2011,"humber"
"Humber River.X2011.12.23",3.96254882812502,52,2011,"humber"
"Humber River.X2011.12.30",1.98653564453127,53,2011,"humber"
"Humber River.X2012.01.07",0.763024902343773,2,2012,"humber"
"Humber River.X2012.01.14",0.969262695312523,3,2012,"humber"
"Humber River.X2012.01.21",0.831140136718773,4,2012,"humber"
"Humber River.X2012.01.28",0.880303955078148,5,2012,"humber"
"Humber River.X2012.02.04",1.61129150390627,6,2012,"humber"
"Humber River.X2012.02.11",1.2387634277344,7,2012,"humber"
"Humber River.X2012.02.18",0.584802246093773,8,2012,"humber"
"Humber River.X2012.02.25",0.979913330078148,9,2012,"humber"
"Humber River.X2012.03.03",1.8845153808594,10,2012,"humber"
"Humber River.X2012.03.10",2.27266845703127,11,2012,"humber"
"Humber River.X2012.03.17",0.790216064453148,12,2012,"humber"
"Humber River.X2012.03.24",0.100000000000023,13,2012,"humber"
"Humber River.X2012.03.31",3.99727783203127,14,2012,"humber"
"Humber River.X2012.04.07",7.61409912109377,15,2012,"humber"
"Humber River.X2012.04.14",5.58867797851565,16,2012,"humber"
"Humber River.X2012.04.21",7.05678710937502,17,2012,"humber"
"Humber River.X2012.04.28",8.2366882324219,18,2012,"humber"
"Humber River.X2012.05.05",11.1914001464844,19,2012,"humber"
"Humber River.X2012.05.12",9.90703735351565,20,2012,"humber"
"Humber River.X2012.05.19",10.9809509277344,21,2012,"humber"
"Humber River.X2012.05.26",12.949365234375,22,2012,"humber"
"Humber River.X2012.06.02",16.6854797363281,23,2012,"humber"
"Humber River.X2012.06.09",20.5446716308594,24,2012,"humber"
"Humber River.X2012.06.16",15.9905639648438,25,2012,"humber"
"Humber River.X2012.06.23",17.4423156738281,26,2012,"humber"
"Humber River.X2012.06.30",20.5990234375,27,2012,"humber"
"Humber River.X2012.07.07",17.6472717285156,28,2012,"humber"
"Humber River.X2012.07.14",19.79580078125,29,2012,"humber"
"Humber River.X2012.07.21",20.0275817871094,30,2012,"humber"
"Humber River.X2012.07.28",19.6831604003906,31,2012,"humber"
"Humber River.X2012.08.04",20.3666320800781,32,2012,"humber"
"Humber River.X2012.08.11",17.9075561523438,33,2012,"humber"
"Humber River.X2012.08.18",17.6318603515625,34,2012,"humber"
"Humber River.X2012.08.25",16.9532409667969,35,2012,"humber"
"Humber River.X2012.09.01",16.0943542480469,36,2012,"humber"
"Humber River.X2012.09.08",17.0805603027344,37,2012,"humber"
"Humber River.X2012.09.15",14.4128051757813,38,2012,"humber"
"Humber River.X2012.09.22",12.3980041503906,39,2012,"humber"
"Humber River.X2012.09.29",9.48955688476565,40,2012,"humber"
"Humber River.X2012.10.06",11.1266723632813,41,2012,"humber"
"Humber River.X2012.10.13",12.1072326660156,42,2012,"humber"
"Humber River.X2012.10.20",10.4633117675781,43,2012,"humber"
"Humber River.X2012.10.27",8.77153930664065,44,2012,"humber"
"Humber River.X2012.11.03",7.3059020996094,45,2012,"humber"
"Humber River.X2012.11.10",8.5873962402344,46,2012,"humber"
"Humber River.X2012.11.17",5.55501708984377,47,2012,"humber"
"Humber River.X2012.11.24",3.37935791015627,48,2012,"humber"
"Humber River.X2012.12.01",2.04070434570315,49,2012,"humber"
"Humber River.X2012.12.08",4.08818969726565,50,2012,"humber"
"Humber River.X2012.12.15",5.51116333007815,51,2012,"humber"
"Humber River.X2012.12.22",2.99187622070315,52,2012,"humber"
"Humber River.X2012.12.29",2.5250183105469,53,2012,"humber"
"Humber River.X2013.01.07",2.66280517578127,2,2013,"humber"
"Humber River.X2013.01.14",2.88900146484377,3,2013,"humber"
"Humber River.X2013.01.21",2.3477722167969,4,2013,"humber"
"Humber River.X2013.01.28",0.711877441406273,5,2013,"humber"
"Humber River.X2013.02.04",0.670831298828148,6,2013,"humber"
"Humber River.X2013.02.11",0.585168457031273,7,2013,"humber"
"Humber River.X2013.02.18",2.27224121093752,8,2013,"humber"
"Humber River.X2013.02.25",1.74923095703127,9,2013,"humber"
"Humber River.X2013.03.04",0.523309326171898,10,2013,"humber"
"Humber River.X2013.03.11",1.86614379882815,11,2013,"humber"
"Humber River.X2013.03.18",0.778131103515648,12,2013,"humber"
"Humber River.X2013.03.25",0.100000000000023,13,2013,"humber"
"Humber River.X2013.04.01",0.299340820312523,14,2013,"humber"
"Humber River.X2013.04.08",5.67788085937502,15,2013,"humber"
"Humber River.X2013.04.15",11.3815856933594,16,2013,"humber"
"Humber River.X2013.04.22",9.4335876464844,17,2013,"humber"
"Humber River.X2013.04.29",11.2045227050781,18,2013,"humber"
"Humber River.X2013.05.06",11.2120300292969,19,2013,"humber"
"Humber River.X2013.05.13",12.5586791992188,20,2013,"humber"
"Humber River.X2013.05.20",12.4827819824219,21,2013,"humber"
"Humber River.X2013.05.27",14.5275817871094,22,2013,"humber"
"Humber River.X2013.06.03",14.4246154785156,23,2013,"humber"
"Humber River.X2013.06.10",13.0258728027344,24,2013,"humber"
"Humber River.X2013.06.17",15.5636535644531,25,2013,"humber"
"Humber River.X2013.06.24",16.9020629882813,26,2013,"humber"
"Humber River.X2013.07.01",15.5601440429688,27,2013,"humber"
"Humber River.X2013.07.08",18.9984069824219,28,2013,"humber"
"Humber River.X2013.07.15",21.8777404785156,29,2013,"humber"
"Humber River.X2013.07.22",18.7753845214844,30,2013,"humber"
"Humber River.X2013.07.29",15.3914123535156,31,2013,"humber"
"Humber River.X2013.08.05",17.8880249023438,32,2013,"humber"
"Humber River.X2013.08.12",16.0754943847656,33,2013,"humber"
"Humber River.X2013.08.19",17.2554870605469,34,2013,"humber"
"Humber River.X2013.08.26",16.8285461425781,35,2013,"humber"
"Humber River.X2013.09.02",11.9854370117188,36,2013,"humber"
"Humber River.X2013.09.09",12.8391052246094,37,2013,"humber"
"Humber River.X2013.09.16",14.4856811523438,38,2013,"humber"
"Humber River.X2013.09.23",12.3160034179688,39,2013,"humber"
"Humber River.X2013.09.30",16.1832214355469,40,2013,"humber"
"Humber River.X2013.10.07",15.8039184570313,41,2013,"humber"
"Humber River.X2013.10.14",12.5822692871094,42,2013,"humber"
"Humber River.X2013.10.21",9.22454223632815,43,2013,"humber"
"Humber River.X2013.10.28",6.53045043945315,44,2013,"humber"
"Humber River.X2013.11.04",3.25615844726565,45,2013,"humber"
"Humber River.X2013.11.11",2.18743286132815,46,2013,"humber"
"Humber River.X2013.11.18",3.99459228515627,47,2013,"humber"
"Humber River.X2013.11.25",2.82088623046877,48,2013,"humber"
"Humber River.X2013.12.02",7.24544677734377,49,2013,"humber"
"Humber River.X2013.12.09",4.84783325195315,50,2013,"humber"
"Humber River.X2013.12.16",4.09588012695315,51,2013,"humber"
"Humber River.X2013.12.23",3.62651977539065,52,2013,"humber"
"Humber River.X2013.12.30",5.24385986328127,53,2013,"humber"
"Rifle River.X2012.01.07",0.125238037109398,2,2012,"rifle"
"Rifle River.X2012.01.14",0.321527099609398,3,2012,"rifle"
"Rifle River.X2012.01.21",0.880059814453148,4,2012,"rifle"
"Rifle River.X2012.01.28",2.06948242187502,5,2012,"rifle"
"Rifle River.X2012.02.04",0.821466064453148,6,2012,"rifle"
"Rifle River.X2012.02.11",0.450250244140648,7,2012,"rifle"
"Rifle River.X2012.02.18",0.971551513671898,8,2012,"rifle"
"Rifle River.X2012.02.25",1.70437011718752,9,2012,"rifle"
"Rifle River.X2012.03.03",1.28878173828127,10,2012,"rifle"
"Rifle River.X2012.03.10",0.865686035156273,11,2012,"rifle"
"Rifle River.X2012.03.17",2.50933227539065,12,2012,"rifle"
"Rifle River.X2012.03.24",6.56524047851565,13,2012,"rifle"
"Rifle River.X2012.03.31",10.0022521972656,14,2012,"rifle"
"Rifle River.X2012.04.07",11.6943908691406,15,2012,"rifle"
"Rifle River.X2012.04.14",9.7547546386719,16,2012,"rifle"
"Rifle River.X2012.04.21",11.1733032226563,17,2012,"rifle"
"Rifle River.X2012.04.28",13.4299255371094,18,2012,"rifle"
"Rifle River.X2012.05.05",20.2684265136719,19,2012,"rifle"
"Rifle River.X2012.05.12",21.6718078613281,20,2012,"rifle"
"Rifle River.X2012.05.19",18.9555297851563,21,2012,"rifle"
"Rifle River.X2012.05.26",24.4062133789063,22,2012,"rifle"
"Rifle River.X2012.06.02",30.0104614257813,23,2012,"rifle"
"Rifle River.X2012.06.09",31.8984924316406,24,2012,"rifle"
"Rifle River.X2012.06.16",28.3549133300781,25,2012,"rifle"
"Rifle River.X2012.06.23",27.5031677246094,26,2012,"rifle"
"Rifle River.X2012.06.30",30.8238464355469,27,2012,"rifle"
"Rifle River.X2012.07.07",31.14443359375,28,2012,"rifle"
"Rifle River.X2012.07.14",32.2714477539063,29,2012,"rifle"
"Rifle River.X2012.07.21",28.8655334472656,30,2012,"rifle"
"Rifle River.X2012.07.28",29.5249572753906,31,2012,"rifle"
"Rifle River.X2012.08.04",28.7560668945313,32,2012,"rifle"
"Rifle River.X2012.08.11",23.3319030761719,33,2012,"rifle"
"Rifle River.X2012.08.18",21.9249816894531,34,2012,"rifle"
"Rifle River.X2012.08.25",20.5322204589844,35,2012,"rifle"
"Rifle River.X2012.09.01",20.1730590820313,36,2012,"rifle"
"Rifle River.X2012.09.08",19.9200988769531,37,2012,"rifle"
"Rifle River.X2012.09.15",16.3198791503906,38,2012,"rifle"
"Rifle River.X2012.09.22",13.9120422363281,39,2012,"rifle"
"Rifle River.X2012.09.29",11.8711791992188,40,2012,"rifle"
"Rifle River.X2012.10.06",13.0286193847656,41,2012,"rifle"
"Rifle River.X2012.10.13",15.6518493652344,42,2012,"rifle"
"Rifle River.X2012.10.20",14.5497680664063,43,2012,"rifle"
"Rifle River.X2012.10.27",12.3020568847656,44,2012,"rifle"
"Rifle River.X2012.11.03",8.91561279296877,45,2012,"rifle"
"Rifle River.X2012.11.10",11.4097839355469,46,2012,"rifle"
"Rifle River.X2012.11.17",7.15776977539065,47,2012,"rifle"
"Rifle River.X2012.11.24",6.3882995605469,48,2012,"rifle"
"Rifle River.X2012.12.01",2.15801391601565,49,2012,"rifle"
"Rifle River.X2012.12.08",4.43697509765627,50,2012,"rifle"
"Rifle River.X2012.12.15",6.21273193359377,51,2012,"rifle"
"Rifle River.X2012.12.22",4.33559570312502,52,2012,"rifle"
"Rifle River.X2012.12.29",1.63909301757815,53,2012,"rifle"
"Rifle River.X2013.01.07",0.602777099609398,2,2013,"rifle"
"Rifle River.X2013.01.14",0.453576660156273,3,2013,"rifle"
"Rifle River.X2013.01.21",0.269891357421898,4,2013,"rifle"
"Rifle River.X2013.01.28",0.130090332031273,5,2013,"rifle"
"Rifle River.X2013.02.04",0.116723632812523,6,2013,"rifle"
"Rifle River.X2013.02.11",1.15313110351565,7,2013,"rifle"
"Rifle River.X2013.02.18",1.30532226562502,8,2013,"rifle"
"Rifle River.X2013.02.25",0.677880859375023,9,2013,"rifle"
"Rifle River.X2013.03.04",4.0642028808594,10,2013,"rifle"
"Rifle River.X2013.03.11",2.68697509765627,11,2013,"rifle"
"Rifle River.X2013.03.18",2.91558227539065,12,2013,"rifle"
"Rifle River.X2013.03.25",3.9410339355469,13,2013,"rifle"
"Rifle River.X2013.04.01",7.3542419433594,14,2013,"rifle"
"Rifle River.X2013.04.08",10.8939453125,15,2013,"rifle"
"Rifle River.X2013.04.15",15.7321411132813,16,2013,"rifle"
"Rifle River.X2013.04.22",15.2582336425781,17,2013,"rifle"
"Rifle River.X2013.04.29",16.5566040039063,18,2013,"rifle"
"Rifle River.X2013.05.06",17.9011474609375,19,2013,"rifle"
"Rifle River.X2013.05.13",18.8864379882813,20,2013,"rifle"
"Rifle River.X2013.05.20",19.5971008300781,21,2013,"rifle"
"Rifle River.X2013.05.27",19.8738952636719,22,2013,"rifle"
"Rifle River.X2013.06.03",21.0382019042969,23,2013,"rifle"
"Rifle River.X2013.06.10",20.66982421875,24,2013,"rifle"
"Rifle River.X2013.06.17",23.9365173339844,25,2013,"rifle"
"Rifle River.X2013.06.24",26.0639282226563,26,2013,"rifle"
"Rifle River.X2013.07.01",24.2534729003906,27,2013,"rifle"
"Rifle River.X2013.07.08",26.0777526855469,28,2013,"rifle"
"Rifle River.X2013.07.15",30.1703430175781,29,2013,"rifle"
"Rifle River.X2013.07.22",31.3743835449219,30,2013,"rifle"
"Rifle River.X2013.07.29",28.9016052246094,31,2013,"rifle"
"Rifle River.X2013.08.05",26.26259765625,32,2013,"rifle"
"Rifle River.X2013.08.12",23.360498046875,33,2013,"rifle"
"Rifle River.X2013.08.19",24.8497253417969,34,2013,"rifle"
"Rifle River.X2013.08.26",21.9215637207031,35,2013,"rifle"
"Rifle River.X2013.09.02",17.7862487792969,36,2013,"rifle"
"Rifle River.X2013.09.09",15.5192199707031,37,2013,"rifle"
"Rifle River.X2013.09.16",17.1081481933594,38,2013,"rifle"
"Rifle River.X2013.09.23",16.7799926757813,39,2013,"rifle"
"Rifle River.X2013.09.30",18.5887390136719,40,2013,"rifle"
"Rifle River.X2013.10.07",17.7281433105469,41,2013,"rifle"
"Rifle River.X2013.10.14",14.7862487792969,42,2013,"rifle"
"Rifle River.X2013.10.21",11.5362487792969,43,2013,"rifle"
"Rifle River.X2013.10.28",8.5314880371094,44,2013,"rifle"
"Rifle River.X2013.11.04",3.64608154296877,45,2013,"rifle"
"Rifle River.X2013.11.11",2.26104125976565,46,2013,"rifle"
"Rifle River.X2013.11.18",4.39266357421877,47,2013,"rifle"
"Rifle River.X2013.11.25",3.75496826171877,48,2013,"rifle"
"Rifle River.X2013.12.02",8.26983032226565,49,2013,"rifle"
"Rifle River.X2013.12.09",5.9882751464844,50,2013,"rifle"
"Rifle River.X2013.12.16",1.24117431640627,51,2013,"rifle"
"Rifle River.X2013.12.23",0.291650390625023,52,2013,"rifle"
"Rifle River.X2013.12.30",0.260552978515648,53,2013,"rifle"
"Rifle River.X2014.01.07",0.208947753906273,2,2014,"rifle"
"Rifle River.X2014.01.14",0.198541259765648,3,2014,"rifle"
"Rifle River.X2014.01.21",0.236474609375023,4,2014,"rifle"
"Rifle River.X2014.01.28",0.344628906250023,5,2014,"rifle"
"Rifle River.X2014.02.04",0.342828369140648,6,2014,"rifle"
"Rifle River.X2014.02.11",0.100000000000023,7,2014,"rifle"
"Rifle River.X2014.02.18",0.182000732421898,8,2014,"rifle"
"Rifle River.X2014.02.25",0.181481933593773,9,2014,"rifle"
"Rifle River.X2014.03.04",0.120355224609398,10,2014,"rifle"
"Rifle River.X2014.03.11",0.125207519531273,11,2014,"rifle"
"Rifle River.X2014.03.18",0.131677246093773,12,2014,"rifle"
"Rifle River.X2014.03.25",0.129846191406273,13,2014,"rifle"
"Rifle River.X2014.04.01",0.100000000000023,14,2014,"rifle"
"Rifle River.X2014.04.08",0.100000000000023,15,2014,"rifle"
"Rifle River.X2014.04.15",0.100000000000023,16,2014,"rifle"
"Rifle River.X2014.04.22",4.25481567382815,17,2014,"rifle"
"Rifle River.X2014.04.29",15.8525024414063,18,2014,"rifle"
"Rifle River.X2014.05.06",25.7885070800781,19,2014,"rifle"
"Rifle River.X2014.05.13",22.4616638183594,20,2014,"rifle"
"Rifle River.X2014.05.20",19.0239196777344,21,2014,"rifle"
"Rifle River.X2014.05.27",23.4389282226563,22,2014,"rifle"
"Rifle River.X2014.06.03",27.1724792480469,23,2014,"rifle"
"Rifle River.X2014.06.10",24.9039245605469,24,2014,"rifle"
"Rifle River.X2014.06.17",22.7272888183594,25,2014,"rifle"
"Rifle River.X2014.06.24",23.6349731445313,26,2014,"rifle"
"Rifle River.X2014.07.01",24.0938354492188,27,2014,"rifle"
"Rifle River.X2014.07.08",24.4552856445313,28,2014,"rifle"
"Rifle River.X2014.07.15",25.4501586914063,29,2014,"rifle"
"Rifle River.X2014.07.22",25.1436706542969,30,2014,"rifle"
"Rifle River.X2014.07.29",26.1843200683594,31,2014,"rifle"
"Rifle River.X2014.08.05",24.9466796875,32,2014,"rifle"
"Rifle River.X2014.08.12",26.072900390625,33,2014,"rifle"
"Rifle River.X2014.08.19",24.0618530273438,34,2014,"rifle"
"Rifle River.X2014.08.26",21.64052734375,35,2014,"rifle"
"Rifle River.X2014.09.02",23.3660217285156,36,2014,"rifle"
"Rifle River.X2014.09.09",22.5297790527344,37,2014,"rifle"
"Rifle River.X2014.09.16",20.410546875,38,2014,"rifle"
"Rifle River.X2014.09.23",19.3369995117188,39,2014,"rifle"
"Rifle River.X2014.09.30",22.046044921875,40,2014,"rifle"
"Rifle River.X2014.10.07",17.3617492675781,41,2014,"rifle"
"Rifle River.X2014.10.14",14.7603698730469,42,2014,"rifle"
"Rifle River.X2014.10.21",12.6148620605469,43,2014,"rifle"
"Rifle River.X2014.10.28",13.5442443847656,44,2014,"rifle"
"Rifle River.X2014.11.04",14.5423522949219,45,2014,"rifle"
"Rifle River.X2014.11.11",8.0397888183594,46,2014,"rifle"
"Rifle River.X2014.11.18",5.88985595703127,47,2014,"rifle"
"Rifle River.X2014.11.25",2.25176391601565,48,2014,"rifle"
"Rifle River.X2014.12.02",1.91790161132815,49,2014,"rifle"
"Rifle River.X2014.12.09",3.1645446777344,50,2014,"rifle"
"Rifle River.X2014.12.16",1.32515869140627,51,2014,"rifle"
"Rifle River.X2014.12.23",1.47637329101565,52,2014,"rifle"
"Rifle River.X2014.12.30",2.5456481933594,53,2014,"rifle"
"Rifle River.X2015.01.07",2.40151367187502,2,2015,"rifle"
"Rifle River.X2015.01.14",1.64165649414065,3,2015,"rifle"
"Rifle River.X2015.01.21",0.346398925781273,4,2015,"rifle"
"Rifle River.X2015.01.28",0.401910400390648,5,2015,"rifle"
"Rifle River.X2015.02.04",0.314691162109398,6,2015,"rifle"
"Rifle River.X2015.02.11",0.294519042968773,7,2015,"rifle"
"Rifle River.X2015.02.18",0.216363525390648,8,2015,"rifle"
"Rifle River.X2015.02.25",0.165826416015648,9,2015,"rifle"
"Rifle River.X2015.03.04",0.156304931640648,10,2015,"rifle"
"Rifle River.X2015.03.11",0.874841308593773,11,2015,"rifle"
"Rifle River.X2015.03.18",3.28261718750002,12,2015,"rifle"
"Rifle River.X2015.03.25",3.57540283203127,13,2015,"rifle"
"Rifle River.X2015.04.01",6.26381835937502,14,2015,"rifle"
"Rifle River.X2015.04.08",7.98992309570315,15,2015,"rifle"
"Rifle River.X2015.04.15",7.2759948730469,16,2015,"rifle"
"Rifle River.X2015.04.22",8.94014892578127,17,2015,"rifle"
"Rifle River.X2015.04.29",10.2163635253906,18,2015,"rifle"
"Rifle River.X2015.05.06",12.7800231933594,19,2015,"rifle"
"Rifle River.X2015.05.13",12.3315063476563,20,2015,"rifle"
"Rifle River.X2015.05.20",16.4934936523438,21,2015,"rifle"
"Rifle River.X2015.05.27",17.4283081054688,22,2015,"rifle"
"Rifle River.X2015.06.03",18.5594421386719,23,2015,"rifle"
"Rifle River.X2015.06.10",21.4779296875,24,2015,"rifle"
"Rifle River.X2015.06.17",24.6005798339844,25,2015,"rifle"
"Rifle River.X2015.06.24",26.0895629882813,26,2015,"rifle"
"Rifle River.X2015.07.01",26.8059020996094,27,2015,"rifle"
"Rifle River.X2015.07.08",25.9953247070313,28,2015,"rifle"
"Rifle River.X2015.07.15",27.129296875,29,2015,"rifle"
"Rifle River.X2015.07.22",29.1993347167969,30,2015,"rifle"
"Rifle River.X2015.07.29",32.3356872558594,31,2015,"rifle"
"Rifle River.X2015.08.05",30.4755798339844,32,2015,"rifle"
"Rifle River.X2015.08.12",27.2470336914063,33,2015,"rifle"
"Rifle River.X2015.08.19",27.519921875,34,2015,"rifle"
"Rifle River.X2015.08.26",26.0363403320313,35,2015,"rifle"
"Rifle River.X2015.09.02",23.4766174316406,36,2015,"rifle"
"Rifle River.X2015.09.09",22.7606140136719,37,2015,"rifle"
"Rifle River.X2015.09.16",21.6817565917969,38,2015,"rifle"
"Rifle River.X2015.09.23",20.1109558105469,39,2015,"rifle"
"Rifle River.X2015.09.30",17.8203674316406,40,2015,"rifle"
"Rifle River.X2015.10.07",14.2653137207031,41,2015,"rifle"
"Rifle River.X2015.10.14",11.6671691894531,42,2015,"rifle"
"Rifle River.X2015.10.21",14.6417785644531,43,2015,"rifle"
"Rifle River.X2015.10.28",8.34270629882815,44,2015,"rifle"
"Rifle River.X2015.11.04",4.20546875000002,45,2015,"rifle"
"Rifle River.X2015.11.11",12.9754577636719,46,2015,"rifle"
"Rifle River.X2015.11.18",11.6874633789063,47,2015,"rifle"
"Rifle River.X2015.11.25",7.89034423828127,48,2015,"rifle"
"Rifle River.X2015.12.02",8.80642089843752,49,2015,"rifle"
"Rifle River.X2015.12.09",7.2982116699219,50,2015,"rifle"
"Rifle River.X2015.12.16",4.9278503417969,51,2015,"rifle"
"Rifle River.X2015.12.23",3.51482543945315,52,2015,"rifle"
"Rifle River.X2015.12.30",1.39705810546877,53,2015,"rifle"
"Rifle River.X2016.01.07",1.13237915039065,2,2016,"rifle"
"Rifle River.X2016.01.14",0.364617919921898,3,2016,"rifle"
"Rifle River.X2016.01.21",0.109918212890648,4,2016,"rifle"
"Rifle River.X2016.01.28",0.100000000000023,5,2016,"rifle"
"Rifle River.X2016.02.04",0.487725830078148,6,2016,"rifle"
"Rifle River.X2016.02.11",5.83138427734377,7,2016,"rifle"
"Rifle River.X2016.02.18",6.53206787109377,8,2016,"rifle"
"Rifle River.X2016.02.25",2.94243774414065,9,2016,"rifle"
"Rifle River.X2016.03.03",3.99505004882815,10,2016,"rifle"
"Rifle River.X2016.03.10",4.3265319824219,11,2016,"rifle"
"Rifle River.X2016.03.17",7.1170593261719,12,2016,"rifle"
"Rifle River.X2016.03.24",8.38555297851565,13,2016,"rifle"
"Rifle River.X2016.03.31",6.8138366699219,14,2016,"rifle"
"Rifle River.X2016.04.07",7.3550964355469,15,2016,"rifle"
"Rifle River.X2016.04.14",9.16756591796877,16,2016,"rifle"
"Rifle River.X2016.04.21",13.7857604980469,17,2016,"rifle"
"Rifle River.X2016.04.28",14.1294799804688,18,2016,"rifle"
"Rifle River.X2016.05.05",11.1860290527344,19,2016,"rifle"
"Rifle River.X2016.05.12",15.5402160644531,20,2016,"rifle"
"Rifle River.X2016.05.19",21.7931762695313,21,2016,"rifle"
"Rifle River.X2016.05.26",20.9695678710938,22,2016,"rifle"
"Rifle River.X2016.06.02",27.6581359863281,23,2016,"rifle"
"Rifle River.X2016.06.09",29.41103515625,24,2016,"rifle"
"Rifle River.X2016.06.16",26.6599670410156,25,2016,"rifle"
"Rifle River.X2016.06.23",25.6693054199219,26,2016,"rifle"
"Rifle River.X2016.06.30",30.0181518554688,27,2016,"rifle"
"Rifle River.X2016.07.07",31.2248474121094,28,2016,"rifle"
"Rifle River.X2016.07.14",30.2271057128906,29,2016,"rifle"
"Rifle River.X2016.07.21",31.7477966308594,30,2016,"rifle"
"Rifle River.X2016.07.28",32.2524963378906,31,2016,"rifle"
"Rifle River.X2016.08.04",30.2435852050781,32,2016,"rifle"
"Rifle River.X2016.08.11",25.7847839355469,33,2016,"rifle"
"Rifle River.X2016.08.18",23.7643676757813,34,2016,"rifle"
"Rifle River.X2016.08.25",25.7294250488281,35,2016,"rifle"
"Rifle River.X2016.09.01",25.0615783691406,36,2016,"rifle"
"Rifle River.X2016.09.08",24.3766723632813,37,2016,"rifle"
"Rifle River.X2016.09.15",27.3939147949219,38,2016,"rifle"
"Rifle River.X2016.09.22",25.5275207519531,39,2016,"rifle"
"Rifle River.X2016.09.29",23.5693298339844,40,2016,"rifle"
"Rifle River.X2016.10.06",22.667626953125,41,2016,"rifle"
"Rifle River.X2016.10.13",17.9966674804688,42,2016,"rifle"
"Rifle River.X2016.10.20",17.1119934082031,43,2016,"rifle"
"Rifle River.X2016.10.27",16.1258483886719,44,2016,"rifle"
"Rifle River.X2016.11.03",9.72353515625002,45,2016,"rifle"
"Rifle River.X2016.11.10",7.88076171875002,46,2016,"rifle"
"Rifle River.X2016.11.17",11.3238159179688,47,2016,"rifle"
"Rifle River.X2016.11.24",9.41399536132815,48,2016,"rifle"
"Rifle River.X2016.12.01",3.75167236328127,49,2016,"rifle"
"Rifle River.X2016.12.08",5.85018310546877,50,2016,"rifle"
"Rifle River.X2016.12.15",2.35915527343752,51,2016,"rifle"
"Rifle River.X2016.12.22",4.12603149414065,52,2016,"rifle"
"Rifle River.X2016.12.29",2.8154235839844,53,2016,"rifle"
"Rifle River.X2017.01.07",0.184991455078148,2,2017,"rifle"
"Rifle River.X2017.01.14",1.01198730468752,3,2017,"rifle"
"Rifle River.X2017.01.21",0.955743408203148,4,2017,"rifle"
"Rifle River.X2017.01.28",1.58977661132815,5,2017,"rifle"
"Rifle River.X2017.02.04",0.401055908203148,6,2017,"rifle"
"Rifle River.X2017.02.11",0.169946289062523,7,2017,"rifle"
"Rifle River.X2017.02.18",2.51909790039065,8,2017,"rifle"
"Rifle River.X2017.02.25",9.62603149414065,9,2017,"rifle"
"Rifle River.X2017.03.04",6.59282836914065,10,2017,"rifle"
"Rifle River.X2017.03.11",5.2009216308594,11,2017,"rifle"
"Rifle River.X2017.03.18",5.39556274414065,12,2017,"rifle"
"Rifle River.X2017.03.25",10.0640502929688,13,2017,"rifle"
"Rifle River.X2017.04.01",10.1046081542969,14,2017,"rifle"
"Rifle River.X2017.04.08",11.1346374511719,15,2017,"rifle"
"Rifle River.X2017.04.15",9.81755981445315,16,2017,"rifle"
"Rifle River.X2017.04.22",9.18203125000002,17,2017,"rifle"
"Rifle River.X2017.04.29",11.8820129394531,18,2017,"rifle"
"Rifle River.X2017.05.06",15.5436340332031,19,2017,"rifle"
"Rifle River.X2017.05.13",15.4493957519531,20,2017,"rifle"
"Rifle River.X2017.05.20",15.526513671875,21,2017,"rifle"
"Rifle River.X2017.05.27",16.7780090332031,22,2017,"rifle"
"Rifle River.X2017.06.03",18.9359069824219,23,2017,"rifle"
"Rifle River.X2017.06.10",19.5632263183594,24,2017,"rifle"
"Rifle River.X2017.06.17",19.6850524902344,25,2017,"rifle"
"Rifle River.X2017.06.24",20.2020812988281,26,2017,"rifle"
"Rifle River.X2017.07.01",21.5815979003906,27,2017,"rifle"
"Rifle River.X2017.07.08",25.5293518066406,28,2017,"rifle"
"Rifle River.X2017.07.15",28.5082946777344,29,2017,"rifle"
"Rifle River.X2017.07.22",29.1012817382813,30,2017,"rifle"
"Rifle River.X2017.07.29",28.8627258300781,31,2017,"rifle"
"Rifle River.X2017.08.05",28.152490234375,32,2017,"rifle"
"Rifle River.X2017.08.12",27.8210083007813,33,2017,"rifle"
"Rifle River.X2017.08.19",28.9186645507813,34,2017,"rifle"
"Rifle River.X2017.08.26",28.0835815429688,35,2017,"rifle"
"Rifle River.X2017.09.02",24.944482421875,36,2017,"rifle"
"Rifle River.X2017.09.09",24.1199584960938,37,2017,"rifle"
"Rifle River.X2017.09.16",23.7315612792969,38,2017,"rifle"
"Rifle River.X2017.09.23",21.5978637695313,39,2017,"rifle"
"Rifle River.X2017.09.30",19.0306640625,40,2017,"rifle"
"Rifle River.X2017.10.07",19.1164489746094,41,2017,"rifle"
"Rifle River.X2017.10.14",19.1714416503906,42,2017,"rifle"
"Rifle River.X2017.10.21",14.0941101074219,43,2017,"rifle"
"Rifle River.X2017.10.28",9.7609802246094,44,2017,"rifle"
"Rifle River.X2017.11.04",11.0611511230469,45,2017,"rifle"
"Rifle River.X2017.11.11",10.5986267089844,46,2017,"rifle"
"Rifle River.X2017.11.18",7.5226989746094,47,2017,"rifle"
"Rifle River.X2017.11.25",4.79671630859377,48,2017,"rifle"
"Rifle River.X2017.12.02",2.24099121093752,49,2017,"rifle"
"Rifle River.X2017.12.09",2.0307556152344,50,2017,"rifle"
"Rifle River.X2017.12.16",5.04567871093752,51,2017,"rifle"
"Rifle River.X2017.12.23",3.8444763183594,52,2017,"rifle"
"Rifle River.X2017.12.30",2.4395690917969,53,2017,"rifle"
"Rifle River.X2018.01.07",1.07613525390627,2,2018,"rifle"
"Rifle River.X2018.01.14",0.943750000000023,3,2018,"rifle"
"Rifle River.X2018.01.21",2.5357604980469,4,2018,"rifle"
"Rifle River.X2018.01.28",1.04909667968752,5,2018,"rifle"
"Rifle River.X2018.02.04",0.301202392578148,6,2018,"rifle"
"Rifle River.X2018.02.11",0.377801513671898,7,2018,"rifle"
"Rifle River.X2018.02.18",0.202386474609398,8,2018,"rifle"
"Rifle River.X2018.02.25",0.234979248046898,9,2018,"rifle"
"Rifle River.X2018.03.04",0.113916015625023,10,2018,"rifle"
"Rifle River.X2018.03.11",0.143670654296898,11,2018,"rifle"
"Rifle River.X2018.03.18",0.124353027343773,12,2018,"rifle"
"Rifle River.X2018.03.25",0.397546386718773,13,2018,"rifle"
"Rifle River.X2018.04.01",3.23470458984377,14,2018,"rifle"
"Rifle River.X2018.04.08",3.65715942382815,15,2018,"rifle"
"Rifle River.X2018.04.15",5.62484130859377,16,2018,"rifle"
"Rifle River.X2018.04.22",6.0079284667969,17,2018,"rifle"
"Rifle River.X2018.04.29",8.78801879882815,18,2018,"rifle"
"Rifle River.X2018.05.06",11.3150268554688,19,2018,"rifle"
"Rifle River.X2018.05.13",13.13662109375,20,2018,"rifle"
"Rifle River.X2018.05.20",17.1230407714844,21,2018,"rifle"
"Rifle River.X2018.05.27",19.0960021972656,22,2018,"rifle"
"Rifle River.X2018.06.03",18.7913146972656,23,2018,"rifle"
"Rifle River.X2018.06.10",20.5397277832031,24,2018,"rifle"
"Rifle River.X2018.06.17",22.6601501464844,25,2018,"rifle"
"Rifle River.X2018.06.24",22.4168334960938,26,2018,"rifle"
"Rifle River.X2018.07.01",22.7298217773438,27,2018,"rifle"
"Rifle River.X2018.07.08",24.5220275878906,28,2018,"rifle"
"Rifle River.X2018.07.15",26.4885192871094,29,2018,"rifle"
"Rifle River.X2018.07.22",26.746728515625,30,2018,"rifle"
"Rifle River.X2018.07.29",27.1291137695313,31,2018,"rifle"
"Rifle River.X2018.08.05",28.1523376464844,32,2018,"rifle"
"Rifle River.X2018.08.12",26.4948059082031,33,2018,"rifle"
"Rifle River.X2018.08.19",21.2609191894531,34,2018,"rifle"
"Rifle River.X2018.08.26",21.7962280273438,35,2018,"rifle"
"Rifle River.X2018.09.02",23.0674377441406,36,2018,"rifle"
"Rifle River.X2018.09.09",22.834619140625,37,2018,"rifle"
"Rifle River.X2018.09.16",21.945458984375,38,2018,"rifle"
"Rifle River.X2018.09.23",22.610498046875,39,2018,"rifle"
"Rifle River.X2018.09.30",23.0930114746094,40,2018,"rifle"
"Rifle River.X2018.10.07",19.3660827636719,41,2018,"rifle"
"Rifle River.X2018.10.14",14.3415466308594,42,2018,"rifle"
"Rifle River.X2018.10.21",15.8406311035156,43,2018,"rifle"
"Rifle River.X2018.10.28",12.8812194824219,44,2018,"rifle"
"Rifle River.X2018.11.04",5.47445068359377,45,2018,"rifle"
"Rifle River.X2018.11.11",7.01864013671877,46,2018,"rifle"
"Rifle River.X2018.11.18",5.1342712402344,47,2018,"rifle"
"Rifle River.X2018.11.25",5.91671142578127,48,2018,"rifle"
"Rifle River.X2018.12.02",3.56380615234377,49,2018,"rifle"
"Rifle River.X2018.12.09",3.76516113281252,50,2018,"rifle"
"Rifle River.X2018.12.16",2.64043579101565,51,2018,"rifle"
"Rifle River.X2018.12.23",1.4741149902344,52,2018,"rifle"
"Rifle River.X2018.12.30",2.17855224609377,53,2018,"rifle"
"Rifle River.X2019.01.07",1.08834228515627,2,2019,"rifle"
"Rifle River.X2019.01.14",0.442376708984398,3,2019,"rifle"
"Rifle River.X2019.01.21",0.645806884765648,4,2019,"rifle"
"Rifle River.X2019.01.28",0.275476074218773,5,2019,"rifle"
"Rifle River.X2019.02.04",0.187066650390648,6,2019,"rifle"
"Rifle River.X2019.02.11",0.143334960937523,7,2019,"rifle"
"Rifle River.X2019.02.18",0.178918457031273,8,2019,"rifle"
"Rifle River.X2019.02.25",0.277825927734398,9,2019,"rifle"
"Rifle River.X2019.03.04",0.184808349609398,10,2019,"rifle"
"Rifle River.X2019.03.11",0.354760742187523,11,2019,"rifle"
"Rifle River.X2019.03.18",2.9796081542969,12,2019,"rifle"
"Rifle River.X2019.03.25",7.0955749511719,13,2019,"rifle"
"Rifle River.X2019.04.01",9.24929199218752,14,2019,"rifle"
"Rifle River.X2019.04.08",11.0010009765625,15,2019,"rifle"
"Rifle River.X2019.04.15",16.7214294433594,16,2019,"rifle"
"Rifle River.X2019.04.22",16.3620544433594,17,2019,"rifle"
"Rifle River.X2019.04.29",18.7431579589844,18,2019,"rifle"
"Rifle River.X2019.05.06",20.1981140136719,19,2019,"rifle"
"Rifle River.X2019.05.13",16.7429138183594,20,2019,"rifle"
"Rifle River.X2019.05.20",19.6304870605469,21,2019,"rifle"
"Rifle River.X2019.05.27",21.7195373535156,22,2019,"rifle"
"Rifle River.X2019.06.03",22.1063171386719,23,2019,"rifle"
"Rifle River.X2019.06.10",26.8974548339844,24,2019,"rifle"
"Rifle River.X2019.06.17",25.585595703125,25,2019,"rifle"
"Rifle River.X2019.06.24",27.0038391113281,26,2019,"rifle"
"Rifle River.X2019.07.01",28.5053344726563,27,2019,"rifle"
"Rifle River.X2019.07.08",34.4541870117188,28,2019,"rifle"
"Rifle River.X2019.07.15",36.1021667480469,29,2019,"rifle"
"Rifle River.X2019.07.22",33.34951171875,30,2019,"rifle"
"Rifle River.X2019.07.29",30.5854125976563,31,2019,"rifle"
"Rifle River.X2019.08.05",29.4906860351563,32,2019,"rifle"
"Rifle River.X2019.08.12",29.9565368652344,33,2019,"rifle"
"Rifle River.X2019.08.19",24.0741516113281,34,2019,"rifle"
"Rifle River.X2019.08.26",23.6189514160156,35,2019,"rifle"
"Rifle River.X2019.09.02",25.6037536621094,36,2019,"rifle"
"Rifle River.X2019.09.09",22.2368103027344,37,2019,"rifle"
"Rifle River.X2019.09.16",22.8438659667969,38,2019,"rifle"
"Rifle River.X2019.09.23",20.6822143554688,39,2019,"rifle"
"Rifle River.X2019.09.30",18.4973999023438,40,2019,"rifle"
"Rifle River.X2019.10.07",17.2405944824219,41,2019,"rifle"
"Rifle River.X2019.10.14",14.4477172851563,42,2019,"rifle"
"Rifle River.X2019.10.21",13.2137084960938,43,2019,"rifle"
"Rifle River.X2019.10.28",10.3203674316406,44,2019,"rifle"
"Rifle River.X2019.11.04",9.73333129882815,45,2019,"rifle"
"Rifle River.X2019.11.11",11.77626953125,46,2019,"rifle"
"Rifle River.X2019.11.18",9.0058532714844,47,2019,"rifle"
"Rifle River.X2019.11.25",5.11055908203127,48,2019,"rifle"
"Rifle River.X2019.12.02",2.3266540527344,49,2019,"rifle"
"Rifle River.X2019.12.09",4.2695251464844,50,2019,"rifle"
"Rifle River.X2019.12.16",3.35344848632815,51,2019,"rifle"
"Rifle River.X2019.12.23",1.80129394531252,52,2019,"rifle"
"Rifle River.X2019.12.30",4.85726318359377,53,2019,"rifle"
"Saginaw River.X2011.01.07",4.7464538574219,2,2011,"saginaw"
"Saginaw River.X2011.01.14",4.45107421875002,3,2011,"saginaw"
"Saginaw River.X2011.01.21",6.54708251953127,4,2011,"saginaw"
"Saginaw River.X2011.01.28",8.27095947265627,5,2011,"saginaw"
"Saginaw River.X2011.02.04",8.37813720703127,6,2011,"saginaw"
"Saginaw River.X2011.02.11",9.04094848632815,7,2011,"saginaw"
"Saginaw River.X2011.02.18",8.67086181640627,8,2011,"saginaw"
"Saginaw River.X2011.02.25",8.34456787109377,9,2011,"saginaw"
"Saginaw River.X2011.03.04",8.45211181640627,10,2011,"saginaw"
"Saginaw River.X2011.03.11",9.1424499511719,11,2011,"saginaw"
"Saginaw River.X2011.03.18",9.27642211914065,12,2011,"saginaw"
"Saginaw River.X2011.03.25",8.5220886230469,13,2011,"saginaw"
"Saginaw River.X2011.04.01",9.2209411621094,14,2011,"saginaw"
"Saginaw River.X2011.04.08",9.4941345214844,15,2011,"saginaw"
"Saginaw River.X2011.04.15",11.5061889648438,16,2011,"saginaw"
"Saginaw River.X2011.04.22",11.1840148925781,17,2011,"saginaw"
"Saginaw River.X2011.04.29",11.5037780761719,18,2011,"saginaw"
"Saginaw River.X2011.05.06",10.4716125488281,19,2011,"saginaw"
"Saginaw River.X2011.05.13",12.0535217285156,20,2011,"saginaw"
"Saginaw River.X2011.05.20",11.9929748535156,21,2011,"saginaw"
"Saginaw River.X2011.05.27",13.5960327148438,22,2011,"saginaw"
"Saginaw River.X2011.06.03",13.4736572265625,23,2011,"saginaw"
"Saginaw River.X2011.06.10",15.3748107910156,24,2011,"saginaw"
"Saginaw River.X2011.06.17",18.1789489746094,25,2011,"saginaw"
"Saginaw River.X2011.06.24",17.3510070800781,26,2011,"saginaw"
"Saginaw River.X2011.07.01",21.9178100585938,27,2011,"saginaw"
"Saginaw River.X2011.07.08",25.3331237792969,28,2011,"saginaw"
"Saginaw River.X2011.07.15",27.9662109375,29,2011,"saginaw"
"Saginaw River.X2011.07.22",31.7330871582031,30,2011,"saginaw"
"Saginaw River.X2011.07.29",30.8564392089844,31,2011,"saginaw"
"Saginaw River.X2011.08.05",27.5800415039063,32,2011,"saginaw"
"Saginaw River.X2011.08.12",30.9030700683594,33,2011,"saginaw"
"Saginaw River.X2011.08.19",27.8792358398438,34,2011,"saginaw"
"Saginaw River.X2011.08.26",23.9546447753906,35,2011,"saginaw"
"Saginaw River.X2011.09.02",21.5746704101563,36,2011,"saginaw"
"Saginaw River.X2011.09.09",22.1908203125,37,2011,"saginaw"
"Saginaw River.X2011.09.16",20.769189453125,38,2011,"saginaw"
"Saginaw River.X2011.09.23",19.7536560058594,39,2011,"saginaw"
"Saginaw River.X2011.09.30",17.5146728515625,40,2011,"saginaw"
"Saginaw River.X2011.10.07",14.5885559082031,41,2011,"saginaw"
"Saginaw River.X2011.10.14",14.6044860839844,42,2011,"saginaw"
"Saginaw River.X2011.10.21",15.5013366699219,43,2011,"saginaw"
"Saginaw River.X2011.10.28",13.1240173339844,44,2011,"saginaw"
"Saginaw River.X2011.11.04",11.8531127929688,45,2011,"saginaw"
"Saginaw River.X2011.11.11",4.51033935546877,46,2011,"saginaw"
"Saginaw River.X2011.11.18",7.6622253417969,47,2011,"saginaw"
"Saginaw River.X2011.11.25",1.1816345214844,48,2011,"saginaw"
"Saginaw River.X2011.12.02",7.7407165527344,49,2011,"saginaw"
"Saginaw River.X2011.12.09",5.42644653320315,50,2011,"saginaw"
"Saginaw River.X2011.12.16",3.4687438964844,51,2011,"saginaw"
"Saginaw River.X2011.12.23",7.87737426757815,52,2011,"saginaw"
"Saginaw River.X2011.12.30",6.69963989257815,53,2011,"saginaw"
"Saginaw River.X2012.01.07",7.7855163574219,2,2012,"saginaw"
"Saginaw River.X2012.01.14",7.5268493652344,3,2012,"saginaw"
"Saginaw River.X2012.01.21",7.73787841796877,4,2012,"saginaw"
"Saginaw River.X2012.01.28",8.16143188476565,5,2012,"saginaw"
"Saginaw River.X2012.02.04",7.78768310546877,6,2012,"saginaw"
"Saginaw River.X2012.02.11",7.5290466308594,7,2012,"saginaw"
"Saginaw River.X2012.02.18",7.82613525390627,8,2012,"saginaw"
"Saginaw River.X2012.02.25",6.9366394042969,9,2012,"saginaw"
"Saginaw River.X2012.03.03",6.2343688964844,10,2012,"saginaw"
"Saginaw River.X2012.03.10",8.05483398437502,11,2012,"saginaw"
"Saginaw River.X2012.03.17",8.62636718750002,12,2012,"saginaw"
"Saginaw River.X2012.03.24",10.4026733398438,13,2012,"saginaw"
"Saginaw River.X2012.03.31",10.3825317382813,14,2012,"saginaw"
"Saginaw River.X2012.04.07",10.8541809082031,15,2012,"saginaw"
"Saginaw River.X2012.04.14",10.3735290527344,16,2012,"saginaw"
"Saginaw River.X2012.04.21",11.563134765625,17,2012,"saginaw"
"Saginaw River.X2012.04.28",12.0098205566406,18,2012,"saginaw"
"Saginaw River.X2012.05.05",18.3429809570313,19,2012,"saginaw"
"Saginaw River.X2012.05.12",16.0507446289063,20,2012,"saginaw"
"Saginaw River.X2012.05.19",17.1196838378906,21,2012,"saginaw"
"Saginaw River.X2012.05.26",24.1701293945313,22,2012,"saginaw"
"Saginaw River.X2012.06.02",32.4663940429688,23,2012,"saginaw"
"Saginaw River.X2012.06.09",31.0772644042969,24,2012,"saginaw"
"Saginaw River.X2012.06.16",25.2505432128906,25,2012,"saginaw"
"Saginaw River.X2012.06.23",29.1361022949219,26,2012,"saginaw"
"Saginaw River.X2012.06.30",34.6806274414063,27,2012,"saginaw"
"Saginaw River.X2012.07.07",31.4588256835938,28,2012,"saginaw"
"Saginaw River.X2012.07.14",35.6322875976563,29,2012,"saginaw"
"Saginaw River.X2012.07.21",26.6016174316406,30,2012,"saginaw"
"Saginaw River.X2012.07.28",31.71572265625,31,2012,"saginaw"
"Saginaw River.X2012.08.04",28.6020141601563,32,2012,"saginaw"
"Saginaw River.X2012.08.11",24.9016967773438,33,2012,"saginaw"
"Saginaw River.X2012.08.18",22.409814453125,34,2012,"saginaw"
"Saginaw River.X2012.08.25",21.2157836914063,35,2012,"saginaw"
"Saginaw River.X2012.09.01",21.8582702636719,36,2012,"saginaw"
"Saginaw River.X2012.09.08",19.9338012695313,37,2012,"saginaw"
"Saginaw River.X2012.09.15",16.5404602050781,38,2012,"saginaw"
"Saginaw River.X2012.09.22",14.2317749023438,39,2012,"saginaw"
"Saginaw River.X2012.09.29",11.8795104980469,40,2012,"saginaw"
"Saginaw River.X2012.10.06",13.6042114257813,41,2012,"saginaw"
"Saginaw River.X2012.10.13",15.1328674316406,42,2012,"saginaw"
"Saginaw River.X2012.10.20",12.6059204101563,43,2012,"saginaw"
"Saginaw River.X2012.10.27",11.6731201171875,44,2012,"saginaw"
"Saginaw River.X2012.11.03",9.77395019531252,45,2012,"saginaw"
"Saginaw River.X2012.11.10",11.1809631347656,46,2012,"saginaw"
"Saginaw River.X2012.11.17",8.14507446289065,47,2012,"saginaw"
"Saginaw River.X2012.11.24",7.47637329101565,48,2012,"saginaw"
"Saginaw River.X2012.12.01",4.97164306640627,49,2012,"saginaw"
"Saginaw River.X2012.12.08",8.8813415527344,50,2012,"saginaw"
"Saginaw River.X2012.12.15",9.38884887695315,51,2012,"saginaw"
"Saginaw River.X2012.12.22",8.68767700195315,52,2012,"saginaw"
"Saginaw River.X2012.12.29",8.53878173828127,53,2012,"saginaw"
"Saginaw River.X2013.01.07",7.53179321289065,2,2013,"saginaw"
"Saginaw River.X2013.01.14",7.8375183105469,3,2013,"saginaw"
"Saginaw River.X2013.01.21",7.4621520996094,4,2013,"saginaw"
"Saginaw River.X2013.01.28",5.9416442871094,5,2013,"saginaw"
"Saginaw River.X2013.02.04",7.09359130859377,6,2013,"saginaw"
"Saginaw River.X2013.02.11",9.63741455078127,7,2013,"saginaw"
"Saginaw River.X2013.02.18",8.7675720214844,8,2013,"saginaw"
"Saginaw River.X2013.02.25",8.81575927734377,9,2013,"saginaw"
"Saginaw River.X2013.03.04",9.0168395996094,10,2013,"saginaw"
"Saginaw River.X2013.03.11",8.49678955078127,11,2013,"saginaw"
"Saginaw River.X2013.03.18",8.53353271484377,12,2013,"saginaw"
"Saginaw River.X2013.03.25",9.27922973632815,13,2013,"saginaw"
"Saginaw River.X2013.04.01",9.64840087890627,14,2013,"saginaw"
"Saginaw River.X2013.04.08",10.7179809570313,15,2013,"saginaw"
"Saginaw River.X2013.04.15",12.2878967285156,16,2013,"saginaw"
"Saginaw River.X2013.04.22",11.7790161132813,17,2013,"saginaw"
"Saginaw River.X2013.04.29",13.6824279785156,18,2013,"saginaw"
"Saginaw River.X2013.05.06",13.1981140136719,19,2013,"saginaw"
"Saginaw River.X2013.05.13",15.8774047851563,20,2013,"saginaw"
"Saginaw River.X2013.05.20",15.5542846679688,21,2013,"saginaw"
"Saginaw River.X2013.05.27",15.0412536621094,22,2013,"saginaw"
"Saginaw River.X2013.06.03",17.4752746582031,23,2013,"saginaw"
"Saginaw River.X2013.06.10",19.8883605957031,24,2013,"saginaw"
"Saginaw River.X2013.06.17",21.1791015625,25,2013,"saginaw"
"Saginaw River.X2013.06.24",20.805322265625,26,2013,"saginaw"
"Saginaw River.X2013.07.01",19.9523254394531,27,2013,"saginaw"
"Saginaw River.X2013.07.08",23.0174194335938,28,2013,"saginaw"
"Saginaw River.X2013.07.15",25.9688049316406,29,2013,"saginaw"
"Saginaw River.X2013.07.22",29.47353515625,30,2013,"saginaw"
"Saginaw River.X2013.07.29",29.7364135742188,31,2013,"saginaw"
"Saginaw River.X2013.08.05",27.0125671386719,32,2013,"saginaw"
"Saginaw River.X2013.08.12",24.3801208496094,33,2013,"saginaw"
"Saginaw River.X2013.08.19",24.8535705566406,34,2013,"saginaw"
"Saginaw River.X2013.08.26",22.9337097167969,35,2013,"saginaw"
"Saginaw River.X2013.09.02",17.5221496582031,36,2013,"saginaw"
"Saginaw River.X2013.09.09",15.147119140625,37,2013,"saginaw"
"Saginaw River.X2013.09.16",17.0384155273438,38,2013,"saginaw"
"Saginaw River.X2013.09.23",16.2836547851563,39,2013,"saginaw"
"Saginaw River.X2013.09.30",18.4699035644531,40,2013,"saginaw"
"Saginaw River.X2013.10.07",16.3491760253906,41,2013,"saginaw"
"Saginaw River.X2013.10.14",14.2383666992188,42,2013,"saginaw"
"Saginaw River.X2013.10.21",10.9539123535156,43,2013,"saginaw"
"Saginaw River.X2013.10.28",8.11614379882815,44,2013,"saginaw"
"Saginaw River.X2013.11.04",4.42510375976565,45,2013,"saginaw"
"Saginaw River.X2013.11.11",5.28652343750002,46,2013,"saginaw"
"Saginaw River.X2013.11.18",8.02895507812502,47,2013,"saginaw"
"Saginaw River.X2013.11.25",8.02483520507815,48,2013,"saginaw"
"Saginaw River.X2013.12.02",11.2100158691406,49,2013,"saginaw"
"Saginaw River.X2013.12.09",9.74089965820315,50,2013,"saginaw"
"Saginaw River.X2013.12.16",8.4990173339844,51,2013,"saginaw"
"Saginaw River.X2013.12.23",8.28890380859377,52,2013,"saginaw"
"Saginaw River.X2013.12.30",7.91274414062502,53,2013,"saginaw"
"Saginaw River.X2014.01.07",7.25884399414065,2,2014,"saginaw"
"Saginaw River.X2014.01.14",7.39779052734377,3,2014,"saginaw"
"Saginaw River.X2014.01.21",7.98552856445315,4,2014,"saginaw"
"Saginaw River.X2014.01.28",8.45073852539065,5,2014,"saginaw"
"Saginaw River.X2014.02.04",8.25509033203127,6,2014,"saginaw"
"Saginaw River.X2014.02.11",4.45308837890627,7,2014,"saginaw"
"Saginaw River.X2014.02.18",5.43825683593752,8,2014,"saginaw"
"Saginaw River.X2014.02.25",5.56954345703127,9,2014,"saginaw"
"Saginaw River.X2014.03.04",2.3361755371094,10,2014,"saginaw"
"Saginaw River.X2014.03.11",4.28862915039065,11,2014,"saginaw"
"Saginaw River.X2014.03.18",6.11248168945315,12,2014,"saginaw"
"Saginaw River.X2014.03.25",7.93795166015627,13,2014,"saginaw"
"Saginaw River.X2014.04.01",8.48574218750002,14,2014,"saginaw"
"Saginaw River.X2014.04.08",9.41597900390627,15,2014,"saginaw"
"Saginaw River.X2014.04.15",10.1730590820313,16,2014,"saginaw"
"Saginaw River.X2014.04.22",10.6268859863281,17,2014,"saginaw"
"Saginaw River.X2014.04.29",14.2022033691406,18,2014,"saginaw"
"Saginaw River.X2014.05.06",17.3433471679688,19,2014,"saginaw"
"Saginaw River.X2014.05.13",15.5963684082031,20,2014,"saginaw"
"Saginaw River.X2014.05.20",15.884912109375,21,2014,"saginaw"
"Saginaw River.X2014.05.27",21.4315734863281,22,2014,"saginaw"
"Saginaw River.X2014.06.03",23.2967163085938,23,2014,"saginaw"
"Saginaw River.X2014.06.10",23.2129760742188,24,2014,"saginaw"
"Saginaw River.X2014.06.17",23.3897644042969,25,2014,"saginaw"
"Saginaw River.X2014.06.24",22.1354309082031,26,2014,"saginaw"
"Saginaw River.X2014.07.01",23.448876953125,27,2014,"saginaw"
"Saginaw River.X2014.07.08",23.6773315429688,28,2014,"saginaw"
"Saginaw River.X2014.07.15",20.4506469726563,29,2014,"saginaw"
"Saginaw River.X2014.07.22",17.5901428222656,30,2014,"saginaw"
"Saginaw River.X2014.07.29",18.0361267089844,31,2014,"saginaw"
"Saginaw River.X2014.08.05",17.9313293457031,32,2014,"saginaw"
"Saginaw River.X2014.08.12",20.3961120605469,33,2014,"saginaw"
"Saginaw River.X2014.08.19",20.3740173339844,34,2014,"saginaw"
"Saginaw River.X2014.08.26",20.8914733886719,35,2014,"saginaw"
"Saginaw River.X2014.09.02",24.2118774414063,36,2014,"saginaw"
"Saginaw River.X2014.09.09",22.3620239257813,37,2014,"saginaw"
"Saginaw River.X2014.09.16",19.6683898925781,38,2014,"saginaw"
"Saginaw River.X2014.09.23",19.3295532226563,39,2014,"saginaw"
"Saginaw River.X2014.09.30",22.3555236816406,40,2014,"saginaw"
"Saginaw River.X2014.10.07",14.7791076660156,41,2014,"saginaw"
"Saginaw River.X2014.10.14",15.5180908203125,42,2014,"saginaw"
"Saginaw River.X2014.10.21",12.9558654785156,43,2014,"saginaw"
"Saginaw River.X2014.10.28",13.78994140625,44,2014,"saginaw"
"Saginaw River.X2014.11.04",14.8982788085938,45,2014,"saginaw"
"Saginaw River.X2014.11.11",9.38985595703127,46,2014,"saginaw"
"Saginaw River.X2014.11.18",7.73723754882815,47,2014,"saginaw"
"Saginaw River.X2014.11.25",6.16134033203127,48,2014,"saginaw"
"Saginaw River.X2014.12.02",6.48671875000002,49,2014,"saginaw"
"Saginaw River.X2014.12.09",8.07155761718752,50,2014,"saginaw"
"Saginaw River.X2014.12.16",8.1740661621094,51,2014,"saginaw"
"Saginaw River.X2014.12.23",8.60161743164065,52,2014,"saginaw"
"Saginaw River.X2014.12.30",8.25649414062502,53,2014,"saginaw"
"Saginaw River.X2015.01.07",8.53743896484377,2,2015,"saginaw"
"Saginaw River.X2015.01.14",7.3370300292969,3,2015,"saginaw"
"Saginaw River.X2015.01.21",7.3057800292969,4,2015,"saginaw"
"Saginaw River.X2015.01.28",7.02108154296877,5,2015,"saginaw"
"Saginaw River.X2015.02.04",5.9947448730469,6,2015,"saginaw"
"Saginaw River.X2015.02.11",6.2188659667969,7,2015,"saginaw"
"Saginaw River.X2015.02.18",7.45565185546877,8,2015,"saginaw"
"Saginaw River.X2015.02.25",7.56450805664065,9,2015,"saginaw"
"Saginaw River.X2015.03.04",8.36879882812502,10,2015,"saginaw"
"Saginaw River.X2015.03.11",8.9540954589844,11,2015,"saginaw"
"Saginaw River.X2015.03.18",9.22088012695315,12,2015,"saginaw"
"Saginaw River.X2015.03.25",8.9074645996094,13,2015,"saginaw"
"Saginaw River.X2015.04.01",10.1365295410156,14,2015,"saginaw"
"Saginaw River.X2015.04.08",9.4943786621094,15,2015,"saginaw"
"Saginaw River.X2015.04.15",9.68349609375002,16,2015,"saginaw"
"Saginaw River.X2015.04.22",10.0218444824219,17,2015,"saginaw"
"Saginaw River.X2015.04.29",10.3456665039063,18,2015,"saginaw"
"Saginaw River.X2015.05.06",12.2217651367188,19,2015,"saginaw"
"Saginaw River.X2015.05.13",11.7639709472656,20,2015,"saginaw"
"Saginaw River.X2015.05.20",12.4519897460938,21,2015,"saginaw"
"Saginaw River.X2015.05.27",12.88125,22,2015,"saginaw"
"Saginaw River.X2015.06.03",16.0165344238281,23,2015,"saginaw"
"Saginaw River.X2015.06.10",17.50234375,24,2015,"saginaw"
"Saginaw River.X2015.06.17",21.410546875,25,2015,"saginaw"
"Saginaw River.X2015.06.24",20.3049865722656,26,2015,"saginaw"
"Saginaw River.X2015.07.01",20.7890563964844,27,2015,"saginaw"
"Saginaw River.X2015.07.08",24.6299377441406,28,2015,"saginaw"
"Saginaw River.X2015.07.15",26.1826110839844,29,2015,"saginaw"
"Saginaw River.X2015.07.22",27.8421875,30,2015,"saginaw"
"Saginaw River.X2015.07.29",32.1147094726563,31,2015,"saginaw"
"Saginaw River.X2015.08.05",28.1685119628906,32,2015,"saginaw"
"Saginaw River.X2015.08.12",26.8539978027344,33,2015,"saginaw"
"Saginaw River.X2015.08.19",28.1700073242188,34,2015,"saginaw"
"Saginaw River.X2015.08.26",25.4955078125,35,2015,"saginaw"
"Saginaw River.X2015.09.02",23.4957824707031,36,2015,"saginaw"
"Saginaw River.X2015.09.09",21.9003540039063,37,2015,"saginaw"
"Saginaw River.X2015.09.16",22.2120300292969,38,2015,"saginaw"
"Saginaw River.X2015.09.23",19.153466796875,39,2015,"saginaw"
"Saginaw River.X2015.09.30",17.7166687011719,40,2015,"saginaw"
"Saginaw River.X2015.10.07",12.5790649414063,41,2015,"saginaw"
"Saginaw River.X2015.10.14",11.8278747558594,42,2015,"saginaw"
"Saginaw River.X2015.10.21",14.3866821289063,43,2015,"saginaw"
"Saginaw River.X2015.10.28",4.74324951171877,44,2015,"saginaw"
"Saginaw River.X2015.11.04",3.8997741699219,45,2015,"saginaw"
"Saginaw River.X2015.11.11",14.5507751464844,46,2015,"saginaw"
"Saginaw River.X2015.11.18",11.7989135742188,47,2015,"saginaw"
"Saginaw River.X2015.11.25",6.98946533203127,48,2015,"saginaw"
"Saginaw River.X2015.12.02",9.86763916015627,49,2015,"saginaw"
"Saginaw River.X2015.12.09",6.26629028320315,50,2015,"saginaw"
"Saginaw River.X2015.12.16",6.99468383789065,51,2015,"saginaw"
"Saginaw River.X2015.12.23",5.96257934570315,52,2015,"saginaw"
"Saginaw River.X2015.12.30",7.31282958984377,53,2015,"saginaw"
"Saginaw River.X2016.01.07",8.56243286132815,2,2016,"saginaw"
"Saginaw River.X2016.01.14",5.6456237792969,3,2016,"saginaw"
"Saginaw River.X2016.01.21",4.79351196289065,4,2016,"saginaw"
"Saginaw River.X2016.01.28",6.99483642578127,5,2016,"saginaw"
"Saginaw River.X2016.02.04",8.46590576171877,6,2016,"saginaw"
"Saginaw River.X2016.02.11",9.89592895507815,7,2016,"saginaw"
"Saginaw River.X2016.02.18",9.39772949218752,8,2016,"saginaw"
"Saginaw River.X2016.02.25",8.3915954589844,9,2016,"saginaw"
"Saginaw River.X2016.03.03",9.5368591308594,10,2016,"saginaw"
"Saginaw River.X2016.03.10",9.0053649902344,11,2016,"saginaw"
"Saginaw River.X2016.03.17",10.0004211425781,12,2016,"saginaw"
"Saginaw River.X2016.03.24",10.1934753417969,13,2016,"saginaw"
"Saginaw River.X2016.03.31",9.93673095703127,14,2016,"saginaw"
"Saginaw River.X2016.04.07",10.1968933105469,15,2016,"saginaw"
"Saginaw River.X2016.04.14",10.6529174804688,16,2016,"saginaw"
"Saginaw River.X2016.04.21",12.4304748535156,17,2016,"saginaw"
"Saginaw River.X2016.04.28",11.5231262207031,18,2016,"saginaw"
"Saginaw River.X2016.05.05",11.1800476074219,19,2016,"saginaw"
"Saginaw River.X2016.05.12",14.0192504882813,20,2016,"saginaw"
"Saginaw River.X2016.05.19",16.0437561035156,21,2016,"saginaw"
"Saginaw River.X2016.05.26",18.0353942871094,22,2016,"saginaw"
"Saginaw River.X2016.06.02",23.3034301757813,23,2016,"saginaw"
"Saginaw River.X2016.06.09",22.1088500976563,24,2016,"saginaw"
"Saginaw River.X2016.06.16",23.7706237792969,25,2016,"saginaw"
"Saginaw River.X2016.06.23",25.1419616699219,26,2016,"saginaw"
"Saginaw River.X2016.06.30",30.0270629882813,27,2016,"saginaw"
"Saginaw River.X2016.07.07",29.7954040527344,28,2016,"saginaw"
"Saginaw River.X2016.07.14",27.6559692382813,29,2016,"saginaw"
"Saginaw River.X2016.07.21",31.6079040527344,30,2016,"saginaw"
"Saginaw River.X2016.07.28",31.2368713378906,31,2016,"saginaw"
"Saginaw River.X2016.08.04",27.2069946289063,32,2016,"saginaw"
"Saginaw River.X2016.08.11",25.8460632324219,33,2016,"saginaw"
"Saginaw River.X2016.08.18",24.5657897949219,34,2016,"saginaw"
"Saginaw River.X2016.08.25",28.1267944335938,35,2016,"saginaw"
"Saginaw River.X2016.09.01",22.4705749511719,36,2016,"saginaw"
"Saginaw River.X2016.09.08",25.4295593261719,37,2016,"saginaw"
"Saginaw River.X2016.09.15",27.3325134277344,38,2016,"saginaw"
"Saginaw River.X2016.09.22",24.9902282714844,39,2016,"saginaw"
"Saginaw River.X2016.09.29",19.0654235839844,40,2016,"saginaw"
"Saginaw River.X2016.10.06",18.6762023925781,41,2016,"saginaw"
"Saginaw River.X2016.10.13",14.7849670410156,42,2016,"saginaw"
"Saginaw River.X2016.10.20",12.9424377441406,43,2016,"saginaw"
"Saginaw River.X2016.10.27",12.0074096679688,44,2016,"saginaw"
"Saginaw River.X2016.11.03",8.55947265625002,45,2016,"saginaw"
"Saginaw River.X2016.11.10",7.33291015625002,46,2016,"saginaw"
"Saginaw River.X2016.11.17",12.5127502441406,47,2016,"saginaw"
"Saginaw River.X2016.11.24",6.57390747070315,48,2016,"saginaw"
"Saginaw River.X2016.12.01",2.0125671386719,49,2016,"saginaw"
"Saginaw River.X2016.12.08",7.6773620605469,50,2016,"saginaw"
"Saginaw River.X2016.12.15",4.54171142578127,51,2016,"saginaw"
"Saginaw River.X2016.12.22",5.86651000976565,52,2016,"saginaw"
"Saginaw River.X2016.12.29",5.2858825683594,53,2016,"saginaw"
"Saginaw River.X2017.01.07",5.6403747558594,2,2017,"saginaw"
"Saginaw River.X2017.01.14",7.28719482421877,3,2017,"saginaw"
"Saginaw River.X2017.01.21",8.0943542480469,4,2017,"saginaw"
"Saginaw River.X2017.01.28",8.4407897949219,5,2017,"saginaw"
"Saginaw River.X2017.02.04",8.63433227539065,6,2017,"saginaw"
"Saginaw River.X2017.02.11",8.0031677246094,7,2017,"saginaw"
"Saginaw River.X2017.02.18",9.35894165039065,8,2017,"saginaw"
"Saginaw River.X2017.02.25",10.5574584960938,9,2017,"saginaw"
"Saginaw River.X2017.03.04",9.4589782714844,10,2017,"saginaw"
"Saginaw River.X2017.03.11",9.53670654296877,11,2017,"saginaw"
"Saginaw River.X2017.03.18",9.56133422851565,12,2017,"saginaw"
"Saginaw River.X2017.03.25",10.729150390625,13,2017,"saginaw"
"Saginaw River.X2017.04.01",10.5843139648438,14,2017,"saginaw"
"Saginaw River.X2017.04.08",10.9536071777344,15,2017,"saginaw"
"Saginaw River.X2017.04.15",10.3892456054688,16,2017,"saginaw"
"Saginaw River.X2017.04.22",10.2997375488281,17,2017,"saginaw"
"Saginaw River.X2017.04.29",11.5242553710938,18,2017,"saginaw"
"Saginaw River.X2017.05.06",12.73671875,19,2017,"saginaw"
"Saginaw River.X2017.05.13",13.0299621582031,20,2017,"saginaw"
"Saginaw River.X2017.05.20",11.8863464355469,21,2017,"saginaw"
"Saginaw River.X2017.05.27",11.7337585449219,22,2017,"saginaw"
"Saginaw River.X2017.06.03",12.2454162597656,23,2017,"saginaw"
"Saginaw River.X2017.06.10",13.5343872070313,24,2017,"saginaw"
"Saginaw River.X2017.06.17",14.25576171875,25,2017,"saginaw"
"Saginaw River.X2017.06.24",16.1599975585938,26,2017,"saginaw"
"Saginaw River.X2017.07.01",17.2213684082031,27,2017,"saginaw"
"Saginaw River.X2017.07.08",20.8747497558594,28,2017,"saginaw"
"Saginaw River.X2017.07.15",22.65712890625,29,2017,"saginaw"
"Saginaw River.X2017.07.22",24.4562622070313,30,2017,"saginaw"
"Saginaw River.X2017.07.29",27.3864685058594,31,2017,"saginaw"
"Saginaw River.X2017.08.05",28.9497924804688,32,2017,"saginaw"
"Saginaw River.X2017.08.12",28.9968200683594,33,2017,"saginaw"
"Saginaw River.X2017.08.19",31.6730590820313,34,2017,"saginaw"
"Saginaw River.X2017.08.26",25.9955078125,35,2017,"saginaw"
"Saginaw River.X2017.09.02",24.4414611816406,36,2017,"saginaw"
"Saginaw River.X2017.09.09",23.6011291503906,37,2017,"saginaw"
"Saginaw River.X2017.09.16",22.9458557128906,38,2017,"saginaw"
"Saginaw River.X2017.09.23",18.6476989746094,39,2017,"saginaw"
"Saginaw River.X2017.09.30",15.9666687011719,40,2017,"saginaw"
"Saginaw River.X2017.10.07",15.7763610839844,41,2017,"saginaw"
"Saginaw River.X2017.10.14",16.6555725097656,42,2017,"saginaw"
"Saginaw River.X2017.10.21",11.9236083984375,43,2017,"saginaw"
"Saginaw River.X2017.10.28",9.26287231445315,44,2017,"saginaw"
"Saginaw River.X2017.11.04",12.0629516601563,45,2017,"saginaw"
"Saginaw River.X2017.11.11",11.0037475585938,46,2017,"saginaw"
"Saginaw River.X2017.11.18",8.7370544433594,47,2017,"saginaw"
"Saginaw River.X2017.11.25",7.90169677734377,48,2017,"saginaw"
"Saginaw River.X2017.12.02",6.9009948730469,49,2017,"saginaw"
"Saginaw River.X2017.12.09",8.07988891601565,50,2017,"saginaw"
"Saginaw River.X2017.12.16",9.0206237792969,51,2017,"saginaw"
"Saginaw River.X2017.12.23",8.96904907226565,52,2017,"saginaw"
"Saginaw River.X2017.12.30",7.69130859375002,53,2017,"saginaw"
"Saginaw River.X2018.01.07",8.7082458496094,2,2018,"saginaw"
"Saginaw River.X2018.01.14",9.7091003417969,3,2018,"saginaw"
"Saginaw River.X2018.01.21",9.04314575195315,4,2018,"saginaw"
"Saginaw River.X2018.01.28",9.3142028808594,5,2018,"saginaw"
"Saginaw River.X2018.02.04",7.81038818359377,6,2018,"saginaw"
"Saginaw River.X2018.02.11",8.91201171875002,7,2018,"saginaw"
"Saginaw River.X2018.02.18",8.93660888671877,8,2018,"saginaw"
"Saginaw River.X2018.02.25",9.13546142578127,9,2018,"saginaw"
"Saginaw River.X2018.03.04",8.51409301757815,10,2018,"saginaw"
"Saginaw River.X2018.03.11",9.19097290039065,11,2018,"saginaw"
"Saginaw River.X2018.03.18",9.80681762695315,12,2018,"saginaw"
"Saginaw River.X2018.03.25",9.4228454589844,13,2018,"saginaw"
"Saginaw River.X2018.04.01",10.1933227539063,14,2018,"saginaw"
"Saginaw River.X2018.04.08",10.0017028808594,15,2018,"saginaw"
"Saginaw River.X2018.04.15",10.34267578125,16,2018,"saginaw"
"Saginaw River.X2018.04.22",9.9362731933594,17,2018,"saginaw"
"Saginaw River.X2018.04.29",11.0342956542969,18,2018,"saginaw"
"Saginaw River.X2018.05.06",10.8780151367188,19,2018,"saginaw"
"Saginaw River.X2018.05.13",12.5062805175781,20,2018,"saginaw"
"Saginaw River.X2018.05.20",13.6546264648438,21,2018,"saginaw"
"Saginaw River.X2018.05.27",14.6037536621094,22,2018,"saginaw"
"Saginaw River.X2018.06.03",14.3433776855469,23,2018,"saginaw"
"Saginaw River.X2018.06.10",16.7036071777344,24,2018,"saginaw"
"Saginaw River.X2018.06.17",18.9689270019531,25,2018,"saginaw"
"Saginaw River.X2018.06.24",19.8330932617188,26,2018,"saginaw"
"Saginaw River.X2018.07.01",20.5452209472656,27,2018,"saginaw"
"Saginaw River.X2018.07.08",24.0328918457031,28,2018,"saginaw"
"Saginaw River.X2018.07.15",22.3080688476563,29,2018,"saginaw"
"Saginaw River.X2018.07.22",25.0282531738281,30,2018,"saginaw"
"Saginaw River.X2018.07.29",25.8988586425781,31,2018,"saginaw"
"Saginaw River.X2018.08.05",26.7647033691406,32,2018,"saginaw"
"Saginaw River.X2018.08.12",23.7846313476563,33,2018,"saginaw"
"Saginaw River.X2018.08.19",20.2924438476563,34,2018,"saginaw"
"Saginaw River.X2018.08.26",21.9247680664063,35,2018,"saginaw"
"Saginaw River.X2018.09.02",22.7450500488281,36,2018,"saginaw"
"Saginaw River.X2018.09.09",21.5210815429688,37,2018,"saginaw"
"Saginaw River.X2018.09.16",21.5532775878906,38,2018,"saginaw"
"Saginaw River.X2018.09.23",20.5892578125,39,2018,"saginaw"
"Saginaw River.X2018.09.30",19.9409118652344,40,2018,"saginaw"
"Saginaw River.X2018.10.07",20.03310546875,41,2018,"saginaw"
"Saginaw River.X2018.10.14",14.9455505371094,42,2018,"saginaw"
"Saginaw River.X2018.10.21",17.6251770019531,43,2018,"saginaw"
"Saginaw River.X2018.10.28",11.9903503417969,44,2018,"saginaw"
"Saginaw River.X2018.11.04",4.33416137695315,45,2018,"saginaw"
"Saginaw River.X2018.11.11",7.66069946289065,46,2018,"saginaw"
"Saginaw River.X2018.11.18",6.29058227539065,47,2018,"saginaw"
"Saginaw River.X2018.11.25",8.27474365234377,48,2018,"saginaw"
"Saginaw River.X2018.12.02",5.67220458984377,49,2018,"saginaw"
"Saginaw River.X2018.12.09",7.11397705078127,50,2018,"saginaw"
"Saginaw River.X2018.12.16",5.93828735351565,51,2018,"saginaw"
"Saginaw River.X2018.12.23",5.64876708984377,52,2018,"saginaw"
"Saginaw River.X2018.12.30",6.15960083007815,53,2018,"saginaw"
"Saginaw River.X2019.01.07",5.9438415527344,2,2019,"saginaw"
"Saginaw River.X2019.01.14",6.8206726074219,3,2019,"saginaw"
"Saginaw River.X2019.01.21",6.68917236328127,4,2019,"saginaw"
"Saginaw River.X2019.01.28",5.51970825195315,5,2019,"saginaw"
"Saginaw River.X2019.02.04",7.7103210449219,6,2019,"saginaw"
"Saginaw River.X2019.02.11",8.74151000976565,7,2019,"saginaw"
"Saginaw River.X2019.02.18",8.98647460937502,8,2019,"saginaw"
"Saginaw River.X2019.02.25",8.5777526855469,9,2019,"saginaw"
"Saginaw River.X2019.03.04",8.64071044921877,10,2019,"saginaw"
"Saginaw River.X2019.03.11",9.59218750000002,11,2019,"saginaw"
"Saginaw River.X2019.03.18",8.60942993164065,12,2019,"saginaw"
"Saginaw River.X2019.03.25",10.3761535644531,13,2019,"saginaw"
"Saginaw River.X2019.04.01",10.7083374023438,14,2019,"saginaw"
"Saginaw River.X2019.04.08",10.9670654296875,15,2019,"saginaw"
"Saginaw River.X2019.04.15",12.7330871582031,16,2019,"saginaw"
"Saginaw River.X2019.04.22",12.6054321289063,17,2019,"saginaw"
"Saginaw River.X2019.04.29",14.2759948730469,18,2019,"saginaw"
"Saginaw River.X2019.05.06",14.1329284667969,19,2019,"saginaw"
"Saginaw River.X2019.05.13",13.8816772460938,20,2019,"saginaw"
"Saginaw River.X2019.05.20",17.2546936035156,21,2019,"saginaw"
"Saginaw River.X2019.05.27",17.6971069335938,22,2019,"saginaw"
"Saginaw River.X2019.06.03",20.191552734375,23,2019,"saginaw"
"Saginaw River.X2019.06.10",26.3669372558594,24,2019,"saginaw"
"Saginaw River.X2019.06.17",23.2038208007813,25,2019,"saginaw"
"Saginaw River.X2019.06.24",26.6045471191406,26,2019,"saginaw"
"Saginaw River.X2019.07.01",29.2492004394531,27,2019,"saginaw"
"Saginaw River.X2019.07.08",37.6010375976563,28,2019,"saginaw"
"Saginaw River.X2019.07.15",33.6503234863281,29,2019,"saginaw"
"Saginaw River.X2019.07.22",32.4214721679688,30,2019,"saginaw"
"Saginaw River.X2019.07.29",31.003564453125,31,2019,"saginaw"
"Saginaw River.X2019.08.05",29.11171875,32,2019,"saginaw"
"Saginaw River.X2019.08.12",28.1125427246094,33,2019,"saginaw"
"Saginaw River.X2019.08.19",20.6452575683594,34,2019,"saginaw"
"Saginaw River.X2019.08.26",22.4713073730469,35,2019,"saginaw"
"Saginaw River.X2019.09.02",24.2723022460938,36,2019,"saginaw"
"Saginaw River.X2019.09.09",21.6995483398438,37,2019,"saginaw"
"Saginaw River.X2019.09.16",22.9786926269531,38,2019,"saginaw"
"Saginaw River.X2019.09.23",20.3817993164063,39,2019,"saginaw"
"Saginaw River.X2019.09.30",17.1942687988281,40,2019,"saginaw"
"Saginaw River.X2019.10.07",16.988671875,41,2019,"saginaw"
"Saginaw River.X2019.10.14",14.7484069824219,42,2019,"saginaw"
"Saginaw River.X2019.10.21",13.037744140625,43,2019,"saginaw"
"Saginaw River.X2019.10.28",10.2178588867188,44,2019,"saginaw"
"Saginaw River.X2019.11.04",10.2703491210938,45,2019,"saginaw"
"Saginaw River.X2019.11.11",12.5868774414063,46,2019,"saginaw"
"Saginaw River.X2019.11.18",7.05507812500002,47,2019,"saginaw"
"Saginaw River.X2019.11.25",5.09377441406252,48,2019,"saginaw"
"Saginaw River.X2019.12.02",2.99004516601565,49,2019,"saginaw"
"Saginaw River.X2019.12.09",6.8102966308594,50,2019,"saginaw"
"Saginaw River.X2019.12.16",6.18209228515627,51,2019,"saginaw"
"Saginaw River.X2019.12.23",6.64678344726565,52,2019,"saginaw"
"Saginaw River.X2019.12.30",8.8411804199219,53,2019,"saginaw"
"Salmon Trout River.X2009.01.07",0.106286621093773,2,2009,"salmontrout"
"Salmon Trout River.X2009.01.14",0.224511718750023,3,2009,"salmontrout"
"Salmon Trout River.X2009.01.21",0.174340820312523,4,2009,"salmontrout"
"Salmon Trout River.X2009.01.28",0.100000000000023,5,2009,"salmontrout"
"Salmon Trout River.X2009.02.04",0.100000000000023,6,2009,"salmontrout"
"Salmon Trout River.X2009.02.11",1.54512939453127,7,2009,"salmontrout"
"Salmon Trout River.X2009.02.18",4.80571899414065,8,2009,"salmontrout"
"Salmon Trout River.X2009.02.25",8.1854187011719,9,2009,"salmontrout"
"Salmon Trout River.X2009.03.04",4.25826416015627,10,2009,"salmontrout"
"Salmon Trout River.X2009.03.11",5.7967468261719,11,2009,"salmontrout"
"Salmon Trout River.X2009.03.18",14.0862670898438,12,2009,"salmontrout"
"Salmon Trout River.X2009.03.25",8.53643188476565,13,2009,"salmontrout"
"Salmon Trout River.X2009.04.01",6.90200195312502,14,2009,"salmontrout"
"Salmon Trout River.X2009.04.08",7.44228515625002,15,2009,"salmontrout"
"Salmon Trout River.X2009.04.15",11.1610046386719,16,2009,"salmontrout"
"Salmon Trout River.X2009.04.22",12.1035705566406,17,2009,"salmontrout"
"Salmon Trout River.X2009.04.29",13.3377319335938,18,2009,"salmontrout"
"Salmon Trout River.X2009.05.06",13.0016418457031,19,2009,"salmontrout"
"Salmon Trout River.X2009.05.13",20.6940856933594,20,2009,"salmontrout"
"Salmon Trout River.X2009.05.20",18.9820495605469,21,2009,"salmontrout"
"Salmon Trout River.X2009.05.27",19.3832946777344,22,2009,"salmontrout"
"Salmon Trout River.X2009.06.03",26.3283630371094,23,2009,"salmontrout"
"Salmon Trout River.X2009.06.10",22.3845764160156,24,2009,"salmontrout"
"Salmon Trout River.X2009.06.17",23.33681640625,25,2009,"salmontrout"
"Salmon Trout River.X2009.06.24",22.9623962402344,26,2009,"salmontrout"
"Salmon Trout River.X2009.07.01",25.4608703613281,27,2009,"salmontrout"
"Salmon Trout River.X2009.07.08",26.8816467285156,28,2009,"salmontrout"
"Salmon Trout River.X2009.07.15",27.2954040527344,29,2009,"salmontrout"
"Salmon Trout River.X2009.07.22",26.4981628417969,30,2009,"salmontrout"
"Salmon Trout River.X2009.07.29",30.0912414550781,31,2009,"salmontrout"
"Salmon Trout River.X2009.08.05",31.6661010742188,32,2009,"salmontrout"
"Salmon Trout River.X2009.08.12",27.883203125,33,2009,"salmontrout"
"Salmon Trout River.X2009.08.19",24.0841613769531,34,2009,"salmontrout"
"Salmon Trout River.X2009.08.26",25.0508972167969,35,2009,"salmontrout"
"Salmon Trout River.X2009.09.02",22.2264343261719,36,2009,"salmontrout"
"Salmon Trout River.X2009.09.09",21.6519104003906,37,2009,"salmontrout"
"Salmon Trout River.X2009.09.16",15.5018859863281,38,2009,"salmontrout"
"Salmon Trout River.X2009.09.23",18.3552185058594,39,2009,"salmontrout"
"Salmon Trout River.X2009.09.30",14.7895446777344,40,2009,"salmontrout"
"Salmon Trout River.X2009.10.07",17.5433288574219,41,2009,"salmontrout"
"Salmon Trout River.X2009.10.14",13.9136596679688,42,2009,"salmontrout"
"Salmon Trout River.X2009.10.21",12.8832336425781,43,2009,"salmontrout"
"Salmon Trout River.X2009.10.28",12.17568359375,44,2009,"salmontrout"
"Salmon Trout River.X2009.11.04",7.6392761230469,45,2009,"salmontrout"
"Salmon Trout River.X2009.11.11",8.93111572265627,46,2009,"salmontrout"
"Salmon Trout River.X2009.11.18",8.9300476074219,47,2009,"salmontrout"
"Salmon Trout River.X2009.11.25",6.60628662109377,48,2009,"salmontrout"
"Salmon Trout River.X2009.12.02",4.55910644531252,49,2009,"salmontrout"
"Salmon Trout River.X2009.12.09",2.47847900390627,50,2009,"salmontrout"
"Salmon Trout River.X2009.12.16",0.203668212890648,51,2009,"salmontrout"
"Salmon Trout River.X2009.12.23",0.946282958984398,52,2009,"salmontrout"
"Salmon Trout River.X2009.12.30",0.733270263671898,53,2009,"salmontrout"
"Salmon Trout River.X2010.01.07",0.583306884765648,2,2010,"salmontrout"
"Salmon Trout River.X2010.01.14",0.371209716796898,3,2010,"salmontrout"
"Salmon Trout River.X2010.01.21",0.906701660156273,4,2010,"salmontrout"
"Salmon Trout River.X2010.01.28",1.1000915527344,5,2010,"salmontrout"
"Salmon Trout River.X2010.02.04",0.669732666015648,6,2010,"salmontrout"
"Salmon Trout River.X2010.02.11",0.173028564453148,7,2010,"salmontrout"
"Salmon Trout River.X2010.02.18",0.150903320312523,8,2010,"salmontrout"
"Salmon Trout River.X2010.02.25",0.100000000000023,9,2010,"salmontrout"
"Salmon Trout River.X2010.03.04",0.100000000000023,10,2010,"salmontrout"
"Salmon Trout River.X2010.03.11",0.100000000000023,11,2010,"salmontrout"
"Salmon Trout River.X2010.03.18",0.100000000000023,12,2010,"salmontrout"
"Salmon Trout River.X2010.03.25",0.100000000000023,13,2010,"salmontrout"
"Salmon Trout River.X2010.04.01",0.769067382812523,14,2010,"salmontrout"
"Salmon Trout River.X2010.04.08",1.55367431640627,15,2010,"salmontrout"
"Salmon Trout River.X2010.04.15",3.89138183593752,16,2010,"salmontrout"
"Salmon Trout River.X2010.04.22",9.1584411621094,17,2010,"salmontrout"
"Salmon Trout River.X2010.04.29",11.1748291015625,18,2010,"salmontrout"
"Salmon Trout River.X2010.05.06",13.4407897949219,19,2010,"salmontrout"
"Salmon Trout River.X2010.05.13",12.9493041992188,20,2010,"salmontrout"
"Salmon Trout River.X2010.05.20",11.4565673828125,21,2010,"salmontrout"
"Salmon Trout River.X2010.05.27",15.2282958984375,22,2010,"salmontrout"
"Salmon Trout River.X2010.06.03",14.9360290527344,23,2010,"salmontrout"
"Salmon Trout River.X2010.06.10",14.8203369140625,24,2010,"salmontrout"
"Salmon Trout River.X2010.06.17",17.930810546875,25,2010,"salmontrout"
"Salmon Trout River.X2010.06.24",21.1097045898438,26,2010,"salmontrout"
"Salmon Trout River.X2010.07.01",20.4274841308594,27,2010,"salmontrout"
"Salmon Trout River.X2010.07.08",23.5052124023438,28,2010,"salmontrout"
"Salmon Trout River.X2010.07.15",24.985498046875,29,2010,"salmontrout"
"Salmon Trout River.X2010.07.22",24.786767578125,30,2010,"salmontrout"
"Salmon Trout River.X2010.07.29",24.7773376464844,31,2010,"salmontrout"
"Salmon Trout River.X2010.08.05",25.6088195800781,32,2010,"salmontrout"
"Salmon Trout River.X2010.08.12",26.5026184082031,33,2010,"salmontrout"
"Salmon Trout River.X2010.08.19",25.9019104003906,34,2010,"salmontrout"
"Salmon Trout River.X2010.08.26",23.84267578125,35,2010,"salmontrout"
"Salmon Trout River.X2010.09.02",23.1292358398438,36,2010,"salmontrout"
"Salmon Trout River.X2010.09.09",21.8491149902344,37,2010,"salmontrout"
"Salmon Trout River.X2010.09.16",18.6015258789063,38,2010,"salmontrout"
"Salmon Trout River.X2010.09.23",16.2347351074219,39,2010,"salmontrout"
"Salmon Trout River.X2010.09.30",17.6168762207031,40,2010,"salmontrout"
"Salmon Trout River.X2010.10.07",15.3726745605469,41,2010,"salmontrout"
"Salmon Trout River.X2010.10.14",15.0181823730469,42,2010,"salmontrout"
"Salmon Trout River.X2010.10.21",13.7056823730469,43,2010,"salmontrout"
"Salmon Trout River.X2010.10.28",12.1574340820313,44,2010,"salmontrout"
"Salmon Trout River.X2010.11.04",11.5690856933594,45,2010,"salmontrout"
"Salmon Trout River.X2010.11.11",8.30059204101565,46,2010,"salmontrout"
"Salmon Trout River.X2010.11.18",4.59591064453127,47,2010,"salmontrout"
"Salmon Trout River.X2010.11.25",2.72628173828127,48,2010,"salmontrout"
"Salmon Trout River.X2010.12.02",2.69625244140627,49,2010,"salmontrout"
"Salmon Trout River.X2010.12.09",3.41350708007815,50,2010,"salmontrout"
"Salmon Trout River.X2010.12.16",1.2665954589844,51,2010,"salmontrout"
"Salmon Trout River.X2010.12.23",0.419732666015648,52,2010,"salmontrout"
"Salmon Trout River.X2010.12.30",0.439508056640648,53,2010,"salmontrout"
"Salmon Trout River.X2011.01.07",0.133538818359398,2,2011,"salmontrout"
"Salmon Trout River.X2011.01.14",0.102136230468773,3,2011,"salmontrout"
"Salmon Trout River.X2011.01.21",0.106378173828148,4,2011,"salmontrout"
"Salmon Trout River.X2011.01.28",2.31246337890627,5,2011,"salmontrout"
"Salmon Trout River.X2011.02.04",2.29549560546877,6,2011,"salmontrout"
"Salmon Trout River.X2011.02.11",2.49978027343752,7,2011,"salmontrout"
"Salmon Trout River.X2011.02.18",2.95809326171877,8,2011,"salmontrout"
"Salmon Trout River.X2011.02.25",2.8594909667969,9,2011,"salmontrout"
"Salmon Trout River.X2011.03.04",0.539727783203148,10,2011,"salmontrout"
"Salmon Trout River.X2011.03.11",1.30840454101565,11,2011,"salmontrout"
"Salmon Trout River.X2011.03.18",3.11324462890627,12,2011,"salmontrout"
"Salmon Trout River.X2011.03.25",2.3282409667969,13,2011,"salmontrout"
"Salmon Trout River.X2011.04.01",3.30306396484377,14,2011,"salmontrout"
"Salmon Trout River.X2011.04.08",5.16326293945315,15,2011,"salmontrout"
"Salmon Trout River.X2011.04.15",7.43328247070315,16,2011,"salmontrout"
"Salmon Trout River.X2011.04.22",8.87691650390627,17,2011,"salmontrout"
"Salmon Trout River.X2011.04.29",11.1548400878906,18,2011,"salmontrout"
"Salmon Trout River.X2011.05.06",8.07937011718752,19,2011,"salmontrout"
"Salmon Trout River.X2011.05.13",11.8340698242188,20,2011,"salmontrout"
"Salmon Trout River.X2011.05.20",12.2289978027344,21,2011,"salmontrout"
"Salmon Trout River.X2011.05.27",11.8713317871094,22,2011,"salmontrout"
"Salmon Trout River.X2011.06.03",14.7286010742188,23,2011,"salmontrout"
"Salmon Trout River.X2011.06.10",17.7449279785156,24,2011,"salmontrout"
"Salmon Trout River.X2011.06.17",23.1527954101563,25,2011,"salmontrout"
"Salmon Trout River.X2011.06.24",20.7726684570313,26,2011,"salmontrout"
"Salmon Trout River.X2011.07.01",26.1020141601563,27,2011,"salmontrout"
"Salmon Trout River.X2011.07.08",28.04140625,28,2011,"salmontrout"
"Salmon Trout River.X2011.07.15",26.3632141113281,29,2011,"salmontrout"
"Salmon Trout River.X2011.07.22",25.8536926269531,30,2011,"salmontrout"
"Salmon Trout River.X2011.07.29",23.9694458007813,31,2011,"salmontrout"
"Salmon Trout River.X2011.08.05",23.9198852539063,32,2011,"salmontrout"
"Salmon Trout River.X2011.08.12",25.1820922851563,33,2011,"salmontrout"
"Salmon Trout River.X2011.08.19",27.8971496582031,34,2011,"salmontrout"
"Salmon Trout River.X2011.08.26",23.6498046875,35,2011,"salmontrout"
"Salmon Trout River.X2011.09.02",20.8488098144531,36,2011,"salmontrout"
"Salmon Trout River.X2011.09.09",23.830712890625,37,2011,"salmontrout"
"Salmon Trout River.X2011.09.16",21.9200378417969,38,2011,"salmontrout"
"Salmon Trout River.X2011.09.23",18.4883361816406,39,2011,"salmontrout"
"Salmon Trout River.X2011.09.30",14.3662048339844,40,2011,"salmontrout"
"Salmon Trout River.X2011.10.07",12.4340148925781,41,2011,"salmontrout"
"Salmon Trout River.X2011.10.14",13.3350769042969,42,2011,"salmontrout"
"Salmon Trout River.X2011.10.21",12.3164916992188,43,2011,"salmontrout"
"Salmon Trout River.X2011.10.28",9.93709716796877,44,2011,"salmontrout"
"Salmon Trout River.X2011.11.04",10.5569091796875,45,2011,"salmontrout"
"Salmon Trout River.X2011.11.11",8.8194519042969,46,2011,"salmontrout"
"Salmon Trout River.X2011.11.18",5.96437988281252,47,2011,"salmontrout"
"Salmon Trout River.X2011.11.25",1.22518310546877,48,2011,"salmontrout"
"Salmon Trout River.X2011.12.02",2.77877197265627,49,2011,"salmontrout"
"Salmon Trout River.X2011.12.09",1.80715332031252,50,2011,"salmontrout"
"Salmon Trout River.X2011.12.16",3.03750000000002,51,2011,"salmontrout"
"Salmon Trout River.X2011.12.23",3.81536254882815,52,2011,"salmontrout"
"Salmon Trout River.X2011.12.30",1.3083435058594,53,2011,"salmontrout"
"Salmon Trout River.X2012.01.07",0.818627929687523,2,2012,"salmontrout"
"Salmon Trout River.X2012.01.14",0.355798339843773,3,2012,"salmontrout"
"Salmon Trout River.X2012.01.21",0.161614990234398,4,2012,"salmontrout"
"Salmon Trout River.X2012.01.28",0.208093261718773,5,2012,"salmontrout"
"Salmon Trout River.X2012.02.04",0.480035400390648,6,2012,"salmontrout"
"Salmon Trout River.X2012.02.11",0.109216308593773,7,2012,"salmontrout"
"Salmon Trout River.X2012.02.18",0.100000000000023,8,2012,"salmontrout"
"Salmon Trout River.X2012.02.25",0.100000000000023,9,2012,"salmontrout"
"Salmon Trout River.X2012.03.03",0.100000000000023,10,2012,"salmontrout"
"Salmon Trout River.X2012.03.10",0.101678466796898,11,2012,"salmontrout"
"Salmon Trout River.X2012.03.17",0.127648925781273,12,2012,"salmontrout"
"Salmon Trout River.X2012.03.24",3.60115966796877,13,2012,"salmontrout"
"Salmon Trout River.X2012.03.31",9.0910583496094,14,2012,"salmontrout"
"Salmon Trout River.X2012.04.07",6.43569335937502,15,2012,"salmontrout"
"Salmon Trout River.X2012.04.14",4.9516540527344,16,2012,"salmontrout"
"Salmon Trout River.X2012.04.21",7.1661315917969,17,2012,"salmontrout"
"Salmon Trout River.X2012.04.28",9.5873962402344,18,2012,"salmontrout"
"Salmon Trout River.X2012.05.05",12.5142456054688,19,2012,"salmontrout"
"Salmon Trout River.X2012.05.12",11.1,20,2012,"salmontrout"
"Salmon Trout River.X2012.05.19",13.3511291503906,21,2012,"salmontrout"
"Salmon Trout River.X2012.05.26",18.8686157226563,22,2012,"salmontrout"
"Salmon Trout River.X2012.06.02",24.0800720214844,23,2012,"salmontrout"
"Salmon Trout River.X2012.06.09",26.1713500976563,24,2012,"salmontrout"
"Salmon Trout River.X2012.06.16",22.4771057128906,25,2012,"salmontrout"
"Salmon Trout River.X2012.06.23",21.5247436523438,26,2012,"salmontrout"
"Salmon Trout River.X2012.06.30",24.2029357910156,27,2012,"salmontrout"
"Salmon Trout River.X2012.07.07",26.88466796875,28,2012,"salmontrout"
"Salmon Trout River.X2012.07.14",27.9030090332031,29,2012,"salmontrout"
"Salmon Trout River.X2012.07.21",30.4445434570313,30,2012,"salmontrout"
"Salmon Trout River.X2012.07.28",28.9265075683594,31,2012,"salmontrout"
"Salmon Trout River.X2012.08.04",27.9316345214844,32,2012,"salmontrout"
"Salmon Trout River.X2012.08.11",23.6115356445313,33,2012,"salmontrout"
"Salmon Trout River.X2012.08.18",21.5679870605469,34,2012,"salmontrout"
"Salmon Trout River.X2012.08.25",22.252587890625,35,2012,"salmontrout"
"Salmon Trout River.X2012.09.01",19.7099243164063,36,2012,"salmontrout"
"Salmon Trout River.X2012.09.08",22.9616638183594,37,2012,"salmontrout"
"Salmon Trout River.X2012.09.15",19.3552795410156,38,2012,"salmontrout"
"Salmon Trout River.X2012.09.22",17.1911865234375,39,2012,"salmontrout"
"Salmon Trout River.X2012.09.29",11.9531188964844,40,2012,"salmontrout"
"Salmon Trout River.X2012.10.06",13.3243957519531,41,2012,"salmontrout"
"Salmon Trout River.X2012.10.13",13.226953125,42,2012,"salmontrout"
"Salmon Trout River.X2012.10.20",11.5440307617188,43,2012,"salmontrout"
"Salmon Trout River.X2012.10.27",10.2280212402344,44,2012,"salmontrout"
"Salmon Trout River.X2012.11.03",8.07985839843752,45,2012,"salmontrout"
"Salmon Trout River.X2012.11.10",11.0290771484375,46,2012,"salmontrout"
"Salmon Trout River.X2012.11.17",8.69851074218752,47,2012,"salmontrout"
"Salmon Trout River.X2012.11.24",6.4648376464844,48,2012,"salmontrout"
"Salmon Trout River.X2012.12.01",2.4540954589844,49,2012,"salmontrout"
"Salmon Trout River.X2012.12.08",4.3902526855469,50,2012,"salmontrout"
"Salmon Trout River.X2012.12.15",6.63128051757815,51,2012,"salmontrout"
"Salmon Trout River.X2012.12.22",2.29842529296877,52,2012,"salmontrout"
"Salmon Trout River.X2012.12.29",0.406152343750023,53,2012,"salmontrout"
"Salmon Trout River.X2013.01.07",0.334954833984398,2,2013,"salmontrout"
"Salmon Trout River.X2013.01.14",1.49114379882815,3,2013,"salmontrout"
"Salmon Trout River.X2013.01.21",1.81621704101565,4,2013,"salmontrout"
"Salmon Trout River.X2013.01.28",0.124780273437523,5,2013,"salmontrout"
"Salmon Trout River.X2013.02.04",0.102899169921898,6,2013,"salmontrout"
"Salmon Trout River.X2013.02.11",1.34694824218752,7,2013,"salmontrout"
"Salmon Trout River.X2013.02.18",1.8685241699219,8,2013,"salmontrout"
"Salmon Trout River.X2013.02.25",2.25509033203127,9,2013,"salmontrout"
"Salmon Trout River.X2013.03.04",1.74953613281252,10,2013,"salmontrout"
"Salmon Trout River.X2013.03.11",2.28789672851565,11,2013,"salmontrout"
"Salmon Trout River.X2013.03.18",4.1673522949219,12,2013,"salmontrout"
"Salmon Trout River.X2013.03.25",4.85030517578127,13,2013,"salmontrout"
"Salmon Trout River.X2013.04.01",7.61687622070315,14,2013,"salmontrout"
"Salmon Trout River.X2013.04.08",8.46456298828127,15,2013,"salmontrout"
"Salmon Trout River.X2013.04.15",11.5784240722656,16,2013,"salmontrout"
"Salmon Trout River.X2013.04.22",9.5850769042969,17,2013,"salmontrout"
"Salmon Trout River.X2013.04.29",14.4989562988281,18,2013,"salmontrout"
"Salmon Trout River.X2013.05.06",16.1260925292969,19,2013,"salmontrout"
"Salmon Trout River.X2013.05.13",17.3185974121094,20,2013,"salmontrout"
"Salmon Trout River.X2013.05.20",17.3212829589844,21,2013,"salmontrout"
"Salmon Trout River.X2013.05.27",20.4500061035156,22,2013,"salmontrout"
"Salmon Trout River.X2013.06.03",20.8006530761719,23,2013,"salmontrout"
"Salmon Trout River.X2013.06.10",19.7901550292969,24,2013,"salmontrout"
"Salmon Trout River.X2013.06.17",21.7049499511719,25,2013,"salmontrout"
"Salmon Trout River.X2013.06.24",25.8958374023438,26,2013,"salmontrout"
"Salmon Trout River.X2013.07.01",23.0960632324219,27,2013,"salmontrout"
"Salmon Trout River.X2013.07.08",24.9963317871094,28,2013,"salmontrout"
"Salmon Trout River.X2013.07.15",25.4567810058594,29,2013,"salmontrout"
"Salmon Trout River.X2013.07.22",24.8024841308594,30,2013,"salmontrout"
"Salmon Trout River.X2013.07.29",21.4440856933594,31,2013,"salmontrout"
"Salmon Trout River.X2013.08.05",21.7836547851563,32,2013,"salmontrout"
"Salmon Trout River.X2013.08.12",19.4938903808594,33,2013,"salmontrout"
"Salmon Trout River.X2013.08.19",21.0637145996094,34,2013,"salmontrout"
"Salmon Trout River.X2013.08.26",20.7951599121094,35,2013,"salmontrout"
"Salmon Trout River.X2013.09.02",14.0056701660156,36,2013,"salmontrout"
"Salmon Trout River.X2013.09.09",15.5122009277344,37,2013,"salmontrout"
"Salmon Trout River.X2013.09.16",17.9565063476563,38,2013,"salmontrout"
"Salmon Trout River.X2013.09.23",15.8005310058594,39,2013,"salmontrout"
"Salmon Trout River.X2013.09.30",17.6487365722656,40,2013,"salmontrout"
"Salmon Trout River.X2013.10.07",19.07509765625,41,2013,"salmontrout"
"Salmon Trout River.X2013.10.14",15.7157531738281,42,2013,"salmontrout"
"Salmon Trout River.X2013.10.21",11.1532531738281,43,2013,"salmontrout"
"Salmon Trout River.X2013.10.28",8.59230957031252,44,2013,"salmontrout"
"Salmon Trout River.X2013.11.04",4.51677856445315,45,2013,"salmontrout"
"Salmon Trout River.X2013.11.11",5.4636169433594,46,2013,"salmontrout"
"Salmon Trout River.X2013.11.18",5.89238891601565,47,2013,"salmontrout"
"Salmon Trout River.X2013.11.25",4.22200927734377,48,2013,"salmontrout"
"Salmon Trout River.X2013.12.02",11.7963806152344,49,2013,"salmontrout"
"Salmon Trout River.X2013.12.09",3.77596435546877,50,2013,"salmontrout"
"Salmon Trout River.X2013.12.16",0.582147216796898,51,2013,"salmontrout"
"Salmon Trout River.X2013.12.23",0.574334716796898,52,2013,"salmontrout"
"Salmon Trout River.X2013.12.30",0.461602783203148,53,2013,"salmontrout"
"Salmon Trout River.X2014.01.07",0.223016357421898,2,2014,"salmontrout"
"Salmon Trout River.X2014.01.14",0.414514160156273,3,2014,"salmontrout"
"Salmon Trout River.X2014.01.21",0.775354003906273,4,2014,"salmontrout"
"Salmon Trout River.X2014.01.28",1.53936157226565,5,2014,"salmontrout"
"Salmon Trout River.X2014.02.04",1.30825195312502,6,2014,"salmontrout"
"Salmon Trout River.X2014.02.11",0.382409667968773,7,2014,"salmontrout"
"Salmon Trout River.X2014.02.18",0.192437744140648,8,2014,"salmontrout"
"Salmon Trout River.X2014.02.25",0.595941162109398,9,2014,"salmontrout"
"Salmon Trout River.X2014.03.04",0.188684082031273,10,2014,"salmontrout"
"Salmon Trout River.X2014.03.11",0.213494873046898,11,2014,"salmontrout"
"Salmon Trout River.X2014.03.18",0.100000000000023,12,2014,"salmontrout"
"Salmon Trout River.X2014.03.25",0.284356689453148,13,2014,"salmontrout"
"Salmon Trout River.X2014.04.01",0.311639404296898,14,2014,"salmontrout"
"Salmon Trout River.X2014.04.08",0.100000000000023,15,2014,"salmontrout"
"Salmon Trout River.X2014.04.15",0.100000000000023,16,2014,"salmontrout"
"Salmon Trout River.X2014.04.22",1.9454284667969,17,2014,"salmontrout"
"Salmon Trout River.X2014.04.29",16.1951538085938,18,2014,"salmontrout"
"Salmon Trout River.X2014.05.06",20.5411315917969,19,2014,"salmontrout"
"Salmon Trout River.X2014.05.13",13.5151000976563,20,2014,"salmontrout"
"Salmon Trout River.X2014.05.20",14.2094055175781,21,2014,"salmontrout"
"Salmon Trout River.X2014.05.27",17.6958557128906,22,2014,"salmontrout"
"Salmon Trout River.X2014.06.03",20.7207885742188,23,2014,"salmontrout"
"Salmon Trout River.X2014.06.10",19.3811889648438,24,2014,"salmontrout"
"Salmon Trout River.X2014.06.17",17.8771606445313,25,2014,"salmontrout"
"Salmon Trout River.X2014.06.24",18.23037109375,26,2014,"salmontrout"
"Salmon Trout River.X2014.07.01",22.0086303710938,27,2014,"salmontrout"
"Salmon Trout River.X2014.07.08",24.4129272460938,28,2014,"salmontrout"
"Salmon Trout River.X2014.07.15",25.4607788085938,29,2014,"salmontrout"
"Salmon Trout River.X2014.07.22",25.2778869628906,30,2014,"salmontrout"
"Salmon Trout River.X2014.07.29",25.64638671875,31,2014,"salmontrout"
"Salmon Trout River.X2014.08.05",23.6056762695313,32,2014,"salmontrout"
"Salmon Trout River.X2014.08.12",25.6532836914063,33,2014,"salmontrout"
"Salmon Trout River.X2014.08.19",22.4930358886719,34,2014,"salmontrout"
"Salmon Trout River.X2014.08.26",20.9876953125,35,2014,"salmontrout"
"Salmon Trout River.X2014.09.02",24.5005737304688,36,2014,"salmontrout"
"Salmon Trout River.X2014.09.09",21.5607543945313,37,2014,"salmontrout"
"Salmon Trout River.X2014.09.16",18.137109375,38,2014,"salmontrout"
"Salmon Trout River.X2014.09.23",20.2200866699219,39,2014,"salmontrout"
"Salmon Trout River.X2014.09.30",22.6140991210938,40,2014,"salmontrout"
"Salmon Trout River.X2014.10.07",14.7680603027344,41,2014,"salmontrout"
"Salmon Trout River.X2014.10.14",12.2467590332031,42,2014,"salmontrout"
"Salmon Trout River.X2014.10.21",10.9222351074219,43,2014,"salmontrout"
"Salmon Trout River.X2014.10.28",9.5290466308594,44,2014,"salmontrout"
"Salmon Trout River.X2014.11.04",13.1310363769531,45,2014,"salmontrout"
"Salmon Trout River.X2014.11.11",7.5004821777344,46,2014,"salmontrout"
"Salmon Trout River.X2014.11.18",6.20839843750002,47,2014,"salmontrout"
"Salmon Trout River.X2014.11.25",2.6994567871094,48,2014,"salmontrout"
"Salmon Trout River.X2014.12.02",1.40154418945315,49,2014,"salmontrout"
"Salmon Trout River.X2014.12.09",2.88216552734377,50,2014,"salmontrout"
"Salmon Trout River.X2014.12.16",0.376702880859398,51,2014,"salmontrout"
"Salmon Trout River.X2014.12.23",0.423760986328148,52,2014,"salmontrout"
"Salmon Trout River.X2014.12.30",0.553704833984398,53,2014,"salmontrout"
"Salmon Trout River.X2015.01.07",0.389550781250023,2,2015,"salmontrout"
"Salmon Trout River.X2015.01.14",0.154382324218773,3,2015,"salmontrout"
"Salmon Trout River.X2015.01.21",0.180902099609398,4,2015,"salmontrout"
"Salmon Trout River.X2015.01.28",0.105157470703148,5,2015,"salmontrout"
"Salmon Trout River.X2015.02.04",0.100000000000023,6,2015,"salmontrout"
"Salmon Trout River.X2015.02.11",0.220697021484398,7,2015,"salmontrout"
"Salmon Trout River.X2015.02.18",0.390802001953148,8,2015,"salmontrout"
"Salmon Trout River.X2015.02.25",3.71877441406252,9,2015,"salmontrout"
"Salmon Trout River.X2015.03.04",2.1417175292969,10,2015,"salmontrout"
"Salmon Trout River.X2015.03.11",1.37493286132815,11,2015,"salmontrout"
"Salmon Trout River.X2015.03.18",3.84087524414065,12,2015,"salmontrout"
"Salmon Trout River.X2015.03.25",3.35466918945315,13,2015,"salmontrout"
"Salmon Trout River.X2015.04.01",9.57988891601565,14,2015,"salmontrout"
"Salmon Trout River.X2015.04.08",6.74062500000002,15,2015,"salmontrout"
"Salmon Trout River.X2015.04.15",7.4980407714844,16,2015,"salmontrout"
"Salmon Trout River.X2015.04.22",10.2565551757813,17,2015,"salmontrout"
"Salmon Trout River.X2015.04.29",11.1319213867188,18,2015,"salmontrout"
"Salmon Trout River.X2015.05.06",13.0737854003906,19,2015,"salmontrout"
"Salmon Trout River.X2015.05.13",14.6205383300781,20,2015,"salmontrout"
"Salmon Trout River.X2015.05.20",18.5727172851563,21,2015,"salmontrout"
"Salmon Trout River.X2015.05.27",16.7453247070313,22,2015,"salmontrout"
"Salmon Trout River.X2015.06.03",19.4534545898438,23,2015,"salmontrout"
"Salmon Trout River.X2015.06.10",19.3420959472656,24,2015,"salmontrout"
"Salmon Trout River.X2015.06.17",21.3500305175781,25,2015,"salmontrout"
"Salmon Trout River.X2015.06.24",21.3453918457031,26,2015,"salmontrout"
"Salmon Trout River.X2015.07.01",21.59755859375,27,2015,"salmontrout"
"Salmon Trout River.X2015.07.08",25.16982421875,28,2015,"salmontrout"
"Salmon Trout River.X2015.07.15",27.9682250976563,29,2015,"salmontrout"
"Salmon Trout River.X2015.07.22",29.904443359375,30,2015,"salmontrout"
"Salmon Trout River.X2015.07.29",32.3606811523438,31,2015,"salmontrout"
"Salmon Trout River.X2015.08.05",29.0517211914063,32,2015,"salmontrout"
"Salmon Trout River.X2015.08.12",23.9857116699219,33,2015,"salmontrout"
"Salmon Trout River.X2015.08.19",23.4652038574219,34,2015,"salmontrout"
"Salmon Trout River.X2015.08.26",22.92958984375,35,2015,"salmontrout"
"Salmon Trout River.X2015.09.02",22.7805114746094,36,2015,"salmontrout"
"Salmon Trout River.X2015.09.09",18.0717712402344,37,2015,"salmontrout"
"Salmon Trout River.X2015.09.16",18.6913696289063,38,2015,"salmontrout"
"Salmon Trout River.X2015.09.23",17.4035278320313,39,2015,"salmontrout"
"Salmon Trout River.X2015.09.30",13.7214904785156,40,2015,"salmontrout"
"Salmon Trout River.X2015.10.07",12.3522277832031,41,2015,"salmontrout"
"Salmon Trout River.X2015.10.14",10.4421325683594,42,2015,"salmontrout"
"Salmon Trout River.X2015.10.21",12.1217895507813,43,2015,"salmontrout"
"Salmon Trout River.X2015.10.28",8.9079528808594,44,2015,"salmontrout"
"Salmon Trout River.X2015.11.04",3.1506286621094,45,2015,"salmontrout"
"Salmon Trout River.X2015.11.11",10.7166687011719,46,2015,"salmontrout"
"Salmon Trout River.X2015.11.18",10.1776977539063,47,2015,"salmontrout"
"Salmon Trout River.X2015.11.25",6.16011962890627,48,2015,"salmontrout"
"Salmon Trout River.X2015.12.02",5.98442993164065,49,2015,"salmontrout"
"Salmon Trout River.X2015.12.09",6.47322998046877,50,2015,"salmontrout"
"Salmon Trout River.X2015.12.16",4.91692504882815,51,2015,"salmontrout"
"Salmon Trout River.X2015.12.23",1.21138916015627,52,2015,"salmontrout"
"Salmon Trout River.X2015.12.30",0.421807861328148,53,2015,"salmontrout"
"Salmon Trout River.X2016.01.07",1.19231567382815,2,2016,"salmontrout"
"Salmon Trout River.X2016.01.14",0.583154296875023,3,2016,"salmontrout"
"Salmon Trout River.X2016.01.21",0.102624511718773,4,2016,"salmontrout"
"Salmon Trout River.X2016.01.28",0.100000000000023,5,2016,"salmontrout"
"Salmon Trout River.X2016.02.04",0.100183105468773,6,2016,"salmontrout"
"Salmon Trout River.X2016.02.11",0.351495361328148,7,2016,"salmontrout"
"Salmon Trout River.X2016.02.18",2.77340087890627,8,2016,"salmontrout"
"Salmon Trout River.X2016.02.25",2.32036743164065,9,2016,"salmontrout"
"Salmon Trout River.X2016.03.03",3.9597106933594,10,2016,"salmontrout"
"Salmon Trout River.X2016.03.10",2.97918090820315,11,2016,"salmontrout"
"Salmon Trout River.X2016.03.17",6.8864685058594,12,2016,"salmontrout"
"Salmon Trout River.X2016.03.24",5.2691589355469,13,2016,"salmontrout"
"Salmon Trout River.X2016.03.31",5.35842285156252,14,2016,"salmontrout"
"Salmon Trout River.X2016.04.07",4.80034790039065,15,2016,"salmontrout"
"Salmon Trout River.X2016.04.14",6.8682800292969,16,2016,"salmontrout"
"Salmon Trout River.X2016.04.21",11.0631042480469,17,2016,"salmontrout"
"Salmon Trout River.X2016.04.28",11.4609924316406,18,2016,"salmontrout"
"Salmon Trout River.X2016.05.05",8.25362548828127,19,2016,"salmontrout"
"Salmon Trout River.X2016.05.12",12.5913635253906,20,2016,"salmontrout"
"Salmon Trout River.X2016.05.19",20.0806518554688,21,2016,"salmontrout"
"Salmon Trout River.X2016.05.26",18.1400085449219,22,2016,"salmontrout"
"Salmon Trout River.X2016.06.02",27.2698303222656,23,2016,"salmontrout"
"Salmon Trout River.X2016.06.09",20.2785278320313,24,2016,"salmontrout"
"Salmon Trout River.X2016.06.16",18.7532897949219,25,2016,"salmontrout"
"Salmon Trout River.X2016.06.23",22.5440612792969,26,2016,"salmontrout"
"Salmon Trout River.X2016.06.30",26.3679138183594,27,2016,"salmontrout"
"Salmon Trout River.X2016.07.07",26.9366394042969,28,2016,"salmontrout"
"Salmon Trout River.X2016.07.14",29.1218200683594,29,2016,"salmontrout"
"Salmon Trout River.X2016.07.21",30.12099609375,30,2016,"salmontrout"
"Salmon Trout River.X2016.07.28",28.8616577148438,31,2016,"salmontrout"
"Salmon Trout River.X2016.08.04",27.7763610839844,32,2016,"salmontrout"
"Salmon Trout River.X2016.08.11",30.9556518554688,33,2016,"salmontrout"
"Salmon Trout River.X2016.08.18",29.070947265625,34,2016,"salmontrout"
"Salmon Trout River.X2016.08.25",28.6610961914063,35,2016,"salmontrout"
"Salmon Trout River.X2016.09.01",27.722802734375,36,2016,"salmontrout"
"Salmon Trout River.X2016.09.08",20.0175109863281,37,2016,"salmontrout"
"Salmon Trout River.X2016.09.15",23.2653137207031,38,2016,"salmontrout"
"Salmon Trout River.X2016.09.22",17.3012634277344,39,2016,"salmontrout"
"Salmon Trout River.X2016.09.29",16.4907470703125,40,2016,"salmontrout"
"Salmon Trout River.X2016.10.06",20.0471740722656,41,2016,"salmontrout"
"Salmon Trout River.X2016.10.13",15.7521606445313,42,2016,"salmontrout"
"Salmon Trout River.X2016.10.20",16.2243896484375,43,2016,"salmontrout"
"Salmon Trout River.X2016.10.27",12.4504028320313,44,2016,"salmontrout"
"Salmon Trout River.X2016.11.03",7.88295898437502,45,2016,"salmontrout"
"Salmon Trout River.X2016.11.10",7.6306091308594,46,2016,"salmontrout"
"Salmon Trout River.X2016.11.17",10.1878295898438,47,2016,"salmontrout"
"Salmon Trout River.X2016.11.24",8.3771911621094,48,2016,"salmontrout"
"Salmon Trout River.X2016.12.01",0.740197753906273,49,2016,"salmontrout"
"Salmon Trout River.X2016.12.08",5.24895629882815,50,2016,"salmontrout"
"Salmon Trout River.X2016.12.15",2.8959899902344,51,2016,"salmontrout"
"Salmon Trout River.X2016.12.22",4.60836181640627,52,2016,"salmontrout"
"Salmon Trout River.X2016.12.29",0.394128417968773,53,2016,"salmontrout"
"Salmon Trout River.X2017.01.07",0.155755615234398,2,2017,"salmontrout"
"Salmon Trout River.X2017.01.14",0.740472412109398,3,2017,"salmontrout"
"Salmon Trout River.X2017.01.21",1.2070251464844,4,2017,"salmontrout"
"Salmon Trout River.X2017.01.28",1.56533203125002,5,2017,"salmontrout"
"Salmon Trout River.X2017.02.04",0.382409667968773,6,2017,"salmontrout"
"Salmon Trout River.X2017.02.11",0.437127685546898,7,2017,"salmontrout"
"Salmon Trout River.X2017.02.18",0.238092041015648,8,2017,"salmontrout"
"Salmon Trout River.X2017.02.25",3.4130798339844,9,2017,"salmontrout"
"Salmon Trout River.X2017.03.04",1.97872314453127,10,2017,"salmontrout"
"Salmon Trout River.X2017.03.11",3.60003051757815,11,2017,"salmontrout"
"Salmon Trout River.X2017.03.18",4.4986511230469,12,2017,"salmontrout"
"Salmon Trout River.X2017.03.25",10.2192626953125,13,2017,"salmontrout"
"Salmon Trout River.X2017.04.01",8.4647155761719,14,2017,"salmontrout"
"Salmon Trout River.X2017.04.08",10.1209350585938,15,2017,"salmontrout"
"Salmon Trout River.X2017.04.15",8.1234069824219,16,2017,"salmontrout"
"Salmon Trout River.X2017.04.22",9.57052001953127,17,2017,"salmontrout"
"Salmon Trout River.X2017.04.29",13.23623046875,18,2017,"salmontrout"
"Salmon Trout River.X2017.05.06",13.9123474121094,19,2017,"salmontrout"
"Salmon Trout River.X2017.05.13",14.1750122070313,20,2017,"salmontrout"
"Salmon Trout River.X2017.05.20",13.7452331542969,21,2017,"salmontrout"
"Salmon Trout River.X2017.05.27",14.7461486816406,22,2017,"salmontrout"
"Salmon Trout River.X2017.06.03",16.2029052734375,23,2017,"salmontrout"
"Salmon Trout River.X2017.06.10",15.4616027832031,24,2017,"salmontrout"
"Salmon Trout River.X2017.06.17",15.7250915527344,25,2017,"salmontrout"
"Salmon Trout River.X2017.06.24",19.0530334472656,26,2017,"salmontrout"
"Salmon Trout River.X2017.07.01",20.20595703125,27,2017,"salmontrout"
"Salmon Trout River.X2017.07.08",26.0924621582031,28,2017,"salmontrout"
"Salmon Trout River.X2017.07.15",27.2676635742188,29,2017,"salmontrout"
"Salmon Trout River.X2017.07.22",25.8333068847656,30,2017,"salmontrout"
"Salmon Trout River.X2017.07.29",24.9280334472656,31,2017,"salmontrout"
"Salmon Trout River.X2017.08.05",22.5824829101563,32,2017,"salmontrout"
"Salmon Trout River.X2017.08.12",22.4989868164063,33,2017,"salmontrout"
"Salmon Trout River.X2017.08.19",25.0628295898438,34,2017,"salmontrout"
"Salmon Trout River.X2017.08.26",27.1506896972656,35,2017,"salmontrout"
"Salmon Trout River.X2017.09.02",27.4005065917969,36,2017,"salmontrout"
"Salmon Trout River.X2017.09.09",26.7968383789063,37,2017,"salmontrout"
"Salmon Trout River.X2017.09.16",22.1234985351563,38,2017,"salmontrout"
"Salmon Trout River.X2017.09.23",17.9255004882813,39,2017,"salmontrout"
"Salmon Trout River.X2017.09.30",16.4534240722656,40,2017,"salmontrout"
"Salmon Trout River.X2017.10.07",14.6680541992188,41,2017,"salmontrout"
"Salmon Trout River.X2017.10.14",15.9465881347656,42,2017,"salmontrout"
"Salmon Trout River.X2017.10.21",13.4113708496094,43,2017,"salmontrout"
"Salmon Trout River.X2017.10.28",9.87142333984377,44,2017,"salmontrout"
"Salmon Trout River.X2017.11.04",12.2908264160156,45,2017,"salmontrout"
"Salmon Trout River.X2017.11.11",8.7095886230469,46,2017,"salmontrout"
"Salmon Trout River.X2017.11.18",6.21941528320315,47,2017,"salmontrout"
"Salmon Trout River.X2017.11.25",4.84896240234377,48,2017,"salmontrout"
"Salmon Trout River.X2017.12.02",1.4479919433594,49,2017,"salmontrout"
"Salmon Trout River.X2017.12.09",2.1442810058594,50,2017,"salmontrout"
"Salmon Trout River.X2017.12.16",6.45623168945315,51,2017,"salmontrout"
"Salmon Trout River.X2017.12.23",2.06112060546877,52,2017,"salmontrout"
"Salmon Trout River.X2017.12.30",3.81475219726565,53,2017,"salmontrout"
"Salmon Trout River.X2018.01.07",2.2934509277344,2,2018,"salmontrout"
"Salmon Trout River.X2018.01.14",1.92904052734377,3,2018,"salmontrout"
"Salmon Trout River.X2018.01.21",1.59877929687502,4,2018,"salmontrout"
"Salmon Trout River.X2018.01.28",1.36422119140627,5,2018,"salmontrout"
"Salmon Trout River.X2018.02.04",1.22966918945315,6,2018,"salmontrout"
"Salmon Trout River.X2018.02.11",0.722344970703148,7,2018,"salmontrout"
"Salmon Trout River.X2018.02.18",1.63005981445315,8,2018,"salmontrout"
"Salmon Trout River.X2018.02.25",3.0936218261719,9,2018,"salmontrout"
"Salmon Trout River.X2018.03.04",0.679284667968773,10,2018,"salmontrout"
"Salmon Trout River.X2018.03.11",0.171685791015648,11,2018,"salmontrout"
"Salmon Trout River.X2018.03.18",0.100000000000023,12,2018,"salmontrout"
"Salmon Trout River.X2018.03.25",0.100000000000023,13,2018,"salmontrout"
"Salmon Trout River.X2018.04.01",5.5733581542969,14,2018,"salmontrout"
"Salmon Trout River.X2018.04.08",5.8243347167969,15,2018,"salmontrout"
"Salmon Trout River.X2018.04.15",5.47664794921877,16,2018,"salmontrout"
"Salmon Trout River.X2018.04.22",5.16155395507815,17,2018,"salmontrout"
"Salmon Trout River.X2018.04.29",6.5411315917969,18,2018,"salmontrout"
"Salmon Trout River.X2018.05.06",7.8675476074219,19,2018,"salmontrout"
"Salmon Trout River.X2018.05.13",11.1204467773438,20,2018,"salmontrout"
"Salmon Trout River.X2018.05.20",15.4954162597656,21,2018,"salmontrout"
"Salmon Trout River.X2018.05.27",19.4135070800781,22,2018,"salmontrout"
"Salmon Trout River.X2018.06.03",18.7582336425781,23,2018,"salmontrout"
"Salmon Trout River.X2018.06.10",17.0112243652344,24,2018,"salmontrout"
"Salmon Trout River.X2018.06.17",19.7257019042969,25,2018,"salmontrout"
"Salmon Trout River.X2018.06.24",19.911279296875,26,2018,"salmontrout"
"Salmon Trout River.X2018.07.01",21.1211486816406,27,2018,"salmontrout"
"Salmon Trout River.X2018.07.08",23.5956970214844,28,2018,"salmontrout"
"Salmon Trout River.X2018.07.15",24.1245056152344,29,2018,"salmontrout"
"Salmon Trout River.X2018.07.22",25.4226928710938,30,2018,"salmontrout"
"Salmon Trout River.X2018.07.29",25.5019165039063,31,2018,"salmontrout"
"Salmon Trout River.X2018.08.05",26.9778991699219,32,2018,"salmontrout"
"Salmon Trout River.X2018.08.12",23.3530822753906,33,2018,"salmontrout"
"Salmon Trout River.X2018.08.19",23.2393127441406,34,2018,"salmontrout"
"Salmon Trout River.X2018.08.26",24.785791015625,35,2018,"salmontrout"
"Salmon Trout River.X2018.09.02",24.8007446289063,36,2018,"salmontrout"
"Salmon Trout River.X2018.09.09",19.5474182128906,37,2018,"salmontrout"
"Salmon Trout River.X2018.09.16",18.1563354492188,38,2018,"salmontrout"
"Salmon Trout River.X2018.09.23",18.3809753417969,39,2018,"salmontrout"
"Salmon Trout River.X2018.09.30",20.5016418457031,40,2018,"salmontrout"
"Salmon Trout River.X2018.10.07",17.8862548828125,41,2018,"salmontrout"
"Salmon Trout River.X2018.10.14",12.9432006835938,42,2018,"salmontrout"
"Salmon Trout River.X2018.10.21",14.8095031738281,43,2018,"salmontrout"
"Salmon Trout River.X2018.10.28",7.79848632812502,44,2018,"salmontrout"
"Salmon Trout River.X2018.11.04",4.6859069824219,45,2018,"salmontrout"
"Salmon Trout River.X2018.11.11",7.76030883789065,46,2018,"salmontrout"
"Salmon Trout River.X2018.11.18",4.37151489257815,47,2018,"salmontrout"
"Salmon Trout River.X2018.11.25",6.9034362792969,48,2018,"salmontrout"
"Salmon Trout River.X2018.12.02",1.7431579589844,49,2018,"salmontrout"
"Salmon Trout River.X2018.12.09",5.84429321289065,50,2018,"salmontrout"
"Salmon Trout River.X2018.12.16",2.4708190917969,51,2018,"salmontrout"
"Salmon Trout River.X2018.12.23",1.2225280761719,52,2018,"salmontrout"
"Salmon Trout River.X2018.12.30",1.3505798339844,53,2018,"salmontrout"
"Salmon Trout River.X2019.01.07",0.615655517578148,2,2019,"salmontrout"
"Salmon Trout River.X2019.01.14",0.552423095703148,3,2019,"salmontrout"
"Salmon Trout River.X2019.01.21",0.318475341796898,4,2019,"salmontrout"
"Salmon Trout River.X2019.01.28",0.100000000000023,5,2019,"salmontrout"
"Salmon Trout River.X2019.02.04",0.100000000000023,6,2019,"salmontrout"
"Salmon Trout River.X2019.02.11",0.105401611328148,7,2019,"salmontrout"
"Salmon Trout River.X2019.02.18",0.100000000000023,8,2019,"salmontrout"
"Salmon Trout River.X2019.02.25",0.337365722656273,9,2019,"salmontrout"
"Salmon Trout River.X2019.03.04",0.454339599609398,10,2019,"salmontrout"
"Salmon Trout River.X2019.03.11",0.572717285156273,11,2019,"salmontrout"
"Salmon Trout River.X2019.03.18",2.62740478515627,12,2019,"salmontrout"
"Salmon Trout River.X2019.03.25",6.85003051757815,13,2019,"salmontrout"
"Salmon Trout River.X2019.04.01",9.10076293945315,14,2019,"salmontrout"
"Salmon Trout River.X2019.04.08",7.4092956542969,15,2019,"salmontrout"
"Salmon Trout River.X2019.04.15",10.4579711914063,16,2019,"salmontrout"
"Salmon Trout River.X2019.04.22",10.9534240722656,17,2019,"salmontrout"
"Salmon Trout River.X2019.04.29",10.6865783691406,18,2019,"salmontrout"
"Salmon Trout River.X2019.05.06",12.2436462402344,19,2019,"salmontrout"
"Salmon Trout River.X2019.05.13",12.8762145996094,20,2019,"salmontrout"
"Salmon Trout River.X2019.05.20",17.871728515625,21,2019,"salmontrout"
"Salmon Trout River.X2019.05.27",17.5675598144531,22,2019,"salmontrout"
"Salmon Trout River.X2019.06.03",18.8324829101563,23,2019,"salmontrout"
"Salmon Trout River.X2019.06.10",22.4231811523438,24,2019,"salmontrout"
"Salmon Trout River.X2019.06.17",24.2560668945313,25,2019,"salmontrout"
"Salmon Trout River.X2019.06.24",23.5280700683594,26,2019,"salmontrout"
"Salmon Trout River.X2019.07.01",25.8900695800781,27,2019,"salmontrout"
"Salmon Trout River.X2019.07.08",29.9892211914063,28,2019,"salmontrout"
"Salmon Trout River.X2019.07.15",28.7210021972656,29,2019,"salmontrout"
"Salmon Trout River.X2019.07.22",27.108056640625,30,2019,"salmontrout"
"Salmon Trout River.X2019.07.29",25.9971252441406,31,2019,"salmontrout"
"Salmon Trout River.X2019.08.05",27.8443237304688,32,2019,"salmontrout"
"Salmon Trout River.X2019.08.12",26.3948608398438,33,2019,"salmontrout"
"Salmon Trout River.X2019.08.19",24.33828125,34,2019,"salmontrout"
"Salmon Trout River.X2019.08.26",25.6263366699219,35,2019,"salmontrout"
"Salmon Trout River.X2019.09.02",22.9396911621094,36,2019,"salmontrout"
"Salmon Trout River.X2019.09.09",22.0587707519531,37,2019,"salmontrout"
"Salmon Trout River.X2019.09.16",24.1333557128906,38,2019,"salmontrout"
"Salmon Trout River.X2019.09.23",21.6080261230469,39,2019,"salmontrout"
"Salmon Trout River.X2019.09.30",16.6938415527344,40,2019,"salmontrout"
"Salmon Trout River.X2019.10.07",15.3311401367188,41,2019,"salmontrout"
"Salmon Trout River.X2019.10.14",13.1610961914063,42,2019,"salmontrout"
"Salmon Trout River.X2019.10.21",13.6748901367188,43,2019,"salmontrout"
"Salmon Trout River.X2019.10.28",7.78338012695315,44,2019,"salmontrout"
"Salmon Trout River.X2019.11.04",9.61275634765627,45,2019,"salmontrout"
"Salmon Trout River.X2019.11.11",10.9102722167969,46,2019,"salmontrout"
"Salmon Trout River.X2019.11.18",4.70760498046877,47,2019,"salmontrout"
"Salmon Trout River.X2019.11.25",4.95968017578127,48,2019,"salmontrout"
"Salmon Trout River.X2019.12.02",2.43013916015627,49,2019,"salmontrout"
"Salmon Trout River.X2019.12.09",5.86422119140627,50,2019,"salmontrout"
"Salmon Trout River.X2019.12.16",2.8207946777344,51,2019,"salmontrout"
"Salmon Trout River.X2019.12.23",1.15007934570315,52,2019,"salmontrout"
"Salmon Trout River.X2019.12.30",3.83269653320315,53,2019,"salmontrout"
"St.Joseph River.X2011.01.07",0.100000000000023,2,2011,"stjoseph"
"St.Joseph River.X2011.01.14",0.100000000000023,3,2011,"stjoseph"
"St.Joseph River.X2011.01.21",0.100000000000023,4,2011,"stjoseph"
"St.Joseph River.X2011.01.28",0.100000000000023,5,2011,"stjoseph"
"St.Joseph River.X2011.02.04",0.100000000000023,6,2011,"stjoseph"
"St.Joseph River.X2011.02.11",0.100000000000023,7,2011,"stjoseph"
"St.Joseph River.X2011.02.18",0.100000000000023,8,2011,"stjoseph"
"St.Joseph River.X2011.02.25",0.100000000000023,9,2011,"stjoseph"
"St.Joseph River.X2011.03.04",0.100000000000023,10,2011,"stjoseph"
"St.Joseph River.X2011.03.11",0.100000000000023,11,2011,"stjoseph"
"St.Joseph River.X2011.03.18",0.100000000000023,12,2011,"stjoseph"
"St.Joseph River.X2011.03.25",0.100000000000023,13,2011,"stjoseph"
"St.Joseph River.X2011.04.01",0.426934814453148,14,2011,"stjoseph"
"St.Joseph River.X2011.04.08",1.59600219726565,15,2011,"stjoseph"
"St.Joseph River.X2011.04.15",6.23796997070315,16,2011,"stjoseph"
"St.Joseph River.X2011.04.22",8.8272644042969,17,2011,"stjoseph"
"St.Joseph River.X2011.04.29",11.9239440917969,18,2011,"stjoseph"
"St.Joseph River.X2011.05.06",8.8116394042969,19,2011,"stjoseph"
"St.Joseph River.X2011.05.13",13.2156005859375,20,2011,"stjoseph"
"St.Joseph River.X2011.05.20",13.3939147949219,21,2011,"stjoseph"
"St.Joseph River.X2011.05.27",12.5343872070313,22,2011,"stjoseph"
"St.Joseph River.X2011.06.03",15.7002807617188,23,2011,"stjoseph"
"St.Joseph River.X2011.06.10",20.1104675292969,24,2011,"stjoseph"
"St.Joseph River.X2011.06.17",25.867333984375,25,2011,"stjoseph"
"St.Joseph River.X2011.06.24",23.5701538085938,26,2011,"stjoseph"
"St.Joseph River.X2011.07.01",27.3309265136719,27,2011,"stjoseph"
"St.Joseph River.X2011.07.08",32.6018005371094,28,2011,"stjoseph"
"St.Joseph River.X2011.07.15",29.5572143554688,29,2011,"stjoseph"
"St.Joseph River.X2011.07.22",28.8222595214844,30,2011,"stjoseph"
"St.Joseph River.X2011.07.29",27.1761108398438,31,2011,"stjoseph"
"St.Joseph River.X2011.08.05",25.7325378417969,32,2011,"stjoseph"
"St.Joseph River.X2011.08.12",25.8799682617188,33,2011,"stjoseph"
"St.Joseph River.X2011.08.19",27.4122253417969,34,2011,"stjoseph"
"St.Joseph River.X2011.08.26",24.8240295410156,35,2011,"stjoseph"
"St.Joseph River.X2011.09.02",21.9355407714844,36,2011,"stjoseph"
"St.Joseph River.X2011.09.09",23.515771484375,37,2011,"stjoseph"
"St.Joseph River.X2011.09.16",21.7807250976563,38,2011,"stjoseph"
"St.Joseph River.X2011.09.23",18.1810241699219,39,2011,"stjoseph"
"St.Joseph River.X2011.09.30",14.615869140625,40,2011,"stjoseph"
"St.Joseph River.X2011.10.07",11.8648620605469,41,2011,"stjoseph"
"St.Joseph River.X2011.10.14",12.6016479492188,42,2011,"stjoseph"
"St.Joseph River.X2011.10.21",11.4607788085938,43,2011,"stjoseph"
"St.Joseph River.X2011.10.28",9.32503662109377,44,2011,"stjoseph"
"St.Joseph River.X2011.11.04",9.26824340820315,45,2011,"stjoseph"
"St.Joseph River.X2011.11.11",8.09267578125002,46,2011,"stjoseph"
"St.Joseph River.X2011.11.18",4.77263793945315,47,2011,"stjoseph"
"St.Joseph River.X2011.11.25",0.360284423828148,48,2011,"stjoseph"
"St.Joseph River.X2011.12.02",1.3959899902344,49,2011,"stjoseph"
"St.Joseph River.X2011.12.09",0.811700439453148,50,2011,"stjoseph"
"St.Joseph River.X2011.12.16",1.24822387695315,51,2011,"stjoseph"
"St.Joseph River.X2011.12.23",1.58449707031252,52,2011,"stjoseph"
"St.Joseph River.X2011.12.30",0.100000000000023,53,2011,"stjoseph"
"St.Joseph River.X2012.01.07",0.100000000000023,2,2012,"stjoseph"
"St.Joseph River.X2012.01.14",0.100000000000023,3,2012,"stjoseph"
"St.Joseph River.X2012.01.21",0.100000000000023,4,2012,"stjoseph"
"St.Joseph River.X2012.01.28",0.100000000000023,5,2012,"stjoseph"
"St.Joseph River.X2012.02.04",0.100000000000023,6,2012,"stjoseph"
"St.Joseph River.X2012.02.11",0.100000000000023,7,2012,"stjoseph"
"St.Joseph River.X2012.02.18",0.100000000000023,8,2012,"stjoseph"
"St.Joseph River.X2012.02.25",0.100000000000023,9,2012,"stjoseph"
"St.Joseph River.X2012.03.03",0.100000000000023,10,2012,"stjoseph"
"St.Joseph River.X2012.03.10",0.100000000000023,11,2012,"stjoseph"
"St.Joseph River.X2012.03.17",0.100000000000023,12,2012,"stjoseph"
"St.Joseph River.X2012.03.24",0.100000000000023,13,2012,"stjoseph"
"St.Joseph River.X2012.03.31",0.100000000000023,14,2012,"stjoseph"
"St.Joseph River.X2012.04.07",0.100000000000023,15,2012,"stjoseph"
"St.Joseph River.X2012.04.14",0.654443359375023,16,2012,"stjoseph"
"St.Joseph River.X2012.04.21",5.69997558593752,17,2012,"stjoseph"
"St.Joseph River.X2012.04.28",9.63643798828127,18,2012,"stjoseph"
"St.Joseph River.X2012.05.05",13.5528198242188,19,2012,"stjoseph"
"St.Joseph River.X2012.05.12",11.6921936035156,20,2012,"stjoseph"
"St.Joseph River.X2012.05.19",13.8197875976563,21,2012,"stjoseph"
"St.Joseph River.X2012.05.26",19.6624389648438,22,2012,"stjoseph"
"St.Joseph River.X2012.06.02",24.752099609375,23,2012,"stjoseph"
"St.Joseph River.X2012.06.09",28.5450378417969,24,2012,"stjoseph"
"St.Joseph River.X2012.06.16",25.0148559570313,25,2012,"stjoseph"
"St.Joseph River.X2012.06.23",24.2078491210938,26,2012,"stjoseph"
"St.Joseph River.X2012.06.30",25.9153686523438,27,2012,"stjoseph"
"St.Joseph River.X2012.07.07",27.7872253417969,28,2012,"stjoseph"
"St.Joseph River.X2012.07.14",29.5134826660156,29,2012,"stjoseph"
"St.Joseph River.X2012.07.21",32.0375915527344,30,2012,"stjoseph"
"St.Joseph River.X2012.07.28",30.6738220214844,31,2012,"stjoseph"
"St.Joseph River.X2012.08.04",29.9457336425781,32,2012,"stjoseph"
"St.Joseph River.X2012.08.11",24.1943298339844,33,2012,"stjoseph"
"St.Joseph River.X2012.08.18",22.0945983886719,34,2012,"stjoseph"
"St.Joseph River.X2012.08.25",22.1813293457031,35,2012,"stjoseph"
"St.Joseph River.X2012.09.01",19.7405639648438,36,2012,"stjoseph"
"St.Joseph River.X2012.09.08",23.0563903808594,37,2012,"stjoseph"
"St.Joseph River.X2012.09.15",19.9344116210938,38,2012,"stjoseph"
"St.Joseph River.X2012.09.22",17.7342163085938,39,2012,"stjoseph"
"St.Joseph River.X2012.09.29",13.739404296875,40,2012,"stjoseph"
"St.Joseph River.X2012.10.06",12.9594055175781,41,2012,"stjoseph"
"St.Joseph River.X2012.10.13",12.6185546875,42,2012,"stjoseph"
"St.Joseph River.X2012.10.20",11.2922912597656,43,2012,"stjoseph"
"St.Joseph River.X2012.10.27",9.88628540039065,44,2012,"stjoseph"
"St.Joseph River.X2012.11.03",7.16118774414065,45,2012,"stjoseph"
"St.Joseph River.X2012.11.10",10.6761413574219,46,2012,"stjoseph"
"St.Joseph River.X2012.11.17",7.95208129882815,47,2012,"stjoseph"
"St.Joseph River.X2012.11.24",5.86385498046877,48,2012,"stjoseph"
"St.Joseph River.X2012.12.01",1.11712036132815,49,2012,"stjoseph"
"St.Joseph River.X2012.12.08",3.26262817382815,50,2012,"stjoseph"
"St.Joseph River.X2012.12.15",5.6982360839844,51,2012,"stjoseph"
"St.Joseph River.X2012.12.22",0.443963623046898,52,2012,"stjoseph"
"St.Joseph River.X2012.12.29",0.100000000000023,53,2012,"stjoseph"
"St.Joseph River.X2013.01.07",0.100000000000023,2,2013,"stjoseph"
"St.Joseph River.X2013.01.14",0.100000000000023,3,2013,"stjoseph"
"St.Joseph River.X2013.01.21",0.100000000000023,4,2013,"stjoseph"
"St.Joseph River.X2013.01.28",0.100000000000023,5,2013,"stjoseph"
"St.Joseph River.X2013.02.04",0.100000000000023,6,2013,"stjoseph"
"St.Joseph River.X2013.02.11",0.100000000000023,7,2013,"stjoseph"
"St.Joseph River.X2013.02.18",0.100000000000023,8,2013,"stjoseph"
"St.Joseph River.X2013.02.25",0.100000000000023,9,2013,"stjoseph"
"St.Joseph River.X2013.03.04",0.100000000000023,10,2013,"stjoseph"
"St.Joseph River.X2013.03.11",0.100000000000023,11,2013,"stjoseph"
"St.Joseph River.X2013.03.18",0.100000000000023,12,2013,"stjoseph"
"St.Joseph River.X2013.03.25",0.100000000000023,13,2013,"stjoseph"
"St.Joseph River.X2013.04.01",1.80013427734377,14,2013,"stjoseph"
"St.Joseph River.X2013.04.08",7.96920166015627,15,2013,"stjoseph"
"St.Joseph River.X2013.04.15",12.5689331054688,16,2013,"stjoseph"
"St.Joseph River.X2013.04.22",10.9900451660156,17,2013,"stjoseph"
"St.Joseph River.X2013.04.29",15.7790466308594,18,2013,"stjoseph"
"St.Joseph River.X2013.05.06",19.0595642089844,19,2013,"stjoseph"
"St.Joseph River.X2013.05.13",19.5845581054688,20,2013,"stjoseph"
"St.Joseph River.X2013.05.20",18.4001098632813,21,2013,"stjoseph"
"St.Joseph River.X2013.05.27",21.0795227050781,22,2013,"stjoseph"
"St.Joseph River.X2013.06.03",22.7412963867188,23,2013,"stjoseph"
"St.Joseph River.X2013.06.10",20.211083984375,24,2013,"stjoseph"
"St.Joseph River.X2013.06.17",22.7548156738281,25,2013,"stjoseph"
"St.Joseph River.X2013.06.24",26.1809020996094,26,2013,"stjoseph"
"St.Joseph River.X2013.07.01",24.0638977050781,27,2013,"stjoseph"
"St.Joseph River.X2013.07.08",25.6626831054688,28,2013,"stjoseph"
"St.Joseph River.X2013.07.15",27.6262145996094,29,2013,"stjoseph"
"St.Joseph River.X2013.07.22",27.0266052246094,30,2013,"stjoseph"
"St.Joseph River.X2013.07.29",24.562890625,31,2013,"stjoseph"
"St.Joseph River.X2013.08.05",23.7089477539063,32,2013,"stjoseph"
"St.Joseph River.X2013.08.12",20.8052612304688,33,2013,"stjoseph"
"St.Joseph River.X2013.08.19",21.4938903808594,34,2013,"stjoseph"
"St.Joseph River.X2013.08.26",20.8500305175781,35,2013,"stjoseph"
"St.Joseph River.X2013.09.02",15.3173156738281,36,2013,"stjoseph"
"St.Joseph River.X2013.09.09",15.4692626953125,37,2013,"stjoseph"
"St.Joseph River.X2013.09.16",17.9825073242188,38,2013,"stjoseph"
"St.Joseph River.X2013.09.23",16.185693359375,39,2013,"stjoseph"
"St.Joseph River.X2013.09.30",17.1380554199219,40,2013,"stjoseph"
"St.Joseph River.X2013.10.07",18.7053161621094,41,2013,"stjoseph"
"St.Joseph River.X2013.10.14",15.8927856445313,42,2013,"stjoseph"
"St.Joseph River.X2013.10.21",11.2395874023438,43,2013,"stjoseph"
"St.Joseph River.X2013.10.28",8.42354736328127,44,2013,"stjoseph"
"St.Joseph River.X2013.11.04",4.21621093750002,45,2013,"stjoseph"
"St.Joseph River.X2013.11.11",4.9908386230469,46,2013,"stjoseph"
"St.Joseph River.X2013.11.18",5.44637451171877,47,2013,"stjoseph"
"St.Joseph River.X2013.11.25",3.60939941406252,48,2013,"stjoseph"
"St.Joseph River.X2013.12.02",10.453271484375,49,2013,"stjoseph"
"St.Joseph River.X2013.12.09",3.9514099121094,50,2013,"stjoseph"
"St.Joseph River.X2013.12.16",0.100000000000023,51,2013,"stjoseph"
"St.Joseph River.X2013.12.23",0.100000000000023,52,2013,"stjoseph"
"St.Joseph River.X2013.12.30",0.100000000000023,53,2013,"stjoseph"
"St.Joseph River.X2014.01.07",0.100000000000023,2,2014,"stjoseph"
"St.Joseph River.X2014.01.14",0.100000000000023,3,2014,"stjoseph"
"St.Joseph River.X2014.01.21",0.100000000000023,4,2014,"stjoseph"
"St.Joseph River.X2014.01.28",0.100000000000023,5,2014,"stjoseph"
"St.Joseph River.X2014.02.04",0.100000000000023,6,2014,"stjoseph"
"St.Joseph River.X2014.02.11",0.100000000000023,7,2014,"stjoseph"
"St.Joseph River.X2014.02.18",0.100000000000023,8,2014,"stjoseph"
"St.Joseph River.X2014.02.25",0.100000000000023,9,2014,"stjoseph"
"St.Joseph River.X2014.03.04",0.100000000000023,10,2014,"stjoseph"
"St.Joseph River.X2014.03.11",0.100000000000023,11,2014,"stjoseph"
"St.Joseph River.X2014.03.18",0.100000000000023,12,2014,"stjoseph"
"St.Joseph River.X2014.03.25",0.100000000000023,13,2014,"stjoseph"
"St.Joseph River.X2014.04.01",0.100000000000023,14,2014,"stjoseph"
"St.Joseph River.X2014.04.08",0.100000000000023,15,2014,"stjoseph"
"St.Joseph River.X2014.04.15",0.100000000000023,16,2014,"stjoseph"
"St.Joseph River.X2014.04.22",0.100000000000023,17,2014,"stjoseph"
"St.Joseph River.X2014.04.29",0.100000000000023,18,2014,"stjoseph"
"St.Joseph River.X2014.05.06",5.58864746093752,19,2014,"stjoseph"
"St.Joseph River.X2014.05.13",12.8142944335938,20,2014,"stjoseph"
"St.Joseph River.X2014.05.20",15.11171875,21,2014,"stjoseph"
"St.Joseph River.X2014.05.27",17.8975158691406,22,2014,"stjoseph"
"St.Joseph River.X2014.06.03",22.1179138183594,23,2014,"stjoseph"
"St.Joseph River.X2014.06.10",22.8712097167969,24,2014,"stjoseph"
"St.Joseph River.X2014.06.17",22.2170959472656,25,2014,"stjoseph"
"St.Joseph River.X2014.06.24",21.8130432128906,26,2014,"stjoseph"
"St.Joseph River.X2014.07.01",23.3893371582031,27,2014,"stjoseph"
"St.Joseph River.X2014.07.08",25.6660095214844,28,2014,"stjoseph"
"St.Joseph River.X2014.07.15",28.070947265625,29,2014,"stjoseph"
"St.Joseph River.X2014.07.22",28.00576171875,30,2014,"stjoseph"
"St.Joseph River.X2014.07.29",27.6374145507813,31,2014,"stjoseph"
"St.Joseph River.X2014.08.05",25.4585510253906,32,2014,"stjoseph"
"St.Joseph River.X2014.08.12",26.6664367675781,33,2014,"stjoseph"
"St.Joseph River.X2014.08.19",24.3341613769531,34,2014,"stjoseph"
"St.Joseph River.X2014.08.26",21.779443359375,35,2014,"stjoseph"
"St.Joseph River.X2014.09.02",24.3592468261719,36,2014,"stjoseph"
"St.Joseph River.X2014.09.09",22.5589233398438,37,2014,"stjoseph"
"St.Joseph River.X2014.09.16",18.6703735351563,38,2014,"stjoseph"
"St.Joseph River.X2014.09.23",19.4279113769531,39,2014,"stjoseph"
"St.Joseph River.X2014.09.30",21.4469848632813,40,2014,"stjoseph"
"St.Joseph River.X2014.10.07",15.1686645507813,41,2014,"stjoseph"
"St.Joseph River.X2014.10.14",12.5749145507813,42,2014,"stjoseph"
"St.Joseph River.X2014.10.21",10.3498168945313,43,2014,"stjoseph"
"St.Joseph River.X2014.10.28",9.35262451171877,44,2014,"stjoseph"
"St.Joseph River.X2014.11.04",11.8939453125,45,2014,"stjoseph"
"St.Joseph River.X2014.11.11",8.0639587402344,46,2014,"stjoseph"
"St.Joseph River.X2014.11.18",5.42620239257815,47,2014,"stjoseph"
"St.Joseph River.X2014.11.25",2.21181640625002,48,2014,"stjoseph"
"St.Joseph River.X2014.12.02",0.540673828125023,49,2014,"stjoseph"
"St.Joseph River.X2014.12.09",2.2322937011719,50,2014,"stjoseph"
"St.Joseph River.X2014.12.16",0.150933837890648,51,2014,"stjoseph"
"St.Joseph River.X2014.12.23",0.100000000000023,52,2014,"stjoseph"
"St.Joseph River.X2014.12.30",0.100000000000023,53,2014,"stjoseph"
"St.Joseph River.X2015.01.07",0.100000000000023,2,2015,"stjoseph"
"St.Joseph River.X2015.01.14",0.100000000000023,3,2015,"stjoseph"
"St.Joseph River.X2015.01.21",0.100000000000023,4,2015,"stjoseph"
"St.Joseph River.X2015.01.28",0.100000000000023,5,2015,"stjoseph"
"St.Joseph River.X2015.02.04",0.100000000000023,6,2015,"stjoseph"
"St.Joseph River.X2015.02.11",0.100000000000023,7,2015,"stjoseph"
"St.Joseph River.X2015.02.18",0.100000000000023,8,2015,"stjoseph"
"St.Joseph River.X2015.02.25",0.100000000000023,9,2015,"stjoseph"
"St.Joseph River.X2015.03.04",0.100000000000023,10,2015,"stjoseph"
"St.Joseph River.X2015.03.11",0.100000000000023,11,2015,"stjoseph"
"St.Joseph River.X2015.03.18",0.100000000000023,12,2015,"stjoseph"
"St.Joseph River.X2015.03.25",0.100000000000023,13,2015,"stjoseph"
"St.Joseph River.X2015.04.01",0.130212402343773,14,2015,"stjoseph"
"St.Joseph River.X2015.04.08",2.53829345703127,15,2015,"stjoseph"
"St.Joseph River.X2015.04.15",5.99041137695315,16,2015,"stjoseph"
"St.Joseph River.X2015.04.22",10.4197631835938,17,2015,"stjoseph"
"St.Joseph River.X2015.04.29",11.9614196777344,18,2015,"stjoseph"
"St.Joseph River.X2015.05.06",14.207666015625,19,2015,"stjoseph"
"St.Joseph River.X2015.05.13",15.3496643066406,20,2015,"stjoseph"
"St.Joseph River.X2015.05.20",20.2488952636719,21,2015,"stjoseph"
"St.Joseph River.X2015.05.27",19.4308715820313,22,2015,"stjoseph"
"St.Joseph River.X2015.06.03",20.0525756835938,23,2015,"stjoseph"
"St.Joseph River.X2015.06.10",21.2313781738281,24,2015,"stjoseph"
"St.Joseph River.X2015.06.17",23.0920959472656,25,2015,"stjoseph"
"St.Joseph River.X2015.06.24",23.7134948730469,26,2015,"stjoseph"
"St.Joseph River.X2015.07.01",24.5336242675781,27,2015,"stjoseph"
"St.Joseph River.X2015.07.08",26.8991333007813,28,2015,"stjoseph"
"St.Joseph River.X2015.07.15",29.568017578125,29,2015,"stjoseph"
"St.Joseph River.X2015.07.22",32.2715698242188,30,2015,"stjoseph"
"St.Joseph River.X2015.07.29",34.6424194335938,31,2015,"stjoseph"
"St.Joseph River.X2015.08.05",31.450341796875,32,2015,"stjoseph"
"St.Joseph River.X2015.08.12",25.3167358398438,33,2015,"stjoseph"
"St.Joseph River.X2015.08.19",24.0727172851563,34,2015,"stjoseph"
"St.Joseph River.X2015.08.26",23.3052917480469,35,2015,"stjoseph"
"St.Joseph River.X2015.09.02",23.4029174804688,36,2015,"stjoseph"
"St.Joseph River.X2015.09.09",19.0753723144531,37,2015,"stjoseph"
"St.Joseph River.X2015.09.16",18.2499328613281,38,2015,"stjoseph"
"St.Joseph River.X2015.09.23",17.8653503417969,39,2015,"stjoseph"
"St.Joseph River.X2015.09.30",14.1325927734375,40,2015,"stjoseph"
"St.Joseph River.X2015.10.07",12.0203796386719,41,2015,"stjoseph"
"St.Joseph River.X2015.10.14",10.9722839355469,42,2015,"stjoseph"
"St.Joseph River.X2015.10.21",11.5181823730469,43,2015,"stjoseph"
"St.Joseph River.X2015.10.28",9.13222656250002,44,2015,"stjoseph"
"St.Joseph River.X2015.11.04",3.0048767089844,45,2015,"stjoseph"
"St.Joseph River.X2015.11.11",9.74004516601565,46,2015,"stjoseph"
"St.Joseph River.X2015.11.18",10.3749328613281,47,2015,"stjoseph"
"St.Joseph River.X2015.11.25",6.28176269531252,48,2015,"stjoseph"
"St.Joseph River.X2015.12.02",5.42339477539065,49,2015,"stjoseph"
"St.Joseph River.X2015.12.09",5.73540649414065,50,2015,"stjoseph"
"St.Joseph River.X2015.12.16",3.52083740234377,51,2015,"stjoseph"
"St.Joseph River.X2015.12.23",0.887902832031273,52,2015,"stjoseph"
"St.Joseph River.X2015.12.30",0.100000000000023,53,2015,"stjoseph"
"St.Joseph River.X2016.01.07",0.100000000000023,2,2016,"stjoseph"
"St.Joseph River.X2016.01.14",0.100000000000023,3,2016,"stjoseph"
"St.Joseph River.X2016.01.21",0.100000000000023,4,2016,"stjoseph"
"St.Joseph River.X2016.01.28",0.100000000000023,5,2016,"stjoseph"
"St.Joseph River.X2016.02.04",0.100000000000023,6,2016,"stjoseph"
"St.Joseph River.X2016.02.11",0.100000000000023,7,2016,"stjoseph"
"St.Joseph River.X2016.02.18",0.100000000000023,8,2016,"stjoseph"
"St.Joseph River.X2016.02.25",0.100000000000023,9,2016,"stjoseph"
"St.Joseph River.X2016.03.03",0.100000000000023,10,2016,"stjoseph"
"St.Joseph River.X2016.03.10",0.100000000000023,11,2016,"stjoseph"
"St.Joseph River.X2016.03.17",0.100000000000023,12,2016,"stjoseph"
"St.Joseph River.X2016.03.24",0.613854980468773,13,2016,"stjoseph"
"St.Joseph River.X2016.03.31",1.94875488281252,14,2016,"stjoseph"
"St.Joseph River.X2016.04.07",2.50032958984377,15,2016,"stjoseph"
"St.Joseph River.X2016.04.14",4.80104980468752,16,2016,"stjoseph"
"St.Joseph River.X2016.04.21",10.9533630371094,17,2016,"stjoseph"
"St.Joseph River.X2016.04.28",12.4807983398438,18,2016,"stjoseph"
"St.Joseph River.X2016.05.05",8.65813598632815,19,2016,"stjoseph"
"St.Joseph River.X2016.05.12",13.0178771972656,20,2016,"stjoseph"
"St.Joseph River.X2016.05.19",21.9883972167969,21,2016,"stjoseph"
"St.Joseph River.X2016.05.26",20.0856872558594,22,2016,"stjoseph"
"St.Joseph River.X2016.06.02",28.3789916992188,23,2016,"stjoseph"
"St.Joseph River.X2016.06.09",21.8561950683594,24,2016,"stjoseph"
"St.Joseph River.X2016.06.16",19.9122863769531,25,2016,"stjoseph"
"St.Joseph River.X2016.06.23",23.0111022949219,26,2016,"stjoseph"
"St.Joseph River.X2016.06.30",27.0114379882813,27,2016,"stjoseph"
"St.Joseph River.X2016.07.07",27.3391052246094,28,2016,"stjoseph"
"St.Joseph River.X2016.07.14",30.4334350585938,29,2016,"stjoseph"
"St.Joseph River.X2016.07.21",31.6375671386719,30,2016,"stjoseph"
"St.Joseph River.X2016.07.28",29.9508605957031,31,2016,"stjoseph"
"St.Joseph River.X2016.08.04",27.9352966308594,32,2016,"stjoseph"
"St.Joseph River.X2016.08.11",30.1422058105469,33,2016,"stjoseph"
"St.Joseph River.X2016.08.18",29.2941833496094,34,2016,"stjoseph"
"St.Joseph River.X2016.08.25",28.978662109375,35,2016,"stjoseph"
"St.Joseph River.X2016.09.01",28.5616088867188,36,2016,"stjoseph"
"St.Joseph River.X2016.09.08",21.4646850585938,37,2016,"stjoseph"
"St.Joseph River.X2016.09.15",23.7089782714844,38,2016,"stjoseph"
"St.Joseph River.X2016.09.22",18.1876159667969,39,2016,"stjoseph"
"St.Joseph River.X2016.09.29",16.55361328125,40,2016,"stjoseph"
"St.Joseph River.X2016.10.06",18.6648498535156,41,2016,"stjoseph"
"St.Joseph River.X2016.10.13",15.3049255371094,42,2016,"stjoseph"
"St.Joseph River.X2016.10.20",15.6409545898438,43,2016,"stjoseph"
"St.Joseph River.X2016.10.27",13.9235473632813,44,2016,"stjoseph"
"St.Joseph River.X2016.11.03",8.26485595703127,45,2016,"stjoseph"
"St.Joseph River.X2016.11.10",7.32027587890627,46,2016,"stjoseph"
"St.Joseph River.X2016.11.17",9.2758728027344,47,2016,"stjoseph"
"St.Joseph River.X2016.11.24",8.54647216796877,48,2016,"stjoseph"
"St.Joseph River.X2016.12.01",0.869683837890648,49,2016,"stjoseph"
"St.Joseph River.X2016.12.08",4.0483337402344,50,2016,"stjoseph"
"St.Joseph River.X2016.12.15",0.926110839843773,51,2016,"stjoseph"
"St.Joseph River.X2016.12.22",3.78911743164065,52,2016,"stjoseph"
"St.Joseph River.X2016.12.29",0.489801025390648,53,2016,"stjoseph"
"St.Joseph River.X2017.01.07",0.100000000000023,2,2017,"stjoseph"
"St.Joseph River.X2017.01.14",0.100000000000023,3,2017,"stjoseph"
"St.Joseph River.X2017.01.21",0.100000000000023,4,2017,"stjoseph"
"St.Joseph River.X2017.01.28",0.100000000000023,5,2017,"stjoseph"
"St.Joseph River.X2017.02.04",0.100000000000023,6,2017,"stjoseph"
"St.Joseph River.X2017.02.11",0.100000000000023,7,2017,"stjoseph"
"St.Joseph River.X2017.02.18",0.100000000000023,8,2017,"stjoseph"
"St.Joseph River.X2017.02.25",0.100000000000023,9,2017,"stjoseph"
"St.Joseph River.X2017.03.04",0.100000000000023,10,2017,"stjoseph"
"St.Joseph River.X2017.03.11",0.100000000000023,11,2017,"stjoseph"
"St.Joseph River.X2017.03.18",0.180261230468773,12,2017,"stjoseph"
"St.Joseph River.X2017.03.25",6.00618896484377,13,2017,"stjoseph"
"St.Joseph River.X2017.04.01",8.04583129882815,14,2017,"stjoseph"
"St.Joseph River.X2017.04.08",9.74797973632815,15,2017,"stjoseph"
"St.Joseph River.X2017.04.15",8.9954772949219,16,2017,"stjoseph"
"St.Joseph River.X2017.04.22",10.2047973632813,17,2017,"stjoseph"
"St.Joseph River.X2017.04.29",13.5016723632813,18,2017,"stjoseph"
"St.Joseph River.X2017.05.06",15.223779296875,19,2017,"stjoseph"
"St.Joseph River.X2017.05.13",15.44375,20,2017,"stjoseph"
"St.Joseph River.X2017.05.20",15.9402709960938,21,2017,"stjoseph"
"St.Joseph River.X2017.05.27",16.1536804199219,22,2017,"stjoseph"
"St.Joseph River.X2017.06.03",18.0549255371094,23,2017,"stjoseph"
"St.Joseph River.X2017.06.10",16.4020935058594,24,2017,"stjoseph"
"St.Joseph River.X2017.06.17",16.7168212890625,25,2017,"stjoseph"
"St.Joseph River.X2017.06.24",19.6203552246094,26,2017,"stjoseph"
"St.Joseph River.X2017.07.01",20.7584167480469,27,2017,"stjoseph"
"St.Joseph River.X2017.07.08",25.9608093261719,28,2017,"stjoseph"
"St.Joseph River.X2017.07.15",28.3246704101563,29,2017,"stjoseph"
"St.Joseph River.X2017.07.22",28.9265686035156,30,2017,"stjoseph"
"St.Joseph River.X2017.07.29",27.7786193847656,31,2017,"stjoseph"
"St.Joseph River.X2017.08.05",25.3373962402344,32,2017,"stjoseph"
"St.Joseph River.X2017.08.12",24.6403442382813,33,2017,"stjoseph"
"St.Joseph River.X2017.08.19",25.3312622070313,34,2017,"stjoseph"
"St.Joseph River.X2017.08.26",27.413232421875,35,2017,"stjoseph"
"St.Joseph River.X2017.09.02",28.3514953613281,36,2017,"stjoseph"
"St.Joseph River.X2017.09.09",28.2443176269531,37,2017,"stjoseph"
"St.Joseph River.X2017.09.16",24.7222229003906,38,2017,"stjoseph"
"St.Joseph River.X2017.09.23",19.5131774902344,39,2017,"stjoseph"
"St.Joseph River.X2017.09.30",18.1112915039063,40,2017,"stjoseph"
"St.Joseph River.X2017.10.07",17.2647644042969,41,2017,"stjoseph"
"St.Joseph River.X2017.10.14",16.7017456054688,42,2017,"stjoseph"
"St.Joseph River.X2017.10.21",13.8433776855469,43,2017,"stjoseph"
"St.Joseph River.X2017.10.28",9.9326110839844,44,2017,"stjoseph"
"St.Joseph River.X2017.11.04",11.7937255859375,45,2017,"stjoseph"
"St.Joseph River.X2017.11.11",8.49566040039065,46,2017,"stjoseph"
"St.Joseph River.X2017.11.18",6.02926025390627,47,2017,"stjoseph"
"St.Joseph River.X2017.11.25",4.39534912109377,48,2017,"stjoseph"
"St.Joseph River.X2017.12.02",0.881066894531273,49,2017,"stjoseph"
"St.Joseph River.X2017.12.09",0.100000000000023,50,2017,"stjoseph"
"St.Joseph River.X2017.12.16",4.91274414062502,51,2017,"stjoseph"
"St.Joseph River.X2017.12.23",0.845391845703148,52,2017,"stjoseph"
"St.Joseph River.X2017.12.30",0.126855468750023,53,2017,"stjoseph"
"St.Joseph River.X2018.01.07",0.124841308593773,2,2018,"stjoseph"
"St.Joseph River.X2018.01.14",0.100000000000023,3,2018,"stjoseph"
"St.Joseph River.X2018.01.21",0.100000000000023,4,2018,"stjoseph"
"St.Joseph River.X2018.01.28",0.100000000000023,5,2018,"stjoseph"
"St.Joseph River.X2018.02.04",0.100000000000023,6,2018,"stjoseph"
"St.Joseph River.X2018.02.11",0.100000000000023,7,2018,"stjoseph"
"St.Joseph River.X2018.02.18",0.100000000000023,8,2018,"stjoseph"
"St.Joseph River.X2018.02.25",0.100000000000023,9,2018,"stjoseph"
"St.Joseph River.X2018.03.04",0.100000000000023,10,2018,"stjoseph"
"St.Joseph River.X2018.03.11",0.100000000000023,11,2018,"stjoseph"
"St.Joseph River.X2018.03.18",0.100000000000023,12,2018,"stjoseph"
"St.Joseph River.X2018.03.25",0.100000000000023,13,2018,"stjoseph"
"St.Joseph River.X2018.04.01",0.100000000000023,14,2018,"stjoseph"
"St.Joseph River.X2018.04.08",0.100000000000023,15,2018,"stjoseph"
"St.Joseph River.X2018.04.15",0.100000000000023,16,2018,"stjoseph"
"St.Joseph River.X2018.04.22",0.100000000000023,17,2018,"stjoseph"
"St.Joseph River.X2018.04.29",0.147302246093773,18,2018,"stjoseph"
"St.Joseph River.X2018.05.06",6.3193298339844,19,2018,"stjoseph"
"St.Joseph River.X2018.05.13",11.3030944824219,20,2018,"stjoseph"
"St.Joseph River.X2018.05.20",16.9322143554688,21,2018,"stjoseph"
"St.Joseph River.X2018.05.27",21.0455261230469,22,2018,"stjoseph"
"St.Joseph River.X2018.06.03",21.09951171875,23,2018,"stjoseph"
"St.Joseph River.X2018.06.10",18.8272338867188,24,2018,"stjoseph"
"St.Joseph River.X2018.06.17",21.5746704101563,25,2018,"stjoseph"
"St.Joseph River.X2018.06.24",20.9324584960938,26,2018,"stjoseph"
"St.Joseph River.X2018.07.01",22.461328125,27,2018,"stjoseph"
"St.Joseph River.X2018.07.08",24.0957580566406,28,2018,"stjoseph"
"St.Joseph River.X2018.07.15",24.8713928222656,29,2018,"stjoseph"
"St.Joseph River.X2018.07.22",25.8798461914063,30,2018,"stjoseph"
"St.Joseph River.X2018.07.29",26.227685546875,31,2018,"stjoseph"
"St.Joseph River.X2018.08.05",27.5760131835938,32,2018,"stjoseph"
"St.Joseph River.X2018.08.12",25.2434020996094,33,2018,"stjoseph"
"St.Joseph River.X2018.08.19",26.2759948730469,34,2018,"stjoseph"
"St.Joseph River.X2018.08.26",26.9643493652344,35,2018,"stjoseph"
"St.Joseph River.X2018.09.02",26.4510131835938,36,2018,"stjoseph"
"St.Joseph River.X2018.09.09",22.408837890625,37,2018,"stjoseph"
"St.Joseph River.X2018.09.16",20.4275756835938,38,2018,"stjoseph"
"St.Joseph River.X2018.09.23",18.3392578125,39,2018,"stjoseph"
"St.Joseph River.X2018.09.30",20.1885925292969,40,2018,"stjoseph"
"St.Joseph River.X2018.10.07",19.0115295410156,41,2018,"stjoseph"
"St.Joseph River.X2018.10.14",13.3792053222656,42,2018,"stjoseph"
"St.Joseph River.X2018.10.21",14.9410949707031,43,2018,"stjoseph"
"St.Joseph River.X2018.10.28",8.4373718261719,44,2018,"stjoseph"
"St.Joseph River.X2018.11.04",5.0379577636719,45,2018,"stjoseph"
"St.Joseph River.X2018.11.11",7.4605651855469,46,2018,"stjoseph"
"St.Joseph River.X2018.11.18",4.54018554687502,47,2018,"stjoseph"
"St.Joseph River.X2018.11.25",5.62984619140627,48,2018,"stjoseph"
"St.Joseph River.X2018.12.02",1.88396606445315,49,2018,"stjoseph"
"St.Joseph River.X2018.12.09",4.95974121093752,50,2018,"stjoseph"
"St.Joseph River.X2018.12.16",1.8518005371094,51,2018,"stjoseph"
"St.Joseph River.X2018.12.23",0.167901611328148,52,2018,"stjoseph"
"St.Joseph River.X2018.12.30",0.100000000000023,53,2018,"stjoseph"
"St.Joseph River.X2019.01.07",0.100000000000023,2,2019,"stjoseph"
"St.Joseph River.X2019.01.14",0.100000000000023,3,2019,"stjoseph"
"St.Joseph River.X2019.01.21",0.100000000000023,4,2019,"stjoseph"
"St.Joseph River.X2019.01.28",0.100000000000023,5,2019,"stjoseph"
"St.Joseph River.X2019.02.04",0.100000000000023,6,2019,"stjoseph"
"St.Joseph River.X2019.02.11",0.100000000000023,7,2019,"stjoseph"
"St.Joseph River.X2019.02.18",0.100000000000023,8,2019,"stjoseph"
"St.Joseph River.X2019.02.25",0.100000000000023,9,2019,"stjoseph"
"St.Joseph River.X2019.03.04",0.100000000000023,10,2019,"stjoseph"
"St.Joseph River.X2019.03.11",0.100000000000023,11,2019,"stjoseph"
"St.Joseph River.X2019.03.18",0.100000000000023,12,2019,"stjoseph"
"St.Joseph River.X2019.03.25",0.100000000000023,13,2019,"stjoseph"
"St.Joseph River.X2019.04.01",1.9385925292969,14,2019,"stjoseph"
"St.Joseph River.X2019.04.08",5.6455017089844,15,2019,"stjoseph"
"St.Joseph River.X2019.04.15",11.6763549804688,16,2019,"stjoseph"
"St.Joseph River.X2019.04.22",12.757958984375,17,2019,"stjoseph"
"St.Joseph River.X2019.04.29",11.6414428710938,18,2019,"stjoseph"
"St.Joseph River.X2019.05.06",13.4333129882813,19,2019,"stjoseph"
"St.Joseph River.X2019.05.13",13.0303588867188,20,2019,"stjoseph"
"St.Joseph River.X2019.05.20",18.1050659179688,21,2019,"stjoseph"
"St.Joseph River.X2019.05.27",18.0771423339844,22,2019,"stjoseph"
"St.Joseph River.X2019.06.03",18.7188049316406,23,2019,"stjoseph"
"St.Joseph River.X2019.06.10",22.5928588867188,24,2019,"stjoseph"
"St.Joseph River.X2019.06.17",24.2368713378906,25,2019,"stjoseph"
"St.Joseph River.X2019.06.24",24.4350524902344,26,2019,"stjoseph"
"St.Joseph River.X2019.07.01",25.7854858398438,27,2019,"stjoseph"
"St.Joseph River.X2019.07.08",30.016259765625,28,2019,"stjoseph"
"St.Joseph River.X2019.07.15",29.9652038574219,29,2019,"stjoseph"
"St.Joseph River.X2019.07.22",29.4730163574219,30,2019,"stjoseph"
"St.Joseph River.X2019.07.29",28.76259765625,31,2019,"stjoseph"
"St.Joseph River.X2019.08.05",29.9401794433594,32,2019,"stjoseph"
"St.Joseph River.X2019.08.12",28.4392639160156,33,2019,"stjoseph"
"St.Joseph River.X2019.08.19",26.0048156738281,34,2019,"stjoseph"
"St.Joseph River.X2019.08.26",27.2069641113281,35,2019,"stjoseph"
"St.Joseph River.X2019.09.02",24.810205078125,36,2019,"stjoseph"
"St.Joseph River.X2019.09.09",24.3965393066406,37,2019,"stjoseph"
"St.Joseph River.X2019.09.16",25.1346984863281,38,2019,"stjoseph"
"St.Joseph River.X2019.09.23",23.0312133789063,39,2019,"stjoseph"
"St.Joseph River.X2019.09.30",18.2842346191406,40,2019,"stjoseph"
"St.Joseph River.X2019.10.07",15.2682434082031,41,2019,"stjoseph"
"St.Joseph River.X2019.10.14",13.01943359375,42,2019,"stjoseph"
"St.Joseph River.X2019.10.21",13.0118347167969,43,2019,"stjoseph"
"St.Joseph River.X2019.10.28",8.21639404296877,44,2019,"stjoseph"
"St.Joseph River.X2019.11.04",8.7708679199219,45,2019,"stjoseph"
"St.Joseph River.X2019.11.11",10.5368591308594,46,2019,"stjoseph"
"St.Joseph River.X2019.11.18",4.71688232421877,47,2019,"stjoseph"
"St.Joseph River.X2019.11.25",4.28414306640627,48,2019,"stjoseph"
"St.Joseph River.X2019.12.02",1.95870361328127,49,2019,"stjoseph"
"St.Joseph River.X2019.12.09",4.77333984375002,50,2019,"stjoseph"
"St.Joseph River.X2019.12.16",2.15813598632815,51,2019,"stjoseph"
"St.Joseph River.X2019.12.23",0.169641113281273,52,2019,"stjoseph"
"St.Joseph River.X2019.12.30",1.58477172851565,53,2019,"stjoseph"
"St.Louis River.X2011.01.07",3.75774536132815,2,2011,"stlouis"
"St.Louis River.X2011.01.14",3.13250122070315,3,2011,"stlouis"
"St.Louis River.X2011.01.21",2.24526367187502,4,2011,"stlouis"
"St.Louis River.X2011.01.28",1.73446044921877,5,2011,"stlouis"
"St.Louis River.X2011.02.04",1.75493774414065,6,2011,"stlouis"
"St.Louis River.X2011.02.11",1.01445922851565,7,2011,"stlouis"
"St.Louis River.X2011.02.18",0.773431396484398,8,2011,"stlouis"
"St.Louis River.X2011.02.25",0.538659667968773,9,2011,"stlouis"
"St.Louis River.X2011.03.04",0.228417968750023,10,2011,"stlouis"
"St.Louis River.X2011.03.11",0.100000000000023,11,2011,"stlouis"
"St.Louis River.X2011.03.18",0.100000000000023,12,2011,"stlouis"
"St.Louis River.X2011.03.25",0.100213623046898,13,2011,"stlouis"
"St.Louis River.X2011.04.01",0.253472900390648,14,2011,"stlouis"
"St.Louis River.X2011.04.08",0.633966064453148,15,2011,"stlouis"
"St.Louis River.X2011.04.15",2.0181823730469,16,2011,"stlouis"
"St.Louis River.X2011.04.22",3.53731689453127,17,2011,"stlouis"
"St.Louis River.X2011.04.29",5.3154235839844,18,2011,"stlouis"
"St.Louis River.X2011.05.06",5.85503540039065,19,2011,"stlouis"
"St.Louis River.X2011.05.13",6.55010375976565,20,2011,"stlouis"
"St.Louis River.X2011.05.20",7.6696716308594,21,2011,"stlouis"
"St.Louis River.X2011.05.27",8.50838623046877,22,2011,"stlouis"
"St.Louis River.X2011.06.03",9.09017333984377,23,2011,"stlouis"
"St.Louis River.X2011.06.10",10.503076171875,24,2011,"stlouis"
"St.Louis River.X2011.06.17",12.2235961914063,25,2011,"stlouis"
"St.Louis River.X2011.06.24",13.4547973632813,26,2011,"stlouis"
"St.Louis River.X2011.07.01",14.7222534179688,27,2011,"stlouis"
"St.Louis River.X2011.07.08",16.7811218261719,28,2011,"stlouis"
"St.Louis River.X2011.07.15",18.4379516601563,29,2011,"stlouis"
"St.Louis River.X2011.07.22",19.624658203125,30,2011,"stlouis"
"St.Louis River.X2011.07.29",19.9989868164063,31,2011,"stlouis"
"St.Louis River.X2011.08.05",20.5404907226563,32,2011,"stlouis"
"St.Louis River.X2011.08.12",21.474267578125,33,2011,"stlouis"
"St.Louis River.X2011.08.19",22.4258972167969,34,2011,"stlouis"
"St.Louis River.X2011.08.26",22.73720703125,35,2011,"stlouis"
"St.Louis River.X2011.09.02",22.4411560058594,36,2011,"stlouis"
"St.Louis River.X2011.09.09",22.2117858886719,37,2011,"stlouis"
"St.Louis River.X2011.09.16",22.1065002441406,38,2011,"stlouis"
"St.Louis River.X2011.09.23",21.57705078125,39,2011,"stlouis"
"St.Louis River.X2011.09.30",20.8036743164063,40,2011,"stlouis"
"St.Louis River.X2011.10.07",19.3049255371094,41,2011,"stlouis"
"St.Louis River.X2011.10.14",17.7985168457031,42,2011,"stlouis"
"St.Louis River.X2011.10.21",16.6389099121094,43,2011,"stlouis"
"St.Louis River.X2011.10.28",15.3958374023438,44,2011,"stlouis"
"St.Louis River.X2011.11.04",14.1755920410156,45,2011,"stlouis"
"St.Louis River.X2011.11.11",13.1285949707031,46,2011,"stlouis"
"St.Louis River.X2011.11.18",11.8599487304688,47,2011,"stlouis"
"St.Louis River.X2011.11.25",10.1728149414063,48,2011,"stlouis"
"St.Louis River.X2011.12.02",8.90657958984377,49,2011,"stlouis"
"St.Louis River.X2011.12.09",7.79580078125002,50,2011,"stlouis"
"St.Louis River.X2011.12.16",6.64217529296877,51,2011,"stlouis"
"St.Louis River.X2011.12.23",5.84905395507815,52,2011,"stlouis"
"St.Louis River.X2011.12.30",5.02227172851565,53,2011,"stlouis"
"St.Louis River.X2012.01.07",4.32705078125002,2,2012,"stlouis"
"St.Louis River.X2012.01.14",3.69353637695315,3,2012,"stlouis"
"St.Louis River.X2012.01.21",3.0489440917969,4,2012,"stlouis"
"St.Louis River.X2012.01.28",2.50310668945315,5,2012,"stlouis"
"St.Louis River.X2012.02.04",2.17131958007815,6,2012,"stlouis"
"St.Louis River.X2012.02.11",1.7475524902344,7,2012,"stlouis"
"St.Louis River.X2012.02.18",1.21431884765627,8,2012,"stlouis"
"St.Louis River.X2012.02.25",0.783502197265648,9,2012,"stlouis"
"St.Louis River.X2012.03.03",0.200494384765648,10,2012,"stlouis"
"St.Louis River.X2012.03.10",0.100000000000023,11,2012,"stlouis"
"St.Louis River.X2012.03.17",0.100000000000023,12,2012,"stlouis"
"St.Louis River.X2012.03.24",0.100000000000023,13,2012,"stlouis"
"St.Louis River.X2012.03.31",0.755700683593773,14,2012,"stlouis"
"St.Louis River.X2012.04.07",1.54497680664065,15,2012,"stlouis"
"St.Louis River.X2012.04.14",1.56582031250002,16,2012,"stlouis"
"St.Louis River.X2012.04.21",1.8068786621094,17,2012,"stlouis"
"St.Louis River.X2012.04.28",2.73873291015627,18,2012,"stlouis"
"St.Louis River.X2012.05.05",4.06646118164065,19,2012,"stlouis"
"St.Louis River.X2012.05.12",5.83254394531252,20,2012,"stlouis"
"St.Louis River.X2012.05.19",7.00460205078127,21,2012,"stlouis"
"St.Louis River.X2012.05.26",8.8221374511719,22,2012,"stlouis"
"St.Louis River.X2012.06.02",11.123193359375,23,2012,"stlouis"
"St.Louis River.X2012.06.09",13.9515014648438,24,2012,"stlouis"
"St.Louis River.X2012.06.16",15.50087890625,25,2012,"stlouis"
"St.Louis River.X2012.06.23",16.2941528320313,26,2012,"stlouis"
"St.Louis River.X2012.06.30",17.2593322753906,27,2012,"stlouis"
"St.Louis River.X2012.07.07",18.7275024414063,28,2012,"stlouis"
"St.Louis River.X2012.07.14",19.7523132324219,29,2012,"stlouis"
"St.Louis River.X2012.07.21",21.2856079101563,30,2012,"stlouis"
"St.Louis River.X2012.07.28",22.1036315917969,31,2012,"stlouis"
"St.Louis River.X2012.08.04",22.8341003417969,32,2012,"stlouis"
"St.Louis River.X2012.08.11",22.7232299804688,33,2012,"stlouis"
"St.Louis River.X2012.08.18",22.4980407714844,34,2012,"stlouis"
"St.Louis River.X2012.08.25",22.1569763183594,35,2012,"stlouis"
"St.Louis River.X2012.09.01",21.5704895019531,36,2012,"stlouis"
"St.Louis River.X2012.09.08",21.32998046875,37,2012,"stlouis"
"St.Louis River.X2012.09.15",20.9253479003906,38,2012,"stlouis"
"St.Louis River.X2012.09.22",20.0930114746094,39,2012,"stlouis"
"St.Louis River.X2012.09.29",18.8854309082031,40,2012,"stlouis"
"St.Louis River.X2012.10.06",17.7974182128906,41,2012,"stlouis"
"St.Louis River.X2012.10.13",16.6297546386719,42,2012,"stlouis"
"St.Louis River.X2012.10.20",15.6657653808594,43,2012,"stlouis"
"St.Louis River.X2012.10.27",14.6879516601563,44,2012,"stlouis"
"St.Louis River.X2012.11.03",13.3020874023438,45,2012,"stlouis"
"St.Louis River.X2012.11.10",12.7332702636719,46,2012,"stlouis"
"St.Louis River.X2012.11.17",11.7602172851563,47,2012,"stlouis"
"St.Louis River.X2012.11.24",11.0789123535156,48,2012,"stlouis"
"St.Louis River.X2012.12.01",9.53960571289065,49,2012,"stlouis"
"St.Louis River.X2012.12.08",8.42318115234377,50,2012,"stlouis"
"St.Louis River.X2012.12.15",7.7343688964844,51,2012,"stlouis"
"St.Louis River.X2012.12.22",6.92574462890627,52,2012,"stlouis"
"St.Louis River.X2012.12.29",5.90130004882815,53,2012,"stlouis"
"St.Louis River.X2013.01.07",4.69893798828127,2,2013,"stlouis"
"St.Louis River.X2013.01.14",4.1439147949219,3,2013,"stlouis"
"St.Louis River.X2013.01.21",3.76424560546877,4,2013,"stlouis"
"St.Louis River.X2013.01.28",2.83782348632815,5,2013,"stlouis"
"St.Louis River.X2013.02.04",1.66469726562502,6,2013,"stlouis"
"St.Louis River.X2013.02.11",0.260400390625023,7,2013,"stlouis"
"St.Louis River.X2013.02.18",0.176477050781273,8,2013,"stlouis"
"St.Louis River.X2013.02.25",0.148370361328148,9,2013,"stlouis"
"St.Louis River.X2013.03.04",0.100000000000023,10,2013,"stlouis"
"St.Louis River.X2013.03.11",0.100000000000023,11,2013,"stlouis"
"St.Louis River.X2013.03.18",0.175744628906273,12,2013,"stlouis"
"St.Louis River.X2013.03.25",0.629327392578148,13,2013,"stlouis"
"St.Louis River.X2013.04.01",1.8503356933594,14,2013,"stlouis"
"St.Louis River.X2013.04.08",3.0214782714844,15,2013,"stlouis"
"St.Louis River.X2013.04.15",4.32796630859377,16,2013,"stlouis"
"St.Louis River.X2013.04.22",5.26983032226565,17,2013,"stlouis"
"St.Louis River.X2013.04.29",6.41533813476565,18,2013,"stlouis"
"St.Louis River.X2013.05.06",8.16414794921877,19,2013,"stlouis"
"St.Louis River.X2013.05.13",9.9529968261719,20,2013,"stlouis"
"St.Louis River.X2013.05.20",11.1553894042969,21,2013,"stlouis"
"St.Louis River.X2013.05.27",12.3723999023438,22,2013,"stlouis"
"St.Louis River.X2013.06.03",13.6466003417969,23,2013,"stlouis"
"St.Louis River.X2013.06.10",14.3256164550781,24,2013,"stlouis"
"St.Louis River.X2013.06.17",15.1864868164063,25,2013,"stlouis"
"St.Louis River.X2013.06.24",16.2970825195313,26,2013,"stlouis"
"St.Louis River.X2013.07.01",17.0427795410156,27,2013,"stlouis"
"St.Louis River.X2013.07.08",18.1763549804688,28,2013,"stlouis"
"St.Louis River.X2013.07.15",19.4035583496094,29,2013,"stlouis"
"St.Louis River.X2013.07.22",20.2952209472656,30,2013,"stlouis"
"St.Louis River.X2013.07.29",20.2026306152344,31,2013,"stlouis"
"St.Louis River.X2013.08.05",19.9258972167969,32,2013,"stlouis"
"St.Louis River.X2013.08.12",19.8013244628906,33,2013,"stlouis"
"St.Louis River.X2013.08.19",19.9179321289063,34,2013,"stlouis"
"St.Louis River.X2013.08.26",19.7736755371094,35,2013,"stlouis"
"St.Louis River.X2013.09.02",19.1977478027344,36,2013,"stlouis"
"St.Louis River.X2013.09.09",18.6453491210938,37,2013,"stlouis"
"St.Louis River.X2013.09.16",18.3994079589844,38,2013,"stlouis"
"St.Louis River.X2013.09.23",18.0430236816406,39,2013,"stlouis"
"St.Louis River.X2013.09.30",17.8120056152344,40,2013,"stlouis"
"St.Louis River.X2013.10.07",17.6263366699219,41,2013,"stlouis"
"St.Louis River.X2013.10.14",17.1016174316406,42,2013,"stlouis"
"St.Louis River.X2013.10.21",16.2741943359375,43,2013,"stlouis"
"St.Louis River.X2013.10.28",15.0231567382813,44,2013,"stlouis"
"St.Louis River.X2013.11.04",13.2360473632813,45,2013,"stlouis"
"St.Louis River.X2013.11.11",11.6620727539063,46,2013,"stlouis"
"St.Louis River.X2013.11.18",10.4280944824219,47,2013,"stlouis"
"St.Louis River.X2013.11.25",9.31728515625002,48,2013,"stlouis"
"St.Louis River.X2013.12.02",9.09261474609377,49,2013,"stlouis"
"St.Louis River.X2013.12.09",8.81316528320315,50,2013,"stlouis"
"St.Louis River.X2013.12.16",7.08831176757815,51,2013,"stlouis"
"St.Louis River.X2013.12.23",6.1105895996094,52,2013,"stlouis"
"St.Louis River.X2013.12.30",5.08220825195315,53,2013,"stlouis"
"St.Louis River.X2014.01.07",3.86553344726565,2,2014,"stlouis"
"St.Louis River.X2014.01.14",3.06487426757815,3,2014,"stlouis"
"St.Louis River.X2014.01.21",2.43023071289065,4,2014,"stlouis"
"St.Louis River.X2014.01.28",2.09441528320315,5,2014,"stlouis"
"St.Louis River.X2014.02.04",1.76149902343752,6,2014,"stlouis"
"St.Louis River.X2014.02.11",1.3608337402344,7,2014,"stlouis"
"St.Louis River.X2014.02.18",0.524285888671898,8,2014,"stlouis"
"St.Louis River.X2014.02.25",0.426293945312523,9,2014,"stlouis"
"St.Louis River.X2014.03.04",0.237390136718773,10,2014,"stlouis"
"St.Louis River.X2014.03.11",0.100000000000023,11,2014,"stlouis"
"St.Louis River.X2014.03.18",0.100000000000023,12,2014,"stlouis"
"St.Louis River.X2014.03.25",0.100000000000023,13,2014,"stlouis"
"St.Louis River.X2014.04.01",0.100000000000023,14,2014,"stlouis"
"St.Louis River.X2014.04.08",0.100000000000023,15,2014,"stlouis"
"St.Louis River.X2014.04.15",0.100000000000023,16,2014,"stlouis"
"St.Louis River.X2014.04.22",0.100000000000023,17,2014,"stlouis"
"St.Louis River.X2014.04.29",0.402581787109398,18,2014,"stlouis"
"St.Louis River.X2014.05.06",4.00008544921877,19,2014,"stlouis"
"St.Louis River.X2014.05.13",6.5832458496094,20,2014,"stlouis"
"St.Louis River.X2014.05.20",8.47417602539065,21,2014,"stlouis"
"St.Louis River.X2014.05.27",10.6535583496094,22,2014,"stlouis"
"St.Louis River.X2014.06.03",13.1127868652344,23,2014,"stlouis"
"St.Louis River.X2014.06.10",14.7755065917969,24,2014,"stlouis"
"St.Louis River.X2014.06.17",15.9878479003906,25,2014,"stlouis"
"St.Louis River.X2014.06.24",16.32509765625,26,2014,"stlouis"
"St.Louis River.X2014.07.01",17.2990356445313,27,2014,"stlouis"
"St.Louis River.X2014.07.08",18.9305053710938,28,2014,"stlouis"
"St.Louis River.X2014.07.15",19.8893981933594,29,2014,"stlouis"
"St.Louis River.X2014.07.22",20.1993041992188,30,2014,"stlouis"
"St.Louis River.X2014.07.29",20.9655700683594,31,2014,"stlouis"
"St.Louis River.X2014.08.05",20.8360534667969,32,2014,"stlouis"
"St.Louis River.X2014.08.12",21.1387878417969,33,2014,"stlouis"
"St.Louis River.X2014.08.19",21.086572265625,34,2014,"stlouis"
"St.Louis River.X2014.08.26",20.6655822753906,35,2014,"stlouis"
"St.Louis River.X2014.09.02",20.7786804199219,36,2014,"stlouis"
"St.Louis River.X2014.09.09",20.9787536621094,37,2014,"stlouis"
"St.Louis River.X2014.09.16",20.6413513183594,38,2014,"stlouis"
"St.Louis River.X2014.09.23",20.3486267089844,39,2014,"stlouis"
"St.Louis River.X2014.09.30",20.5932250976563,40,2014,"stlouis"
"St.Louis River.X2014.10.07",20.0641418457031,41,2014,"stlouis"
"St.Louis River.X2014.10.14",18.6246276855469,42,2014,"stlouis"
"St.Louis River.X2014.10.21",16.7455078125,43,2014,"stlouis"
"St.Louis River.X2014.10.28",15.3972717285156,44,2014,"stlouis"
"St.Louis River.X2014.11.04",14.3998962402344,45,2014,"stlouis"
"St.Louis River.X2014.11.11",13.8059631347656,46,2014,"stlouis"
"St.Louis River.X2014.11.18",12.3289123535156,47,2014,"stlouis"
"St.Louis River.X2014.11.25",10.5197998046875,48,2014,"stlouis"
"St.Louis River.X2014.12.02",8.79754028320315,49,2014,"stlouis"
"St.Louis River.X2014.12.09",7.65081176757815,50,2014,"stlouis"
"St.Louis River.X2014.12.16",6.1946960449219,51,2014,"stlouis"
"St.Louis River.X2014.12.23",5.17437133789065,52,2014,"stlouis"
"St.Louis River.X2014.12.30",4.38472900390627,53,2014,"stlouis"
"St.Louis River.X2015.01.07",3.64925537109377,2,2015,"stlouis"
"St.Louis River.X2015.01.14",3.02071533203127,3,2015,"stlouis"
"St.Louis River.X2015.01.21",2.50301513671877,4,2015,"stlouis"
"St.Louis River.X2015.01.28",1.98052368164065,5,2015,"stlouis"
"St.Louis River.X2015.02.04",1.7048278808594,6,2015,"stlouis"
"St.Louis River.X2015.02.11",1.74312744140627,7,2015,"stlouis"
"St.Louis River.X2015.02.18",1.50383911132815,8,2015,"stlouis"
"St.Louis River.X2015.02.25",1.17485961914065,9,2015,"stlouis"
"St.Louis River.X2015.03.04",1.0676208496094,10,2015,"stlouis"
"St.Louis River.X2015.03.11",0.734338378906273,11,2015,"stlouis"
"St.Louis River.X2015.03.18",0.298699951171898,12,2015,"stlouis"
"St.Louis River.X2015.03.25",0.345178222656273,13,2015,"stlouis"
"St.Louis River.X2015.04.01",1.33428344726565,14,2015,"stlouis"
"St.Louis River.X2015.04.08",2.32088623046877,15,2015,"stlouis"
"St.Louis River.X2015.04.15",3.0029235839844,16,2015,"stlouis"
"St.Louis River.X2015.04.22",3.9678894042969,17,2015,"stlouis"
"St.Louis River.X2015.04.29",4.88503417968752,18,2015,"stlouis"
"St.Louis River.X2015.05.06",6.57222900390627,19,2015,"stlouis"
"St.Louis River.X2015.05.13",8.01265869140627,20,2015,"stlouis"
"St.Louis River.X2015.05.20",10.0873962402344,21,2015,"stlouis"
"St.Louis River.X2015.05.27",11.405908203125,22,2015,"stlouis"
"St.Louis River.X2015.06.03",12.9856506347656,23,2015,"stlouis"
"St.Louis River.X2015.06.10",14.0058532714844,24,2015,"stlouis"
"St.Louis River.X2015.06.17",14.9646240234375,25,2015,"stlouis"
"St.Louis River.X2015.06.24",15.8766418457031,26,2015,"stlouis"
"St.Louis River.X2015.07.01",16.3759704589844,27,2015,"stlouis"
"St.Louis River.X2015.07.08",17.7229858398438,28,2015,"stlouis"
"St.Louis River.X2015.07.15",19.3975463867188,29,2015,"stlouis"
"St.Louis River.X2015.07.22",21.2533508300781,30,2015,"stlouis"
"St.Louis River.X2015.07.29",22.902734375,31,2015,"stlouis"
"St.Louis River.X2015.08.05",24.012109375,32,2015,"stlouis"
"St.Louis River.X2015.08.12",23.8902221679688,33,2015,"stlouis"
"St.Louis River.X2015.08.19",23.6355834960938,34,2015,"stlouis"
"St.Louis River.X2015.08.26",23.4211059570313,35,2015,"stlouis"
"St.Louis River.X2015.09.02",23.1752258300781,36,2015,"stlouis"
"St.Louis River.X2015.09.09",22.5075622558594,37,2015,"stlouis"
"St.Louis River.X2015.09.16",21.3778625488281,38,2015,"stlouis"
"St.Louis River.X2015.09.23",20.8018737792969,39,2015,"stlouis"
"St.Louis River.X2015.09.30",19.7145324707031,40,2015,"stlouis"
"St.Louis River.X2015.10.07",18.5442749023438,41,2015,"stlouis"
"St.Louis River.X2015.10.14",17.3771911621094,42,2015,"stlouis"
"St.Louis River.X2015.10.21",16.3471618652344,43,2015,"stlouis"
"St.Louis River.X2015.10.28",15.2141052246094,44,2015,"stlouis"
"St.Louis River.X2015.11.04",13.3724914550781,45,2015,"stlouis"
"St.Louis River.X2015.11.11",12.1887145996094,46,2015,"stlouis"
"St.Louis River.X2015.11.18",11.9812561035156,47,2015,"stlouis"
"St.Louis River.X2015.11.25",10.9526306152344,48,2015,"stlouis"
"St.Louis River.X2015.12.02",9.9523864746094,49,2015,"stlouis"
"St.Louis River.X2015.12.09",9.24334106445315,50,2015,"stlouis"
"St.Louis River.X2015.12.16",7.98122558593752,51,2015,"stlouis"
"St.Louis River.X2015.12.23",7.11531982421877,52,2015,"stlouis"
"St.Louis River.X2015.12.30",5.76925048828127,53,2015,"stlouis"
"St.Louis River.X2016.01.07",5.11483154296877,2,2016,"stlouis"
"St.Louis River.X2016.01.14",4.3933044433594,3,2016,"stlouis"
"St.Louis River.X2016.01.21",3.0701843261719,4,2016,"stlouis"
"St.Louis River.X2016.01.28",2.08919677734377,5,2016,"stlouis"
"St.Louis River.X2016.02.04",1.47145996093752,6,2016,"stlouis"
"St.Louis River.X2016.02.11",1.18135986328127,7,2016,"stlouis"
"St.Louis River.X2016.02.18",1.4808288574219,8,2016,"stlouis"
"St.Louis River.X2016.02.25",1.2820983886719,9,2016,"stlouis"
"St.Louis River.X2016.03.03",1.19112548828127,10,2016,"stlouis"
"St.Louis River.X2016.03.10",1.13210449218752,11,2016,"stlouis"
"St.Louis River.X2016.03.17",1.65535888671877,12,2016,"stlouis"
"St.Louis River.X2016.03.24",2.17864379882815,13,2016,"stlouis"
"St.Louis River.X2016.03.31",2.32525024414065,14,2016,"stlouis"
"St.Louis River.X2016.04.07",2.8082214355469,15,2016,"stlouis"
"St.Louis River.X2016.04.14",3.30977783203127,16,2016,"stlouis"
"St.Louis River.X2016.04.21",4.48284301757815,17,2016,"stlouis"
"St.Louis River.X2016.04.28",6.2341247558594,18,2016,"stlouis"
"St.Louis River.X2016.05.05",6.52761230468752,19,2016,"stlouis"
"St.Louis River.X2016.05.12",7.21932373046877,20,2016,"stlouis"
"St.Louis River.X2016.05.19",9.48760375976565,21,2016,"stlouis"
"St.Louis River.X2016.05.26",10.9689270019531,22,2016,"stlouis"
"St.Louis River.X2016.06.02",13.5108581542969,23,2016,"stlouis"
"St.Louis River.X2016.06.09",15.2517028808594,24,2016,"stlouis"
"St.Louis River.X2016.06.16",16.0779357910156,25,2016,"stlouis"
"St.Louis River.X2016.06.23",16.6910949707031,26,2016,"stlouis"
"St.Louis River.X2016.06.30",18.4194274902344,27,2016,"stlouis"
"St.Louis River.X2016.07.07",19.9308410644531,28,2016,"stlouis"
"St.Louis River.X2016.07.14",21.3676696777344,29,2016,"stlouis"
"St.Louis River.X2016.07.21",22.722802734375,30,2016,"stlouis"
"St.Louis River.X2016.07.28",23.6058288574219,31,2016,"stlouis"
"St.Louis River.X2016.08.04",23.8097473144531,32,2016,"stlouis"
"St.Louis River.X2016.08.11",24.510888671875,33,2016,"stlouis"
"St.Louis River.X2016.08.18",24.64541015625,34,2016,"stlouis"
"St.Louis River.X2016.08.25",24.6735473632813,35,2016,"stlouis"
"St.Louis River.X2016.09.01",24.7986389160156,36,2016,"stlouis"
"St.Louis River.X2016.09.08",24.2546020507813,37,2016,"stlouis"
"St.Louis River.X2016.09.15",23.66884765625,38,2016,"stlouis"
"St.Louis River.X2016.09.22",22.9580627441406,39,2016,"stlouis"
"St.Louis River.X2016.09.29",22.0853515625,40,2016,"stlouis"
"St.Louis River.X2016.10.06",21.5260559082031,41,2016,"stlouis"
"St.Louis River.X2016.10.13",20.7065979003906,42,2016,"stlouis"
"St.Louis River.X2016.10.20",19.9085632324219,43,2016,"stlouis"
"St.Louis River.X2016.10.27",19.0855041503906,44,2016,"stlouis"
"St.Louis River.X2016.11.03",17.5294128417969,45,2016,"stlouis"
"St.Louis River.X2016.11.10",15.7986389160156,46,2016,"stlouis"
"St.Louis River.X2016.11.17",14.6595092773438,47,2016,"stlouis"
"St.Louis River.X2016.11.24",14.0541015625,48,2016,"stlouis"
"St.Louis River.X2016.12.01",12.0408264160156,49,2016,"stlouis"
"St.Louis River.X2016.12.08",10.5188842773438,50,2016,"stlouis"
"St.Louis River.X2016.12.15",9.12716064453127,51,2016,"stlouis"
"St.Louis River.X2016.12.22",8.31142578125002,52,2016,"stlouis"
"St.Louis River.X2016.12.29",7.33992919921877,53,2016,"stlouis"
"St.Louis River.X2017.01.07",5.99770507812502,2,2017,"stlouis"
"St.Louis River.X2017.01.14",5.29424438476565,3,2017,"stlouis"
"St.Louis River.X2017.01.21",4.52153930664065,4,2017,"stlouis"
"St.Louis River.X2017.01.28",3.88253173828127,5,2017,"stlouis"
"St.Louis River.X2017.02.04",3.0628601074219,6,2017,"stlouis"
"St.Louis River.X2017.02.11",2.46514282226565,7,2017,"stlouis"
"St.Louis River.X2017.02.18",1.82198486328127,8,2017,"stlouis"
"St.Louis River.X2017.02.25",0.441461181640648,9,2017,"stlouis"
"St.Louis River.X2017.03.04",0.494409179687523,10,2017,"stlouis"
"St.Louis River.X2017.03.11",0.695672607421898,11,2017,"stlouis"
"St.Louis River.X2017.03.18",1.17061767578127,12,2017,"stlouis"
"St.Louis River.X2017.03.25",2.5264831542969,13,2017,"stlouis"
"St.Louis River.X2017.04.01",3.56182250976565,14,2017,"stlouis"
"St.Louis River.X2017.04.08",4.47322998046877,15,2017,"stlouis"
"St.Louis River.X2017.04.15",4.99215087890627,16,2017,"stlouis"
"St.Louis River.X2017.04.22",5.16854248046877,17,2017,"stlouis"
"St.Louis River.X2017.04.29",5.98125610351565,18,2017,"stlouis"
"St.Louis River.X2017.05.06",7.35238037109377,19,2017,"stlouis"
"St.Louis River.X2017.05.13",8.48433837890627,20,2017,"stlouis"
"St.Louis River.X2017.05.20",9.63851318359377,21,2017,"stlouis"
"St.Louis River.X2017.05.27",10.2275634765625,22,2017,"stlouis"
"St.Louis River.X2017.06.03",11.3401733398438,23,2017,"stlouis"
"St.Louis River.X2017.06.10",12.0295043945313,24,2017,"stlouis"
"St.Louis River.X2017.06.17",12.3848205566406,25,2017,"stlouis"
"St.Louis River.X2017.06.24",13.1581665039063,26,2017,"stlouis"
"St.Louis River.X2017.07.01",14.1168762207031,27,2017,"stlouis"
"St.Louis River.X2017.07.08",16.0817199707031,28,2017,"stlouis"
"St.Louis River.X2017.07.15",18.1522155761719,29,2017,"stlouis"
"St.Louis River.X2017.07.22",19.4346862792969,30,2017,"stlouis"
"St.Louis River.X2017.07.29",19.9953247070313,31,2017,"stlouis"
"St.Louis River.X2017.08.05",20.0833984375,32,2017,"stlouis"
"St.Louis River.X2017.08.12",20.0055786132813,33,2017,"stlouis"
"St.Louis River.X2017.08.19",20.3121887207031,34,2017,"stlouis"
"St.Louis River.X2017.08.26",21.3015686035156,35,2017,"stlouis"
"St.Louis River.X2017.09.02",22.2242980957031,36,2017,"stlouis"
"St.Louis River.X2017.09.09",23.1943908691406,37,2017,"stlouis"
"St.Louis River.X2017.09.16",23.0750061035156,38,2017,"stlouis"
"St.Louis River.X2017.09.23",22.4012084960938,39,2017,"stlouis"
"St.Louis River.X2017.09.30",21.5192810058594,40,2017,"stlouis"
"St.Louis River.X2017.10.07",20.3416381835938,41,2017,"stlouis"
"St.Louis River.X2017.10.14",19.3169799804688,42,2017,"stlouis"
"St.Louis River.X2017.10.21",18.4587341308594,43,2017,"stlouis"
"St.Louis River.X2017.10.28",17.0580383300781,44,2017,"stlouis"
"St.Louis River.X2017.11.04",16.1445251464844,45,2017,"stlouis"
"St.Louis River.X2017.11.11",14.7707763671875,46,2017,"stlouis"
"St.Louis River.X2017.11.18",13.1164794921875,47,2017,"stlouis"
"St.Louis River.X2017.11.25",11.4014831542969,48,2017,"stlouis"
"St.Louis River.X2017.12.02",9.33672485351565,49,2017,"stlouis"
"St.Louis River.X2017.12.09",7.60329589843752,50,2017,"stlouis"
"St.Louis River.X2017.12.16",6.9335876464844,51,2017,"stlouis"
"St.Louis River.X2017.12.23",6.0633483886719,52,2017,"stlouis"
"St.Louis River.X2017.12.30",5.35479125976565,53,2017,"stlouis"
"St.Louis River.X2018.01.07",4.96636352539065,2,2018,"stlouis"
"St.Louis River.X2018.01.14",4.28597412109377,3,2018,"stlouis"
"St.Louis River.X2018.01.21",3.60018310546877,4,2018,"stlouis"
"St.Louis River.X2018.01.28",3.02922973632815,5,2018,"stlouis"
"St.Louis River.X2018.02.04",2.39467773437502,6,2018,"stlouis"
"St.Louis River.X2018.02.11",0.950006103515648,7,2018,"stlouis"
"St.Louis River.X2018.02.18",0.821221923828148,8,2018,"stlouis"
"St.Louis River.X2018.02.25",0.769555664062523,9,2018,"stlouis"
"St.Louis River.X2018.03.04",0.471307373046898,10,2018,"stlouis"
"St.Louis River.X2018.03.11",0.100000000000023,11,2018,"stlouis"
"St.Louis River.X2018.03.18",0.100000000000023,12,2018,"stlouis"
"St.Louis River.X2018.03.25",0.100000000000023,13,2018,"stlouis"
"St.Louis River.X2018.04.01",0.157556152343773,14,2018,"stlouis"
"St.Louis River.X2018.04.08",0.789453125000023,15,2018,"stlouis"
"St.Louis River.X2018.04.15",1.23418579101565,16,2018,"stlouis"
"St.Louis River.X2018.04.22",1.58831176757815,17,2018,"stlouis"
"St.Louis River.X2018.04.29",1.75472412109377,18,2018,"stlouis"
"St.Louis River.X2018.05.06",2.62407836914065,19,2018,"stlouis"
"St.Louis River.X2018.05.13",4.13338623046877,20,2018,"stlouis"
"St.Louis River.X2018.05.20",6.35015258789065,21,2018,"stlouis"
"St.Louis River.X2018.05.27",8.49370727539065,22,2018,"stlouis"
"St.Louis River.X2018.06.03",10.3589416503906,23,2018,"stlouis"
"St.Louis River.X2018.06.10",11.3644653320313,24,2018,"stlouis"
"St.Louis River.X2018.06.17",13.1347595214844,25,2018,"stlouis"
"St.Louis River.X2018.06.24",14.5878845214844,26,2018,"stlouis"
"St.Louis River.X2018.07.01",15.8859497070313,27,2018,"stlouis"
"St.Louis River.X2018.07.08",16.7638488769531,28,2018,"stlouis"
"St.Louis River.X2018.07.15",17.4530883789063,29,2018,"stlouis"
"St.Louis River.X2018.07.22",18.1546569824219,30,2018,"stlouis"
"St.Louis River.X2018.07.29",18.8466735839844,31,2018,"stlouis"
"St.Louis River.X2018.08.05",19.7983947753906,32,2018,"stlouis"
"St.Louis River.X2018.08.12",20.1820617675781,33,2018,"stlouis"
"St.Louis River.X2018.08.19",20.2029663085938,34,2018,"stlouis"
"St.Louis River.X2018.08.26",20.3772827148438,35,2018,"stlouis"
"St.Louis River.X2018.09.02",20.7500549316406,36,2018,"stlouis"
"St.Louis River.X2018.09.09",20.4875122070313,37,2018,"stlouis"
"St.Louis River.X2018.09.16",20.2304016113281,38,2018,"stlouis"
"St.Louis River.X2018.09.23",19.837548828125,39,2018,"stlouis"
"St.Louis River.X2018.09.30",19.7114196777344,40,2018,"stlouis"
"St.Louis River.X2018.10.07",19.9463745117188,41,2018,"stlouis"
"St.Louis River.X2018.10.14",18.7394958496094,42,2018,"stlouis"
"St.Louis River.X2018.10.21",17.7294860839844,43,2018,"stlouis"
"St.Louis River.X2018.10.28",16.4560791015625,44,2018,"stlouis"
"St.Louis River.X2018.11.04",14.4438415527344,45,2018,"stlouis"
"St.Louis River.X2018.11.11",13.1827331542969,46,2018,"stlouis"
"St.Louis River.X2018.11.18",11.7453247070313,47,2018,"stlouis"
"St.Louis River.X2018.11.25",10.2537475585938,48,2018,"stlouis"
"St.Louis River.X2018.12.02",8.90944824218752,49,2018,"stlouis"
"St.Louis River.X2018.12.09",7.84298095703127,50,2018,"stlouis"
"St.Louis River.X2018.12.16",6.8439880371094,51,2018,"stlouis"
"St.Louis River.X2018.12.23",5.85659179687502,52,2018,"stlouis"
"St.Louis River.X2018.12.30",5.0142761230469,53,2018,"stlouis"
"St.Louis River.X2019.01.07",4.17708740234377,2,2019,"stlouis"
"St.Louis River.X2019.01.14",3.80779418945315,3,2019,"stlouis"
"St.Louis River.X2019.01.21",3.30904541015627,4,2019,"stlouis"
"St.Louis River.X2019.01.28",1.78530273437502,5,2019,"stlouis"
"St.Louis River.X2019.02.04",0.910577392578148,6,2019,"stlouis"
"St.Louis River.X2019.02.11",0.276086425781273,7,2019,"stlouis"
"St.Louis River.X2019.02.18",0.100000000000023,8,2019,"stlouis"
"St.Louis River.X2019.02.25",0.100000000000023,9,2019,"stlouis"
"St.Louis River.X2019.03.04",0.100000000000023,10,2019,"stlouis"
"St.Louis River.X2019.03.11",0.100000000000023,11,2019,"stlouis"
"St.Louis River.X2019.03.18",0.104730224609398,12,2019,"stlouis"
"St.Louis River.X2019.03.25",0.602990722656273,13,2019,"stlouis"
"St.Louis River.X2019.04.01",1.95736083984377,14,2019,"stlouis"
"St.Louis River.X2019.04.08",2.97725830078127,15,2019,"stlouis"
"St.Louis River.X2019.04.15",4.12514648437502,16,2019,"stlouis"
"St.Louis River.X2019.04.22",5.15960083007815,17,2019,"stlouis"
"St.Louis River.X2019.04.29",6.06582031250002,18,2019,"stlouis"
"St.Louis River.X2019.05.06",7.60091552734377,19,2019,"stlouis"
"St.Louis River.X2019.05.13",8.93001708984377,20,2019,"stlouis"
"St.Louis River.X2019.05.20",10.3942199707031,21,2019,"stlouis"
"St.Louis River.X2019.05.27",11.8797546386719,22,2019,"stlouis"
"St.Louis River.X2019.06.03",12.9619689941406,23,2019,"stlouis"
"St.Louis River.X2019.06.10",14.6929260253906,24,2019,"stlouis"
"St.Louis River.X2019.06.17",16.6122375488281,25,2019,"stlouis"
"St.Louis River.X2019.06.24",17.8961730957031,26,2019,"stlouis"
"St.Louis River.X2019.07.01",18.8599182128906,27,2019,"stlouis"
"St.Louis River.X2019.07.08",20.7370544433594,28,2019,"stlouis"
"St.Louis River.X2019.07.15",22.0970703125,29,2019,"stlouis"
"St.Louis River.X2019.07.22",22.6274047851563,30,2019,"stlouis"
"St.Louis River.X2019.07.29",22.7751403808594,31,2019,"stlouis"
"St.Louis River.X2019.08.05",23.1854797363281,32,2019,"stlouis"
"St.Louis River.X2019.08.12",23.7173400878906,33,2019,"stlouis"
"St.Louis River.X2019.08.19",23.5225158691406,34,2019,"stlouis"
"St.Louis River.X2019.08.26",23.3894897460938,35,2019,"stlouis"
"St.Louis River.X2019.09.02",23.1606079101563,36,2019,"stlouis"
"St.Louis River.X2019.09.09",22.8408752441406,37,2019,"stlouis"
"St.Louis River.X2019.09.16",22.6366821289063,38,2019,"stlouis"
"St.Louis River.X2019.09.23",22.30703125,39,2019,"stlouis"
"St.Louis River.X2019.09.30",21.5907836914063,40,2019,"stlouis"
"St.Louis River.X2019.10.07",20.7398620605469,41,2019,"stlouis"
"St.Louis River.X2019.10.14",19.3892456054688,42,2019,"stlouis"
"St.Louis River.X2019.10.21",18.4118896484375,43,2019,"stlouis"
"St.Louis River.X2019.10.28",16.9298645019531,44,2019,"stlouis"
"St.Louis River.X2019.11.04",15.5808959960938,45,2019,"stlouis"
"St.Louis River.X2019.11.11",14.7995239257813,46,2019,"stlouis"
"St.Louis River.X2019.11.18",13.7152648925781,47,2019,"stlouis"
"St.Louis River.X2019.11.25",12.1952453613281,48,2019,"stlouis"
"St.Louis River.X2019.12.02",10.4744201660156,49,2019,"stlouis"
"St.Louis River.X2019.12.09",9.2938171386719,50,2019,"stlouis"
"St.Louis River.X2019.12.16",8.31734619140627,51,2019,"stlouis"
"St.Louis River.X2019.12.23",6.7901550292969,52,2019,"stlouis"
"St.Louis River.X2019.12.30",5.96013793945315,53,2019,"stlouis"
"Yellow River.X2012.01.07",1.6348815917969,2,2012,"yellowr"
"Yellow River.X2012.01.14",1.39229736328127,3,2012,"yellowr"
"Yellow River.X2012.01.21",0.847650146484398,4,2012,"yellowr"
"Yellow River.X2012.01.28",1.26284179687502,5,2012,"yellowr"
"Yellow River.X2012.02.04",2.0049987792969,6,2012,"yellowr"
"Yellow River.X2012.02.11",1.30898437500002,7,2012,"yellowr"
"Yellow River.X2012.02.18",0.562982177734398,8,2012,"yellowr"
"Yellow River.X2012.02.25",0.821221923828148,9,2012,"yellowr"
"Yellow River.X2012.03.03",0.270654296875023,10,2012,"yellowr"
"Yellow River.X2012.03.10",1.33196411132815,11,2012,"yellowr"
"Yellow River.X2012.03.17",0.772882080078148,12,2012,"yellowr"
"Yellow River.X2012.03.24",3.6492858886719,13,2012,"yellowr"
"Yellow River.X2012.03.31",7.13564453125002,14,2012,"yellowr"
"Yellow River.X2012.04.07",5.25740966796877,15,2012,"yellowr"
"Yellow River.X2012.04.14",2.76494750976565,16,2012,"yellowr"
"Yellow River.X2012.04.21",5.4866882324219,17,2012,"yellowr"
"Yellow River.X2012.04.28",7.10219726562502,18,2012,"yellowr"
"Yellow River.X2012.05.05",12.8906799316406,19,2012,"yellowr"
"Yellow River.X2012.05.12",10.3579650878906,20,2012,"yellowr"
"Yellow River.X2012.05.19",12.3493286132813,21,2012,"yellowr"
"Yellow River.X2012.05.26",16.9216247558594,22,2012,"yellowr"
"Yellow River.X2012.06.02",21.8524108886719,23,2012,"yellowr"
"Yellow River.X2012.06.09",24.5533996582031,24,2012,"yellowr"
"Yellow River.X2012.06.16",19.01845703125,25,2012,"yellowr"
"Yellow River.X2012.06.23",19.6109252929688,26,2012,"yellowr"
"Yellow River.X2012.06.30",22.7436157226563,27,2012,"yellowr"
"Yellow River.X2012.07.07",23.4348693847656,28,2012,"yellowr"
"Yellow River.X2012.07.14",25.0904479980469,29,2012,"yellowr"
"Yellow River.X2012.07.21",26.026513671875,30,2012,"yellowr"
"Yellow River.X2012.07.28",24.7124572753906,31,2012,"yellowr"
"Yellow River.X2012.08.04",24.4493041992188,32,2012,"yellowr"
"Yellow River.X2012.08.11",20.598046875,33,2012,"yellowr"
"Yellow River.X2012.08.18",20.1599060058594,34,2012,"yellowr"
"Yellow River.X2012.08.25",19.1278015136719,35,2012,"yellowr"
"Yellow River.X2012.09.01",18.2409301757813,36,2012,"yellowr"
"Yellow River.X2012.09.08",18.4896789550781,37,2012,"yellowr"
"Yellow River.X2012.09.15",15.6775451660156,38,2012,"yellowr"
"Yellow River.X2012.09.22",13.2755676269531,39,2012,"yellowr"
"Yellow River.X2012.09.29",10.0966735839844,40,2012,"yellowr"
"Yellow River.X2012.10.06",11.9894653320313,41,2012,"yellowr"
"Yellow River.X2012.10.13",12.385400390625,42,2012,"yellowr"
"Yellow River.X2012.10.20",9.8304382324219,43,2012,"yellowr"
"Yellow River.X2012.10.27",8.7189880371094,44,2012,"yellowr"
"Yellow River.X2012.11.03",7.70061645507815,45,2012,"yellowr"
"Yellow River.X2012.11.10",9.80083618164065,46,2012,"yellowr"
"Yellow River.X2012.11.17",7.2569519042969,47,2012,"yellowr"
"Yellow River.X2012.11.24",5.3780456542969,48,2012,"yellowr"
"Yellow River.X2012.12.01",1.29512939453127,49,2012,"yellowr"
"Yellow River.X2012.12.08",4.0797058105469,50,2012,"yellowr"
"Yellow River.X2012.12.15",5.85808715820315,51,2012,"yellowr"
"Yellow River.X2012.12.22",2.4776550292969,52,2012,"yellowr"
"Yellow River.X2012.12.29",1.20501098632815,53,2012,"yellowr"
"Yellow River.X2013.01.07",1.78951416015627,2,2013,"yellowr"
"Yellow River.X2013.01.14",2.82552490234377,3,2013,"yellowr"
"Yellow River.X2013.01.21",2.67745361328127,4,2013,"yellowr"
"Yellow River.X2013.01.28",0.314813232421898,5,2013,"yellowr"
"Yellow River.X2013.02.04",0.346063232421898,6,2013,"yellowr"
"Yellow River.X2013.02.11",2.05416259765627,7,2013,"yellowr"
"Yellow River.X2013.02.18",2.1765075683594,8,2013,"yellowr"
"Yellow River.X2013.02.25",1.92266235351565,9,2013,"yellowr"
"Yellow River.X2013.03.04",1.96514282226565,10,2013,"yellowr"
"Yellow River.X2013.03.11",3.43215332031252,11,2013,"yellowr"
"Yellow River.X2013.03.18",3.86593017578127,12,2013,"yellowr"
"Yellow River.X2013.03.25",4.38930664062502,13,2013,"yellowr"
"Yellow River.X2013.04.01",7.88118896484377,14,2013,"yellowr"
"Yellow River.X2013.04.08",8.45681152343752,15,2013,"yellowr"
"Yellow River.X2013.04.15",11.9218383789063,16,2013,"yellowr"
"Yellow River.X2013.04.22",8.62130126953127,17,2013,"yellowr"
"Yellow River.X2013.04.29",13.8108764648438,18,2013,"yellowr"
"Yellow River.X2013.05.06",14.9984069824219,19,2013,"yellowr"
"Yellow River.X2013.05.13",16.1095825195313,20,2013,"yellowr"
"Yellow River.X2013.05.20",15.7426391601563,21,2013,"yellowr"
"Yellow River.X2013.05.27",17.5736633300781,22,2013,"yellowr"
"Yellow River.X2013.06.03",17.3294311523438,23,2013,"yellowr"
"Yellow River.X2013.06.10",17.613427734375,24,2013,"yellowr"
"Yellow River.X2013.06.17",19.6392761230469,25,2013,"yellowr"
"Yellow River.X2013.06.24",21.705224609375,26,2013,"yellowr"
"Yellow River.X2013.07.01",19.450830078125,27,2013,"yellowr"
"Yellow River.X2013.07.08",21.8963562011719,28,2013,"yellowr"
"Yellow River.X2013.07.15",22.7915588378906,29,2013,"yellowr"
"Yellow River.X2013.07.22",21.4472595214844,30,2013,"yellowr"
"Yellow River.X2013.07.29",18.6893249511719,31,2013,"yellowr"
"Yellow River.X2013.08.05",19.0530944824219,32,2013,"yellowr"
"Yellow River.X2013.08.12",17.7810913085938,33,2013,"yellowr"
"Yellow River.X2013.08.19",19.2830139160156,34,2013,"yellowr"
"Yellow River.X2013.08.26",18.8434997558594,35,2013,"yellowr"
"Yellow River.X2013.09.02",13.2705017089844,36,2013,"yellowr"
"Yellow River.X2013.09.09",13.8695617675781,37,2013,"yellowr"
"Yellow River.X2013.09.16",15.287744140625,38,2013,"yellowr"
"Yellow River.X2013.09.23",13.7575012207031,39,2013,"yellowr"
"Yellow River.X2013.09.30",16.9567810058594,40,2013,"yellowr"
"Yellow River.X2013.10.07",15.6801391601563,41,2013,"yellowr"
"Yellow River.X2013.10.14",12.9973693847656,42,2013,"yellowr"
"Yellow River.X2013.10.21",10.4858032226563,43,2013,"yellowr"
"Yellow River.X2013.10.28",7.4902282714844,44,2013,"yellowr"
"Yellow River.X2013.11.04",2.74746093750002,45,2013,"yellowr"
"Yellow River.X2013.11.11",3.17974243164065,46,2013,"yellowr"
"Yellow River.X2013.11.18",5.11367187500002,47,2013,"yellowr"
"Yellow River.X2013.11.25",3.4571472167969,48,2013,"yellowr"
"Yellow River.X2013.12.02",10.7378479003906,49,2013,"yellowr"
"Yellow River.X2013.12.09",4.92318115234377,50,2013,"yellowr"
"Yellow River.X2013.12.16",2.48967895507815,51,2013,"yellowr"
"Yellow River.X2013.12.23",1.25774536132815,52,2013,"yellowr"
"Yellow River.X2013.12.30",1.47304687500002,53,2013,"yellowr"
"Yellow River.X2014.01.07",1.4090515136719,2,2014,"yellowr"
"Yellow River.X2014.01.14",1.87639770507815,3,2014,"yellowr"
"Yellow River.X2014.01.21",1.95845947265627,4,2014,"yellowr"
"Yellow River.X2014.01.28",2.7763610839844,5,2014,"yellowr"
"Yellow River.X2014.02.04",2.62981567382815,6,2014,"yellowr"
"Yellow River.X2014.02.11",1.0009704589844,7,2014,"yellowr"
"Yellow River.X2014.02.18",1.6323181152344,8,2014,"yellowr"
"Yellow River.X2014.02.25",2.57052001953127,9,2014,"yellowr"
"Yellow River.X2014.03.04",1.04692993164065,10,2014,"yellowr"
"Yellow River.X2014.03.11",2.01571044921877,11,2014,"yellowr"
"Yellow River.X2014.03.18",0.575311279296898,12,2014,"yellowr"
"Yellow River.X2014.03.25",1.0263610839844,13,2014,"yellowr"
"Yellow River.X2014.04.01",0.948907470703148,14,2014,"yellowr"
"Yellow River.X2014.04.08",0.100000000000023,15,2014,"yellowr"
"Yellow River.X2014.04.15",0.100000000000023,16,2014,"yellowr"
"Yellow River.X2014.04.22",0.100000000000023,17,2014,"yellowr"
"Yellow River.X2014.04.29",5.6743103027344,18,2014,"yellowr"
"Yellow River.X2014.05.06",20.2873168945313,19,2014,"yellowr"
"Yellow River.X2014.05.13",12.6043640136719,20,2014,"yellowr"
"Yellow River.X2014.05.20",13.3184753417969,21,2014,"yellowr"
"Yellow River.X2014.05.27",18.8788391113281,22,2014,"yellowr"
"Yellow River.X2014.06.03",19.1127868652344,23,2014,"yellowr"
"Yellow River.X2014.06.10",18.6993041992188,24,2014,"yellowr"
"Yellow River.X2014.06.17",16.4734436035156,25,2014,"yellowr"
"Yellow River.X2014.06.24",18.0933776855469,26,2014,"yellowr"
"Yellow River.X2014.07.01",20.5714050292969,27,2014,"yellowr"
"Yellow River.X2014.07.08",21.8711791992188,28,2014,"yellowr"
"Yellow River.X2014.07.15",22.0612426757813,29,2014,"yellowr"
"Yellow River.X2014.07.22",21.7662902832031,30,2014,"yellowr"
"Yellow River.X2014.07.29",22.5755249023438,31,2014,"yellowr"
"Yellow River.X2014.08.05",20.6660705566406,32,2014,"yellowr"
"Yellow River.X2014.08.12",22.4360290527344,33,2014,"yellowr"
"Yellow River.X2014.08.19",19.7845092773438,34,2014,"yellowr"
"Yellow River.X2014.08.26",18.6100708007813,35,2014,"yellowr"
"Yellow River.X2014.09.02",21.7034545898438,36,2014,"yellowr"
"Yellow River.X2014.09.09",19.4767700195313,37,2014,"yellowr"
"Yellow River.X2014.09.16",16.4905639648438,38,2014,"yellowr"
"Yellow River.X2014.09.23",17.5110107421875,39,2014,"yellowr"
"Yellow River.X2014.09.30",20.5835510253906,40,2014,"yellowr"
"Yellow River.X2014.10.07",12.9700256347656,41,2014,"yellowr"
"Yellow River.X2014.10.14",11.5203186035156,42,2014,"yellowr"
"Yellow River.X2014.10.21",10.519921875,43,2014,"yellowr"
"Yellow River.X2014.10.28",10.1188598632813,44,2014,"yellowr"
"Yellow River.X2014.11.04",13.2346435546875,45,2014,"yellowr"
"Yellow River.X2014.11.11",6.77993164062502,46,2014,"yellowr"
"Yellow River.X2014.11.18",4.95623168945315,47,2014,"yellowr"
"Yellow River.X2014.11.25",1.01693115234377,48,2014,"yellowr"
"Yellow River.X2014.12.02",1.4575134277344,49,2014,"yellowr"
"Yellow River.X2014.12.09",2.31148681640627,50,2014,"yellowr"
"Yellow River.X2014.12.16",1.11907348632815,51,2014,"yellowr"
"Yellow River.X2014.12.23",1.28338012695315,52,2014,"yellowr"
"Yellow River.X2014.12.30",1.43819580078127,53,2014,"yellowr"
"Yellow River.X2015.01.07",1.0747009277344,2,2015,"yellowr"
"Yellow River.X2015.01.14",0.901239013671898,3,2015,"yellowr"
"Yellow River.X2015.01.21",1.1232849121094,4,2015,"yellowr"
"Yellow River.X2015.01.28",1.14531860351565,5,2015,"yellowr"
"Yellow River.X2015.02.04",0.170251464843773,6,2015,"yellowr"
"Yellow River.X2015.02.11",0.736169433593773,7,2015,"yellowr"
"Yellow River.X2015.02.18",1.48162231445315,8,2015,"yellowr"
"Yellow River.X2015.02.25",0.272576904296898,9,2015,"yellowr"
"Yellow River.X2015.03.04",0.812921142578148,10,2015,"yellowr"
"Yellow River.X2015.03.11",0.417382812500023,11,2015,"yellowr"
"Yellow River.X2015.03.18",0.298699951171898,12,2015,"yellowr"
"Yellow River.X2015.03.25",3.13506469726565,13,2015,"yellowr"
"Yellow River.X2015.04.01",5.85933837890627,14,2015,"yellowr"
"Yellow River.X2015.04.08",5.67864379882815,15,2015,"yellowr"
"Yellow River.X2015.04.15",6.53408203125002,16,2015,"yellowr"
"Yellow River.X2015.04.22",7.7197204589844,17,2015,"yellowr"
"Yellow River.X2015.04.29",9.82784423828127,18,2015,"yellowr"
"Yellow River.X2015.05.06",12.4015747070313,19,2015,"yellowr"
"Yellow River.X2015.05.13",13.8818908691406,20,2015,"yellowr"
"Yellow River.X2015.05.20",16.3776489257813,21,2015,"yellowr"
"Yellow River.X2015.05.27",15.4970336914063,22,2015,"yellowr"
"Yellow River.X2015.06.03",17.1082702636719,23,2015,"yellowr"
"Yellow River.X2015.06.10",17.0786682128906,24,2015,"yellowr"
"Yellow River.X2015.06.17",19.7860046386719,25,2015,"yellowr"
"Yellow River.X2015.06.24",19.6272521972656,26,2015,"yellowr"
"Yellow River.X2015.07.01",19.6162963867188,27,2015,"yellowr"
"Yellow River.X2015.07.08",22.263330078125,28,2015,"yellowr"
"Yellow River.X2015.07.15",24.3555847167969,29,2015,"yellowr"
"Yellow River.X2015.07.22",25.5288635253906,30,2015,"yellowr"
"Yellow River.X2015.07.29",27.8988891601563,31,2015,"yellowr"
"Yellow River.X2015.08.05",25.1747680664063,32,2015,"yellowr"
"Yellow River.X2015.08.12",21.6721740722656,33,2015,"yellowr"
"Yellow River.X2015.08.19",21.3775268554688,34,2015,"yellowr"
"Yellow River.X2015.08.26",21.0701843261719,35,2015,"yellowr"
"Yellow River.X2015.09.02",19.0603576660156,36,2015,"yellowr"
"Yellow River.X2015.09.09",16.4774108886719,37,2015,"yellowr"
"Yellow River.X2015.09.16",17.2617126464844,38,2015,"yellowr"
"Yellow River.X2015.09.23",15.8610473632813,39,2015,"yellowr"
"Yellow River.X2015.09.30",12.6245666503906,40,2015,"yellowr"
"Yellow River.X2015.10.07",10.6445556640625,41,2015,"yellowr"
"Yellow River.X2015.10.14",8.93221435546877,42,2015,"yellowr"
"Yellow River.X2015.10.21",11.0484558105469,43,2015,"yellowr"
"Yellow River.X2015.10.28",6.67730102539065,44,2015,"yellowr"
"Yellow River.X2015.11.04",2.25249633789065,45,2015,"yellowr"
"Yellow River.X2015.11.11",10.3213134765625,46,2015,"yellowr"
"Yellow River.X2015.11.18",9.16420898437502,47,2015,"yellowr"
"Yellow River.X2015.11.25",5.42824707031252,48,2015,"yellowr"
"Yellow River.X2015.12.02",6.26613769531252,49,2015,"yellowr"
"Yellow River.X2015.12.09",4.97908935546877,50,2015,"yellowr"
"Yellow River.X2015.12.16",3.65545043945315,51,2015,"yellowr"
"Yellow River.X2015.12.23",1.53804931640627,52,2015,"yellowr"
"Yellow River.X2015.12.30",2.0690856933594,53,2015,"yellowr"
"Yellow River.X2016.01.07",3.1602722167969,2,2016,"yellowr"
"Yellow River.X2016.01.14",1.5316101074219,3,2016,"yellowr"
"Yellow River.X2016.01.21",0.983666992187523,4,2016,"yellowr"
"Yellow River.X2016.01.28",0.723382568359398,5,2016,"yellowr"
"Yellow River.X2016.02.04",0.304376220703148,6,2016,"yellowr"
"Yellow River.X2016.02.11",0.100000000000023,7,2016,"yellowr"
"Yellow River.X2016.02.18",1.08358154296877,8,2016,"yellowr"
"Yellow River.X2016.02.25",2.98381958007815,9,2016,"yellowr"
"Yellow River.X2016.03.03",4.34539184570315,10,2016,"yellowr"
"Yellow River.X2016.03.10",3.79268798828127,11,2016,"yellowr"
"Yellow River.X2016.03.17",5.0789733886719,12,2016,"yellowr"
"Yellow River.X2016.03.24",5.08562622070315,13,2016,"yellowr"
"Yellow River.X2016.03.31",6.00313720703127,14,2016,"yellowr"
"Yellow River.X2016.04.07",3.42461547851565,15,2016,"yellowr"
"Yellow River.X2016.04.14",6.84136352539065,16,2016,"yellowr"
"Yellow River.X2016.04.21",11.929833984375,17,2016,"yellowr"
"Yellow River.X2016.04.28",10.583154296875,18,2016,"yellowr"
"Yellow River.X2016.05.05",8.1583190917969,19,2016,"yellowr"
"Yellow River.X2016.05.12",12.1476684570313,20,2016,"yellowr"
"Yellow River.X2016.05.19",16.8986450195313,21,2016,"yellowr"
"Yellow River.X2016.05.26",16.3570495605469,22,2016,"yellowr"
"Yellow River.X2016.06.02",24.0413452148438,23,2016,"yellowr"
"Yellow River.X2016.06.09",19.9449401855469,24,2016,"yellowr"
"Yellow River.X2016.06.16",18.2685485839844,25,2016,"yellowr"
"Yellow River.X2016.06.23",20.9987121582031,26,2016,"yellowr"
"Yellow River.X2016.06.30",24.3285766601563,27,2016,"yellowr"
"Yellow River.X2016.07.07",23.2969909667969,28,2016,"yellowr"
"Yellow River.X2016.07.14",24.7473693847656,29,2016,"yellowr"
"Yellow River.X2016.07.21",24.5817199707031,30,2016,"yellowr"
"Yellow River.X2016.07.28",23.465478515625,31,2016,"yellowr"
"Yellow River.X2016.08.04",23.3135925292969,32,2016,"yellowr"
"Yellow River.X2016.08.11",24.5173278808594,33,2016,"yellowr"
"Yellow River.X2016.08.18",22.3769165039063,34,2016,"yellowr"
"Yellow River.X2016.08.25",23.1715942382813,35,2016,"yellowr"
"Yellow River.X2016.09.01",23.82900390625,36,2016,"yellowr"
"Yellow River.X2016.09.08",20.0919128417969,37,2016,"yellowr"
"Yellow River.X2016.09.15",23.0501037597656,38,2016,"yellowr"
"Yellow River.X2016.09.22",17.9335876464844,39,2016,"yellowr"
"Yellow River.X2016.09.29",17.6175170898438,40,2016,"yellowr"
"Yellow River.X2016.10.06",18.7888122558594,41,2016,"yellowr"
"Yellow River.X2016.10.13",14.3125244140625,42,2016,"yellowr"
"Yellow River.X2016.10.20",14.5774475097656,43,2016,"yellowr"
"Yellow River.X2016.10.27",11.6183410644531,44,2016,"yellowr"
"Yellow River.X2016.11.03",6.92278442382815,45,2016,"yellowr"
"Yellow River.X2016.11.10",6.76632080078127,46,2016,"yellowr"
"Yellow River.X2016.11.17",8.72615966796877,47,2016,"yellowr"
"Yellow River.X2016.11.24",7.5400329589844,48,2016,"yellowr"
"Yellow River.X2016.12.01",1.34475097656252,49,2016,"yellowr"
"Yellow River.X2016.12.08",5.82500610351565,50,2016,"yellowr"
"Yellow River.X2016.12.15",3.27700195312502,51,2016,"yellowr"
"Yellow River.X2016.12.22",3.9927917480469,52,2016,"yellowr"
"Yellow River.X2016.12.29",2.22854003906252,53,2016,"yellowr"
"Yellow River.X2017.01.07",0.532922363281273,2,2017,"yellowr"
"Yellow River.X2017.01.14",0.389276123046898,3,2017,"yellowr"
"Yellow River.X2017.01.21",0.958734130859398,4,2017,"yellowr"
"Yellow River.X2017.01.28",2.32747802734377,5,2017,"yellowr"
"Yellow River.X2017.02.04",1.2607360839844,6,2017,"yellowr"
"Yellow River.X2017.02.11",1.19295654296877,7,2017,"yellowr"
"Yellow River.X2017.02.18",1.00286254882815,8,2017,"yellowr"
"Yellow River.X2017.02.25",5.39656982421877,9,2017,"yellowr"
"Yellow River.X2017.03.04",2.75362548828127,10,2017,"yellowr"
"Yellow River.X2017.03.11",4.04061279296877,11,2017,"yellowr"
"Yellow River.X2017.03.18",5.25759277343752,12,2017,"yellowr"
"Yellow River.X2017.03.25",10.3931213378906,13,2017,"yellowr"
"Yellow River.X2017.04.01",8.43572387695315,14,2017,"yellowr"
"Yellow River.X2017.04.08",8.83321533203127,15,2017,"yellowr"
"Yellow River.X2017.04.15",6.3474060058594,16,2017,"yellowr"
"Yellow River.X2017.04.22",7.92873535156252,17,2017,"yellowr"
"Yellow River.X2017.04.29",11.0847717285156,18,2017,"yellowr"
"Yellow River.X2017.05.06",12.3996826171875,19,2017,"yellowr"
"Yellow River.X2017.05.13",12.4648681640625,20,2017,"yellowr"
"Yellow River.X2017.05.20",11.7598510742188,21,2017,"yellowr"
"Yellow River.X2017.05.27",13.2112365722656,22,2017,"yellowr"
"Yellow River.X2017.06.03",14.0360961914063,23,2017,"yellowr"
"Yellow River.X2017.06.10",13.6137329101563,24,2017,"yellowr"
"Yellow River.X2017.06.17",13.1476989746094,25,2017,"yellowr"
"Yellow River.X2017.06.24",15.9870239257813,26,2017,"yellowr"
"Yellow River.X2017.07.01",16.6936889648438,27,2017,"yellowr"
"Yellow River.X2017.07.08",23.8915649414063,28,2017,"yellowr"
"Yellow River.X2017.07.15",22.9892517089844,29,2017,"yellowr"
"Yellow River.X2017.07.22",22.4006286621094,30,2017,"yellowr"
"Yellow River.X2017.07.29",21.5031677246094,31,2017,"yellowr"
"Yellow River.X2017.08.05",19.6500793457031,32,2017,"yellowr"
"Yellow River.X2017.08.12",19.2059875488281,33,2017,"yellowr"
"Yellow River.X2017.08.19",23.1046691894531,34,2017,"yellowr"
"Yellow River.X2017.08.26",23.098779296875,35,2017,"yellowr"
"Yellow River.X2017.09.02",23.7513366699219,36,2017,"yellowr"
"Yellow River.X2017.09.09",23.9215026855469,37,2017,"yellowr"
"Yellow River.X2017.09.16",20.055322265625,38,2017,"yellowr"
"Yellow River.X2017.09.23",15.0766235351563,39,2017,"yellowr"
"Yellow River.X2017.09.30",13.3753601074219,40,2017,"yellowr"
"Yellow River.X2017.10.07",13.2432189941406,41,2017,"yellowr"
"Yellow River.X2017.10.14",14.6243530273438,42,2017,"yellowr"
"Yellow River.X2017.10.21",10.6380249023438,43,2017,"yellowr"
"Yellow River.X2017.10.28",8.09432373046877,44,2017,"yellowr"
"Yellow River.X2017.11.04",9.8873229980469,45,2017,"yellowr"
"Yellow River.X2017.11.11",7.98894653320315,46,2017,"yellowr"
"Yellow River.X2017.11.18",4.55022583007815,47,2017,"yellowr"
"Yellow River.X2017.11.25",3.84697875976565,48,2017,"yellowr"
"Yellow River.X2017.12.02",1.78814086914065,49,2017,"yellowr"
"Yellow River.X2017.12.09",0.915582275390648,50,2017,"yellowr"
"Yellow River.X2017.12.16",5.2112976074219,51,2017,"yellowr"
"Yellow River.X2017.12.23",2.87337646484377,52,2017,"yellowr"
"Yellow River.X2017.12.30",3.66668090820315,53,2017,"yellowr"
"Yellow River.X2018.01.07",2.5972839355469,2,2018,"yellowr"
"Yellow River.X2018.01.14",1.70098266601565,3,2018,"yellowr"
"Yellow River.X2018.01.21",2.6209655761719,4,2018,"yellowr"
"Yellow River.X2018.01.28",2.52364501953127,5,2018,"yellowr"
"Yellow River.X2018.02.04",1.82558593750002,6,2018,"yellowr"
"Yellow River.X2018.02.11",1.9837585449219,7,2018,"yellowr"
"Yellow River.X2018.02.18",2.93181762695315,8,2018,"yellowr"
"Yellow River.X2018.02.25",3.97954711914065,9,2018,"yellowr"
"Yellow River.X2018.03.04",1.25786743164065,10,2018,"yellowr"
"Yellow River.X2018.03.11",0.734582519531273,11,2018,"yellowr"
"Yellow River.X2018.03.18",0.126428222656273,12,2018,"yellowr"
"Yellow River.X2018.03.25",0.227685546875023,13,2018,"yellowr"
"Yellow River.X2018.04.01",3.49093017578127,14,2018,"yellowr"
"Yellow River.X2018.04.08",3.64663085937502,15,2018,"yellowr"
"Yellow River.X2018.04.15",5.2683044433594,16,2018,"yellowr"
"Yellow River.X2018.04.22",3.85830078125002,17,2018,"yellowr"
"Yellow River.X2018.04.29",6.41045532226565,18,2018,"yellowr"
"Yellow River.X2018.05.06",7.1342712402344,19,2018,"yellowr"
"Yellow River.X2018.05.13",12.3751770019531,20,2018,"yellowr"
"Yellow River.X2018.05.20",13.9013305664063,21,2018,"yellowr"
"Yellow River.X2018.05.27",17.9288269042969,22,2018,"yellowr"
"Yellow River.X2018.06.03",15.8644958496094,23,2018,"yellowr"
"Yellow River.X2018.06.10",15.8922668457031,24,2018,"yellowr"
"Yellow River.X2018.06.17",17.7955261230469,25,2018,"yellowr"
"Yellow River.X2018.06.24",17.5686584472656,26,2018,"yellowr"
"Yellow River.X2018.07.01",18.4008422851563,27,2018,"yellowr"
"Yellow River.X2018.07.08",19.7480407714844,28,2018,"yellowr"
"Yellow River.X2018.07.15",19.074609375,29,2018,"yellowr"
"Yellow River.X2018.07.22",20.6535278320313,30,2018,"yellowr"
"Yellow River.X2018.07.29",20.6152893066406,31,2018,"yellowr"
"Yellow River.X2018.08.05",23.2131896972656,32,2018,"yellowr"
"Yellow River.X2018.08.12",20.0059753417969,33,2018,"yellowr"
"Yellow River.X2018.08.19",19.941796875,34,2018,"yellowr"
"Yellow River.X2018.08.26",20.9284301757813,35,2018,"yellowr"
"Yellow River.X2018.09.02",19.5435424804688,36,2018,"yellowr"
"Yellow River.X2018.09.09",16.2229858398438,37,2018,"yellowr"
"Yellow River.X2018.09.16",17.101708984375,38,2018,"yellowr"
"Yellow River.X2018.09.23",17.19375,39,2018,"yellowr"
"Yellow River.X2018.09.30",18.9128356933594,40,2018,"yellowr"
"Yellow River.X2018.10.07",17.1992736816406,41,2018,"yellowr"
"Yellow River.X2018.10.14",12.0618530273438,42,2018,"yellowr"
"Yellow River.X2018.10.21",13.7314697265625,43,2018,"yellowr"
"Yellow River.X2018.10.28",8.82076416015627,44,2018,"yellowr"
"Yellow River.X2018.11.04",3.7206970214844,45,2018,"yellowr"
"Yellow River.X2018.11.11",6.97286376953127,46,2018,"yellowr"
"Yellow River.X2018.11.18",4.05523071289065,47,2018,"yellowr"
"Yellow River.X2018.11.25",5.9381042480469,48,2018,"yellowr"
"Yellow River.X2018.12.02",1.5499206542969,49,2018,"yellowr"
"Yellow River.X2018.12.09",4.35177001953127,50,2018,"yellowr"
"Yellow River.X2018.12.16",2.42519531250002,51,2018,"yellowr"
"Yellow River.X2018.12.23",1.75924072265627,52,2018,"yellowr"
"Yellow River.X2018.12.30",2.6667419433594,53,2018,"yellowr"
"Yellow River.X2019.01.07",2.51357421875002,2,2019,"yellowr"
"Yellow River.X2019.01.14",2.6490417480469,3,2019,"yellowr"
"Yellow River.X2019.01.21",2.33028564453127,4,2019,"yellowr"
"Yellow River.X2019.01.28",0.274713134765648,5,2019,"yellowr"
"Yellow River.X2019.02.04",0.731530761718773,6,2019,"yellowr"
"Yellow River.X2019.02.11",0.299554443359398,7,2019,"yellowr"
"Yellow River.X2019.02.18",0.528649902343773,8,2019,"yellowr"
"Yellow River.X2019.02.25",1.4333435058594,9,2019,"yellowr"
"Yellow River.X2019.03.04",1.38067016601565,10,2019,"yellowr"
"Yellow River.X2019.03.11",0.100000000000023,11,2019,"yellowr"
"Yellow River.X2019.03.18",0.216851806640648,12,2019,"yellowr"
"Yellow River.X2019.03.25",4.06795654296877,13,2019,"yellowr"
"Yellow River.X2019.04.01",8.72182617187502,14,2019,"yellowr"
"Yellow River.X2019.04.08",9.16671142578127,15,2019,"yellowr"
"Yellow River.X2019.04.15",13.0635314941406,16,2019,"yellowr"
"Yellow River.X2019.04.22",12.1294799804688,17,2019,"yellowr"
"Yellow River.X2019.04.29",12.5125061035156,18,2019,"yellowr"
"Yellow River.X2019.05.06",13.1839538574219,19,2019,"yellowr"
"Yellow River.X2019.05.13",12.7419067382813,20,2019,"yellowr"
"Yellow River.X2019.05.20",17.3719421386719,21,2019,"yellowr"
"Yellow River.X2019.05.27",16.586083984375,22,2019,"yellowr"
"Yellow River.X2019.06.03",16.7775817871094,23,2019,"yellowr"
"Yellow River.X2019.06.10",20.2794738769531,24,2019,"yellowr"
"Yellow River.X2019.06.17",20.952294921875,25,2019,"yellowr"
"Yellow River.X2019.06.24",19.7323547363281,26,2019,"yellowr"
"Yellow River.X2019.07.01",22.9359985351563,27,2019,"yellowr"
"Yellow River.X2019.07.08",26.89833984375,28,2019,"yellowr"
"Yellow River.X2019.07.15",24.3657775878906,29,2019,"yellowr"
"Yellow River.X2019.07.22",22.6805358886719,30,2019,"yellowr"
"Yellow River.X2019.07.29",21.7523132324219,31,2019,"yellowr"
"Yellow River.X2019.08.05",23.5511413574219,32,2019,"yellowr"
"Yellow River.X2019.08.12",22.4045959472656,33,2019,"yellowr"
"Yellow River.X2019.08.19",20.5706420898438,34,2019,"yellowr"
"Yellow River.X2019.08.26",20.8348022460938,35,2019,"yellowr"
"Yellow River.X2019.09.02",20.3891540527344,36,2019,"yellowr"
"Yellow River.X2019.09.09",19.9157653808594,37,2019,"yellowr"
"Yellow River.X2019.09.16",20.4788146972656,38,2019,"yellowr"
"Yellow River.X2019.09.23",15.8749633789063,39,2019,"yellowr"
"Yellow River.X2019.09.30",14.6401916503906,40,2019,"yellowr"
"Yellow River.X2019.10.07",14.1205688476563,41,2019,"yellowr"
"Yellow River.X2019.10.14",11.5295043945313,42,2019,"yellowr"
"Yellow River.X2019.10.21",12.0721069335938,43,2019,"yellowr"
"Yellow River.X2019.10.28",8.01351318359377,44,2019,"yellowr"
"Yellow River.X2019.11.04",8.84075317382815,45,2019,"yellowr"
"Yellow River.X2019.11.11",9.84707031250002,46,2019,"yellowr"
"Yellow River.X2019.11.18",3.38021240234377,47,2019,"yellowr"
"Yellow River.X2019.11.25",3.7044616699219,48,2019,"yellowr"
"Yellow River.X2019.12.02",1.17000732421877,49,2019,"yellowr"
"Yellow River.X2019.12.09",3.4156433105469,50,2019,"yellowr"
"Yellow River.X2019.12.16",1.73577270507815,51,2019,"yellowr"
"Yellow River.X2019.12.23",0.676690673828148,52,2019,"yellowr"
"Yellow River.X2019.12.30",4.03896484375002,53,2019,"yellowr"
