"","location","year","date","julian","water","air","dmean_1","dmean_2","dmean_3","dmean_4","dmean_5","dmean_6","cair","X.1","X","n_days","expected_days","complete"
"1","allegheny",2012,2012-04-01,92,7.1,4.45,6.35,1.65,13.3,3.3,-0.6,8.6,5.29285714285714,3,3,112,112,TRUE
"2","allegheny",2012,2012-04-02,93,7.4,5.85,4.45,6.35,1.65,13.3,3.3,-0.6,4.9,3,3,112,112,TRUE
"3","allegheny",2012,2012-04-03,94,7.5,4.7,5.85,4.45,6.35,1.65,13.3,3.3,5.65714285714286,3,3,112,112,TRUE
"4","allegheny",2012,2012-04-04,95,8.1,8.05,4.7,5.85,4.45,6.35,1.65,13.3,6.33571428571429,3,3,112,112,TRUE
"5","allegheny",2012,2012-04-05,96,7.5,6.7,8.05,4.7,5.85,4.45,6.35,1.65,5.39285714285714,3,3,112,112,TRUE
"6","allegheny",2012,2012-04-06,97,7.9,3.6,6.7,8.05,4.7,5.85,4.45,6.35,5.67142857142857,3,3,112,112,TRUE
"7","allegheny",2012,2012-04-07,98,8,4.2,3.6,6.7,8.05,4.7,5.85,4.45,5.36428571428571,3,3,112,112,TRUE
"8","allegheny",2012,2012-04-08,99,7.3,5,4.2,3.6,6.7,8.05,4.7,5.85,5.44285714285714,3,3,112,112,TRUE
"9","allegheny",2012,2012-04-09,100,8.1,6.95,5,4.2,3.6,6.7,8.05,4.7,5.6,3,3,112,112,TRUE
"10","allegheny",2012,2012-04-10,101,7.6,7.8,6.95,5,4.2,3.6,6.7,8.05,6.04285714285714,3,3,112,112,TRUE
"11","allegheny",2012,2012-04-11,102,7.4,3.65,7.8,6.95,5,4.2,3.6,6.7,5.41428571428571,3,3,112,112,TRUE
"12","allegheny",2012,2012-04-12,103,7.6,3.05,3.65,7.8,6.95,5,4.2,3.6,4.89285714285714,3,3,112,112,TRUE
"13","allegheny",2012,2012-04-13,104,7.8,4.45,3.05,3.65,7.8,6.95,5,4.2,5.01428571428571,3,3,112,112,TRUE
"14","allegheny",2012,2012-04-14,105,7.9,7.8,4.45,3.05,3.65,7.8,6.95,5,5.52857142857143,3,3,112,112,TRUE
"15","allegheny",2012,2012-04-15,106,8.1,8.65,7.8,4.45,3.05,3.65,7.8,6.95,6.05,3,3,112,112,TRUE
"16","allegheny",2012,2012-04-16,107,8.3,17.8,8.65,7.8,4.45,3.05,3.65,7.8,7.6,3,3,112,112,TRUE
"17","allegheny",2012,2012-04-17,108,8.1,16.95,17.8,8.65,7.8,4.45,3.05,3.65,8.90714285714286,3,3,112,112,TRUE
"18","allegheny",2012,2012-04-18,109,8.2,7.8,16.95,17.8,8.65,7.8,4.45,3.05,9.5,3,3,112,112,TRUE
"19","allegheny",2012,2012-04-19,110,8.7,9.15,7.8,16.95,17.8,8.65,7.8,4.45,10.3714285714286,3,3,112,112,TRUE
"20","allegheny",2012,2012-04-20,111,8.5,12.25,9.15,7.8,16.95,17.8,8.65,7.8,11.4857142857143,3,3,112,112,TRUE
"21","allegheny",2012,2012-04-21,112,7.8,17.8,12.25,9.15,7.8,16.95,17.8,8.65,12.9142857142857,3,3,112,112,TRUE
"22","allegheny",2012,2012-04-22,113,8.3,5.8,17.8,12.25,9.15,7.8,16.95,17.8,12.5071428571429,3,3,112,112,TRUE
"23","allegheny",2012,2012-04-23,114,8.7,3.6,5.8,17.8,12.25,9.15,7.8,16.95,10.4785714285714,3,3,112,112,TRUE
"24","allegheny",2012,2012-04-24,115,8.8,1.1,3.6,5.8,17.8,12.25,9.15,7.8,8.21428571428572,3,3,112,112,TRUE
"25","allegheny",2012,2012-04-25,116,8.9,3.05,1.1,3.6,5.8,17.8,12.25,9.15,7.53571428571429,3,3,112,112,TRUE
"26","allegheny",2012,2012-04-26,117,8.8,7.5,3.05,1.1,3.6,5.8,17.8,12.25,7.3,3,3,112,112,TRUE
"27","allegheny",2012,2012-04-27,118,8.6,10.55,7.5,3.05,1.1,3.6,5.8,17.8,7.05714285714286,3,3,112,112,TRUE
"28","allegheny",2012,2012-04-28,119,8.6,3.05,10.55,7.5,3.05,1.1,3.6,5.8,4.95,3,3,112,112,TRUE
"29","allegheny",2012,2012-04-29,120,9,3.9,3.05,10.55,7.5,3.05,1.1,3.6,4.67857142857143,3,3,112,112,TRUE
"30","allegheny",2012,2012-04-30,121,9.3,6.1,3.9,3.05,10.55,7.5,3.05,1.1,5.03571428571429,3,3,112,112,TRUE
"31","allegheny",2012,2012-05-01,122,9.3,8.6,6.1,3.9,3.05,10.55,7.5,3.05,6.10714285714286,3,3,112,112,TRUE
"32","allegheny",2012,2012-05-02,123,9.2,14.75,8.6,6.1,3.9,3.05,10.55,7.5,7.77857142857143,3,3,112,112,TRUE
"33","allegheny",2012,2012-05-03,124,9.3,15.85,14.75,8.6,6.1,3.9,3.05,10.55,8.97142857142857,3,3,112,112,TRUE
"34","allegheny",2012,2012-05-04,125,9.3,22.5,15.85,14.75,8.6,6.1,3.9,3.05,10.6785714285714,3,3,112,112,TRUE
"35","allegheny",2012,2012-05-05,126,10,21.4,22.5,15.85,14.75,8.6,6.1,3.9,13.3,3,3,112,112,TRUE
"36","allegheny",2012,2012-05-06,127,11.3,15.55,21.4,22.5,15.85,14.75,8.6,6.1,14.9642857142857,3,3,112,112,TRUE
"37","allegheny",2012,2012-05-07,128,11.1,15.25,15.55,21.4,22.5,15.85,14.75,8.6,16.2714285714286,3,3,112,112,TRUE
"38","allegheny",2012,2012-05-08,129,9.8,16.1,15.25,15.55,21.4,22.5,15.85,14.75,17.3428571428571,3,3,112,112,TRUE
"39","allegheny",2012,2012-05-09,130,9.8,14.75,16.1,15.25,15.55,21.4,22.5,15.85,17.3428571428571,3,3,112,112,TRUE
"40","allegheny",2012,2012-05-10,131,9.9,12.75,14.75,16.1,15.25,15.55,21.4,22.5,16.9,3,3,112,112,TRUE
"41","allegheny",2012,2012-05-11,132,10.4,8.35,12.75,14.75,16.1,15.25,15.55,21.4,14.8785714285714,3,3,112,112,TRUE
"42","allegheny",2012,2012-05-12,133,10.4,11.4,8.35,12.75,14.75,16.1,15.25,15.55,13.45,3,3,112,112,TRUE
"43","allegheny",2012,2012-05-13,134,10.1,15.3,11.4,8.35,12.75,14.75,16.1,15.25,13.4142857142857,3,3,112,112,TRUE
"44","allegheny",2012,2012-05-14,135,10.7,17.5,15.3,11.4,8.35,12.75,14.75,16.1,13.7357142857143,3,3,112,112,TRUE
"45","allegheny",2012,2012-05-15,136,11.1,15.8,17.5,15.3,11.4,8.35,12.75,14.75,13.6928571428571,3,3,112,112,TRUE
"46","allegheny",2012,2012-05-16,137,12,17.2,15.8,17.5,15.3,11.4,8.35,12.75,14.0428571428571,3,3,112,112,TRUE
"47","allegheny",2012,2012-05-17,138,13.5,12.75,17.2,15.8,17.5,15.3,11.4,8.35,14.0428571428571,3,3,112,112,TRUE
"48","allegheny",2012,2012-05-18,139,13.9,10.55,12.75,17.2,15.8,17.5,15.3,11.4,14.3571428571429,3,3,112,112,TRUE
"49","allegheny",2012,2012-05-19,140,13.9,15,10.55,12.75,17.2,15.8,17.5,15.3,14.8714285714286,3,3,112,112,TRUE
"50","allegheny",2012,2012-05-20,141,14.2,20,15,10.55,12.75,17.2,15.8,17.5,15.5428571428571,3,3,112,112,TRUE
"51","allegheny",2012,2012-05-21,142,13.7,21.4,20,15,10.55,12.75,17.2,15.8,16.1,3,3,112,112,TRUE
"52","allegheny",2012,2012-05-22,143,13.8,19.75,21.4,20,15,10.55,12.75,17.2,16.6642857142857,3,3,112,112,TRUE
"53","allegheny",2012,2012-05-23,144,14.9,19.45,19.75,21.4,20,15,10.55,12.75,16.9857142857143,3,3,112,112,TRUE
"54","allegheny",2012,2012-05-24,145,15.2,20.55,19.45,19.75,21.4,20,15,10.55,18.1,3,3,112,112,TRUE
"55","allegheny",2012,2012-05-25,146,13.5,21.65,20.55,19.45,19.75,21.4,20,15,19.6857142857143,3,3,112,112,TRUE
"56","allegheny",2012,2012-05-26,147,14.6,24.45,21.65,20.55,19.45,19.75,21.4,20,21.0357142857143,3,3,112,112,TRUE
"57","allegheny",2012,2012-05-27,148,16.9,21.65,24.45,21.65,20.55,19.45,19.75,21.4,21.2714285714286,3,3,112,112,TRUE
"58","allegheny",2012,2012-05-28,149,15.6,23.05,21.65,24.45,21.65,20.55,19.45,19.75,21.5071428571429,3,3,112,112,TRUE
"59","allegheny",2012,2012-05-29,150,14.4,23.35,23.05,21.65,24.45,21.65,20.55,19.45,22.0214285714286,3,3,112,112,TRUE
"60","allegheny",2012,2012-05-30,151,15.6,22.2,23.35,23.05,21.65,24.45,21.65,20.55,22.4142857142857,3,3,112,112,TRUE
"61","allegheny",2012,2012-05-31,152,17,17.5,22.2,23.35,23.05,21.65,24.45,21.65,21.9785714285714,3,3,112,112,TRUE
"62","allegheny",2012,2012-06-01,153,17.2,15.55,17.5,22.2,23.35,23.05,21.65,24.45,21.1071428571429,3,3,112,112,TRUE
"63","allegheny",2012,2012-06-02,154,13,15.6,15.55,17.5,22.2,23.35,23.05,21.65,19.8428571428571,3,3,112,112,TRUE
"64","allegheny",2012,2012-06-03,155,14.3,14.45,15.6,15.55,17.5,22.2,23.35,23.05,18.8142857142857,3,3,112,112,TRUE
"65","allegheny",2012,2012-06-04,156,15.6,15.3,14.45,15.6,15.55,17.5,22.2,23.35,17.7071428571429,3,3,112,112,TRUE
"66","allegheny",2012,2012-06-05,157,17.2,13.35,15.3,14.45,15.6,15.55,17.5,22.2,16.2785714285714,3,3,112,112,TRUE
"67","allegheny",2012,2012-06-06,158,16.5,12.75,13.35,15.3,14.45,15.6,15.55,17.5,14.9285714285714,3,3,112,112,TRUE
"68","allegheny",2012,2012-06-07,159,15.6,14.7,12.75,13.35,15.3,14.45,15.6,15.55,14.5285714285714,3,3,112,112,TRUE
"69","allegheny",2012,2012-06-08,160,15.9,15.85,14.7,12.75,13.35,15.3,14.45,15.6,14.5714285714286,3,3,112,112,TRUE
"70","allegheny",2012,2012-06-09,161,15.9,17.5,15.85,14.7,12.75,13.35,15.3,14.45,14.8428571428571,3,3,112,112,TRUE
"71","allegheny",2012,2012-06-10,162,15.9,20,17.5,15.85,14.7,12.75,13.35,15.3,15.6357142857143,3,3,112,112,TRUE
"72","allegheny",2012,2012-06-11,163,16.2,22.8,20,17.5,15.85,14.7,12.75,13.35,16.7071428571429,3,3,112,112,TRUE
"73","allegheny",2012,2012-06-12,164,15.8,21.1,22.8,20,17.5,15.85,14.7,12.75,17.8142857142857,3,3,112,112,TRUE
"74","allegheny",2012,2012-06-13,165,17.5,16.95,21.1,22.8,20,17.5,15.85,14.7,18.4142857142857,3,3,112,112,TRUE
"75","allegheny",2012,2012-06-14,166,18,14.45,16.95,21.1,22.8,20,17.5,15.85,18.3785714285714,3,3,112,112,TRUE
"76","allegheny",2012,2012-06-15,167,17.4,17.2,14.45,16.95,21.1,22.8,20,17.5,18.5714285714286,3,3,112,112,TRUE
"77","allegheny",2012,2012-06-16,168,16.8,19.2,17.2,14.45,16.95,21.1,22.8,20,18.8142857142857,3,3,112,112,TRUE
"78","allegheny",2012,2012-06-17,169,16.7,19.45,19.2,17.2,14.45,16.95,21.1,22.8,18.7357142857143,3,3,112,112,TRUE
"79","allegheny",2012,2012-06-18,170,16.4,21.4,19.45,19.2,17.2,14.45,16.95,21.1,18.5357142857143,3,3,112,112,TRUE
"80","allegheny",2012,2012-06-19,171,17.6,21.65,21.4,19.45,19.2,17.2,14.45,16.95,18.6142857142857,3,3,112,112,TRUE
"81","allegheny",2012,2012-06-20,172,17.8,25,21.65,21.4,19.45,19.2,17.2,14.45,19.7642857142857,3,3,112,112,TRUE
"82","allegheny",2012,2012-06-21,173,17.8,25.25,25,21.65,21.4,19.45,19.2,17.2,21.3071428571429,3,3,112,112,TRUE
"83","allegheny",2012,2012-06-22,174,18.4,25,25.25,25,21.65,21.4,19.45,19.2,22.4214285714286,3,3,112,112,TRUE
"84","allegheny",2012,2012-06-23,175,19.7,20.55,25,25.25,25,21.65,21.4,19.45,22.6142857142857,3,3,112,112,TRUE
"85","allegheny",2012,2012-06-24,176,19.1,18.9,20.55,25,25.25,25,21.65,21.4,22.5357142857143,3,3,112,112,TRUE
"86","allegheny",2012,2012-06-25,177,18.5,19.15,18.9,20.55,25,25.25,25,21.65,22.2142857142857,3,3,112,112,TRUE
"87","allegheny",2012,2012-06-26,178,21.1,15,19.15,18.9,20.55,25,25.25,25,21.2642857142857,3,3,112,112,TRUE
"88","allegheny",2012,2012-06-27,179,20.3,16.1,15,19.15,18.9,20.55,25,25.25,19.9928571428571,3,3,112,112,TRUE
"89","allegheny",2012,2012-06-28,180,18.9,19.2,16.1,15,19.15,18.9,20.55,25,19.1285714285714,3,3,112,112,TRUE
"90","allegheny",2012,2012-06-29,181,18.8,23.3,19.2,16.1,15,19.15,18.9,20.55,18.8857142857143,3,3,112,112,TRUE
"91","allegheny",2012,2012-06-30,182,18.7,23.9,23.3,19.2,16.1,15,19.15,18.9,19.3642857142857,3,3,112,112,TRUE
"92","allegheny",2012,2012-07-01,183,19.1,23.05,23.9,23.3,19.2,16.1,15,19.15,19.9571428571429,3,3,112,112,TRUE
"93","allegheny",2012,2012-07-02,184,19.7,22.2,23.05,23.9,23.3,19.2,16.1,15,20.3928571428571,3,3,112,112,TRUE
"94","allegheny",2012,2012-07-03,185,19.8,22.2,22.2,23.05,23.9,23.3,19.2,16.1,21.4214285714286,3,3,112,112,TRUE
"95","allegheny",2012,2012-07-04,186,18.8,22.5,22.2,22.2,23.05,23.9,23.3,19.2,22.3357142857143,3,3,112,112,TRUE
"96","allegheny",2012,2012-07-05,187,20.1,23.1,22.5,22.2,22.2,23.05,23.9,23.3,22.8928571428571,3,3,112,112,TRUE
"97","allegheny",2012,2012-07-06,188,20.6,24.2,23.1,22.5,22.2,22.2,23.05,23.9,23.0214285714286,3,3,112,112,TRUE
"98","allegheny",2012,2012-07-07,189,20,26.1,24.2,23.1,22.5,22.2,22.2,23.05,23.3357142857143,3,3,112,112,TRUE
"99","allegheny",2012,2012-07-08,190,21.9,26.95,26.1,24.2,23.1,22.5,22.2,22.2,23.8928571428571,3,3,112,112,TRUE
"100","allegheny",2012,2012-07-09,191,22.2,22.5,26.95,26.1,24.2,23.1,22.5,22.2,23.9357142857143,3,3,112,112,TRUE
"101","allegheny",2012,2012-07-10,192,21.5,20.8,22.5,26.95,26.1,24.2,23.1,22.5,23.7357142857143,3,3,112,112,TRUE
"102","allegheny",2012,2012-07-11,193,21.5,20,20.8,22.5,26.95,26.1,24.2,23.1,23.3785714285714,3,3,112,112,TRUE
"103","allegheny",2012,2012-07-12,194,20.7,21.15,20,20.8,22.5,26.95,26.1,24.2,23.1,3,3,112,112,TRUE
"104","allegheny",2012,2012-07-13,195,20.8,23.9,21.15,20,20.8,22.5,26.95,26.1,23.0571428571429,3,3,112,112,TRUE
"105","allegheny",2012,2012-07-14,196,20.4,23.6,23.9,21.15,20,20.8,22.5,26.95,22.7,3,3,112,112,TRUE
"106","allegheny",2012,2012-07-15,197,20.1,21.7,23.6,23.9,21.15,20,20.8,22.5,21.95,3,3,112,112,TRUE
"107","allegheny",2012,2012-07-16,198,21,22.75,21.7,23.6,23.9,21.15,20,20.8,21.9857142857143,3,3,112,112,TRUE
"108","allegheny",2012,2012-07-17,199,21,24.2,22.75,21.7,23.6,23.9,21.15,20,22.4714285714286,3,3,112,112,TRUE
"109","allegheny",2012,2012-07-18,200,20.8,25.85,24.2,22.75,21.7,23.6,23.9,21.15,23.3071428571429,3,3,112,112,TRUE
"110","allegheny",2012,2012-07-19,201,22.5,25.3,25.85,24.2,22.75,21.7,23.6,23.9,23.9,3,3,112,112,TRUE
"111","allegheny",2012,2012-07-20,202,22.6,21.65,25.3,25.85,24.2,22.75,21.7,23.6,23.5785714285714,3,3,112,112,TRUE
"112","allegheny",2012,2012-07-21,203,22,17.75,21.65,25.3,25.85,24.2,22.75,21.7,22.7428571428571,3,3,112,112,TRUE
"113","allegheny",2013,2013-04-02,92,2.1,-1.15,6.95,3.9,2.8,1.9,1.9,1.4,2.52857142857143,2,2,112,112,TRUE
"114","allegheny",2013,2013-04-03,93,2.1,-1.7,-1.15,6.95,3.9,2.8,1.9,1.9,2.08571428571429,2,2,112,112,TRUE
"115","allegheny",2013,2013-04-04,94,2.4,-3.05,-1.7,-1.15,6.95,3.9,2.8,1.9,1.37857142857143,2,2,112,112,TRUE
"116","allegheny",2013,2013-04-05,95,2.5,3.05,-3.05,-1.7,-1.15,6.95,3.9,2.8,1.54285714285714,2,2,112,112,TRUE
"117","allegheny",2013,2013-04-06,96,2.4,1.65,3.05,-3.05,-1.7,-1.15,6.95,3.9,1.37857142857143,2,2,112,112,TRUE
"118","allegheny",2013,2013-04-07,97,2.8,3.6,1.65,3.05,-3.05,-1.7,-1.15,6.95,1.33571428571429,2,2,112,112,TRUE
"119","allegheny",2013,2013-04-08,98,2.8,10.85,3.6,1.65,3.05,-3.05,-1.7,-1.15,1.89285714285714,2,2,112,112,TRUE
"120","allegheny",2013,2013-04-09,99,3.1,10.55,10.85,3.6,1.65,3.05,-3.05,-1.7,3.56428571428571,2,2,112,112,TRUE
"121","allegheny",2013,2013-04-10,100,3.2,15.55,10.55,10.85,3.6,1.65,3.05,-3.05,6.02857142857143,2,2,112,112,TRUE
"122","allegheny",2013,2013-04-11,101,3.2,12.75,15.55,10.55,10.85,3.6,1.65,3.05,8.28571428571429,2,2,112,112,TRUE
"123","allegheny",2013,2013-04-12,102,3.1,7.8,12.75,15.55,10.55,10.85,3.6,1.65,8.96428571428572,2,2,112,112,TRUE
"124","allegheny",2013,2013-04-13,103,3,8.05,7.8,12.75,15.55,10.55,10.85,3.6,9.87857142857143,2,2,112,112,TRUE
"125","allegheny",2013,2013-04-14,104,3.3,5.25,8.05,7.8,12.75,15.55,10.55,10.85,10.1142857142857,2,2,112,112,TRUE
"126","allegheny",2013,2013-04-15,105,3.6,2.2,5.25,8.05,7.8,12.75,15.55,10.55,8.87857142857143,2,2,112,112,TRUE
"127","allegheny",2013,2013-04-16,106,3.9,15.8,2.2,5.25,8.05,7.8,12.75,15.55,9.62857142857143,2,2,112,112,TRUE
"128","allegheny",2013,2013-04-17,107,4.1,13.6,15.8,2.2,5.25,8.05,7.8,12.75,9.35,2,2,112,112,TRUE
"129","allegheny",2013,2013-04-18,108,4.4,13.05,13.6,15.8,2.2,5.25,8.05,7.8,9.39285714285714,2,2,112,112,TRUE
"130","allegheny",2013,2013-04-19,109,4.5,20.55,13.05,13.6,15.8,2.2,5.25,8.05,11.2142857142857,2,2,112,112,TRUE
"131","allegheny",2013,2013-04-20,110,4.4,10.85,20.55,13.05,13.6,15.8,2.2,5.25,11.6142857142857,2,2,112,112,TRUE
"132","allegheny",2013,2013-04-21,111,4.9,0.25,10.85,20.55,13.05,13.6,15.8,2.2,10.9,2,2,112,112,TRUE
"133","allegheny",2013,2013-04-22,112,6.7,4.45,0.25,10.85,20.55,13.05,13.6,15.8,11.2214285714286,2,2,112,112,TRUE
"134","allegheny",2013,2013-04-23,113,6.3,8.6,4.45,0.25,10.85,20.55,13.05,13.6,10.1928571428571,2,2,112,112,TRUE
"135","allegheny",2013,2013-04-24,114,5.6,12.2,8.6,4.45,0.25,10.85,20.55,13.05,9.99285714285714,2,2,112,112,TRUE
"136","allegheny",2013,2013-04-25,115,5.4,8.65,12.2,8.6,4.45,0.25,10.85,20.55,9.36428571428571,2,2,112,112,TRUE
"137","allegheny",2013,2013-04-26,116,5.5,6.95,8.65,12.2,8.6,4.45,0.25,10.85,7.42142857142857,2,2,112,112,TRUE
"138","allegheny",2013,2013-04-27,117,6.4,7.2,6.95,8.65,12.2,8.6,4.45,0.25,6.9,2,2,112,112,TRUE
"139","allegheny",2013,2013-04-28,118,6,11.65,7.2,6.95,8.65,12.2,8.6,4.45,8.52857142857143,2,2,112,112,TRUE
"140","allegheny",2013,2013-04-29,119,5.8,12.75,11.65,7.2,6.95,8.65,12.2,8.6,9.71428571428571,2,2,112,112,TRUE
"141","allegheny",2013,2013-04-30,120,6,11.95,12.75,11.65,7.2,6.95,8.65,12.2,10.1928571428571,2,2,112,112,TRUE
"142","allegheny",2013,2013-05-01,121,6.5,16.1,11.95,12.75,11.65,7.2,6.95,8.65,10.75,2,2,112,112,TRUE
"143","allegheny",2013,2013-05-02,122,6,17.25,16.1,11.95,12.75,11.65,7.2,6.95,11.9785714285714,2,2,112,112,TRUE
"144","allegheny",2013,2013-05-03,123,6,17.25,17.25,16.1,11.95,12.75,11.65,7.2,13.45,2,2,112,112,TRUE
"145","allegheny",2013,2013-05-04,124,5.9,13.9,17.25,17.25,16.1,11.95,12.75,11.65,14.4071428571429,2,2,112,112,TRUE
"146","allegheny",2013,2013-05-05,125,6.1,15.3,13.9,17.25,17.25,16.1,11.95,12.75,14.9285714285714,2,2,112,112,TRUE
"147","allegheny",2013,2013-05-06,126,6,15.55,15.3,13.9,17.25,17.25,16.1,11.95,15.3285714285714,2,2,112,112,TRUE
"148","allegheny",2013,2013-05-07,127,7.1,15.85,15.55,15.3,13.9,17.25,17.25,16.1,15.8857142857143,2,2,112,112,TRUE
"149","allegheny",2013,2013-05-08,128,7.3,16.95,15.85,15.55,15.3,13.9,17.25,17.25,16.0071428571429,2,2,112,112,TRUE
"150","allegheny",2013,2013-05-09,129,7.6,16.7,16.95,15.85,15.55,15.3,13.9,17.25,15.9285714285714,2,2,112,112,TRUE
"151","allegheny",2013,2013-05-10,130,8.3,15.3,16.7,16.95,15.85,15.55,15.3,13.9,15.65,2,2,112,112,TRUE
"152","allegheny",2013,2013-05-11,131,8.2,16.35,15.3,16.7,16.95,15.85,15.55,15.3,16,2,2,112,112,TRUE
"153","allegheny",2013,2013-05-12,132,8.9,7.25,16.35,15.3,16.7,16.95,15.85,15.55,14.85,2,2,112,112,TRUE
"154","allegheny",2013,2013-05-13,133,8.9,4.7,7.25,16.35,15.3,16.7,16.95,15.85,13.3,2,2,112,112,TRUE
"155","allegheny",2013,2013-05-14,134,10.2,2.2,4.7,7.25,16.35,15.3,16.7,16.95,11.35,2,2,112,112,TRUE
"156","allegheny",2013,2013-05-15,135,10.4,6.1,2.2,4.7,7.25,16.35,15.3,16.7,9.8,2,2,112,112,TRUE
"157","allegheny",2013,2013-05-16,136,10.2,19.15,6.1,2.2,4.7,7.25,16.35,15.3,10.15,2,2,112,112,TRUE
"158","allegheny",2013,2013-05-17,137,12.5,14.7,19.15,6.1,2.2,4.7,7.25,16.35,10.0642857142857,2,2,112,112,TRUE
"159","allegheny",2013,2013-05-18,138,14.1,14.45,14.7,19.15,6.1,2.2,4.7,7.25,9.79285714285714,2,2,112,112,TRUE
"160","allegheny",2013,2013-05-19,139,13.1,16.4,14.45,14.7,19.15,6.1,2.2,4.7,11.1,2,2,112,112,TRUE
"161","allegheny",2013,2013-05-20,140,12,20.6,16.4,14.45,14.7,19.15,6.1,2.2,13.3714285714286,2,2,112,112,TRUE
"162","allegheny",2013,2013-05-21,141,12.3,22.5,20.6,16.4,14.45,14.7,19.15,6.1,16.2714285714286,2,2,112,112,TRUE
"163","allegheny",2013,2013-05-22,142,13,24.75,22.5,20.6,16.4,14.45,14.7,19.15,18.9357142857143,2,2,112,112,TRUE
"164","allegheny",2013,2013-05-23,143,11.9,23.9,24.75,22.5,20.6,16.4,14.45,14.7,19.6142857142857,2,2,112,112,TRUE
"165","allegheny",2013,2013-05-24,144,14.4,14.15,23.9,24.75,22.5,20.6,16.4,14.45,19.5357142857143,2,2,112,112,TRUE
"166","allegheny",2013,2013-05-25,145,15.1,4.45,14.15,23.9,24.75,22.5,20.6,16.4,18.1071428571429,2,2,112,112,TRUE
"167","allegheny",2013,2013-05-26,146,14.8,7.8,4.45,14.15,23.9,24.75,22.5,20.6,16.8785714285714,2,2,112,112,TRUE
"168","allegheny",2013,2013-05-27,147,14.4,9.2,7.8,4.45,14.15,23.9,24.75,22.5,15.25,2,2,112,112,TRUE
"169","allegheny",2013,2013-05-28,148,13.9,12.25,9.2,7.8,4.45,14.15,23.9,24.75,13.7857142857143,2,2,112,112,TRUE
"170","allegheny",2013,2013-05-29,149,13.5,16.95,12.25,9.2,7.8,4.45,14.15,23.9,12.6714285714286,2,2,112,112,TRUE
"171","allegheny",2013,2013-05-30,150,12.2,21.95,16.95,12.25,9.2,7.8,4.45,14.15,12.3928571428571,2,2,112,112,TRUE
"172","allegheny",2013,2013-05-31,151,10.9,22.2,21.95,16.95,12.25,9.2,7.8,4.45,13.5428571428571,2,2,112,112,TRUE
"173","allegheny",2013,2013-06-01,152,10.7,22.75,22.2,21.95,16.95,12.25,9.2,7.8,16.1571428571429,2,2,112,112,TRUE
"174","allegheny",2013,2013-06-02,153,10.7,23.6,22.75,22.2,21.95,16.95,12.25,9.2,18.4142857142857,2,2,112,112,TRUE
"175","allegheny",2013,2013-06-03,154,12.2,18.35,23.6,22.75,22.2,21.95,16.95,12.25,19.7214285714286,2,2,112,112,TRUE
"176","allegheny",2013,2013-06-04,155,14,11.7,18.35,23.6,22.75,22.2,21.95,16.95,19.6428571428571,2,2,112,112,TRUE
"177","allegheny",2013,2013-06-05,156,14.3,13.35,11.7,18.35,23.6,22.75,22.2,21.95,19.1285714285714,2,2,112,112,TRUE
"178","allegheny",2013,2013-06-06,157,13.9,16.15,13.35,11.7,18.35,23.6,22.75,22.2,18.3,2,2,112,112,TRUE
"179","allegheny",2013,2013-06-07,158,14.4,16.1,16.15,13.35,11.7,18.35,23.6,22.75,17.4285714285714,2,2,112,112,TRUE
"180","allegheny",2013,2013-06-08,159,16.9,15,16.1,16.15,13.35,11.7,18.35,23.6,16.3214285714286,2,2,112,112,TRUE
"181","allegheny",2013,2013-06-09,160,16.4,14.15,15,16.1,16.15,13.35,11.7,18.35,14.9714285714286,2,2,112,112,TRUE
"182","allegheny",2013,2013-06-10,161,16.2,17.2,14.15,15,16.1,16.15,13.35,11.7,14.8071428571429,2,2,112,112,TRUE
"183","allegheny",2013,2013-06-11,162,15.2,19.45,17.2,14.15,15,16.1,16.15,13.35,15.9142857142857,2,2,112,112,TRUE
"184","allegheny",2013,2013-06-12,163,15.9,17.5,19.45,17.2,14.15,15,16.1,16.15,16.5071428571429,2,2,112,112,TRUE
"185","allegheny",2013,2013-06-13,164,16.6,20.85,17.5,19.45,17.2,14.15,15,16.1,17.1785714285714,2,2,112,112,TRUE
"186","allegheny",2013,2013-06-14,165,16.5,16.95,20.85,17.5,19.45,17.2,14.15,15,17.3,2,2,112,112,TRUE
"187","allegheny",2013,2013-06-15,166,15.2,16.4,16.95,20.85,17.5,19.45,17.2,14.15,17.5,2,2,112,112,TRUE
"188","allegheny",2013,2013-06-16,167,14.2,17.25,16.4,16.95,20.85,17.5,19.45,17.2,17.9428571428571,2,2,112,112,TRUE
"189","allegheny",2013,2013-06-17,168,13.5,17.8,17.25,16.4,16.95,20.85,17.5,19.45,18.0285714285714,2,2,112,112,TRUE
"190","allegheny",2013,2013-06-18,169,13.6,20.85,17.8,17.25,16.4,16.95,20.85,17.5,18.2285714285714,2,2,112,112,TRUE
"191","allegheny",2013,2013-06-19,170,14.9,15.85,20.85,17.8,17.25,16.4,16.95,20.85,17.9928571428571,2,2,112,112,TRUE
"192","allegheny",2013,2013-06-20,171,15.7,15.25,15.85,20.85,17.8,17.25,16.4,16.95,17.1928571428571,2,2,112,112,TRUE
"193","allegheny",2013,2013-06-21,172,16.6,17.8,15.25,15.85,20.85,17.8,17.25,16.4,17.3142857142857,2,2,112,112,TRUE
"194","allegheny",2013,2013-06-22,173,17.3,20.25,17.8,15.25,15.85,20.85,17.8,17.25,17.8642857142857,2,2,112,112,TRUE
"195","allegheny",2013,2013-06-23,174,17.3,20.85,20.25,17.8,15.25,15.85,20.85,17.8,18.3785714285714,2,2,112,112,TRUE
"196","allegheny",2013,2013-06-24,175,17.4,25.3,20.85,20.25,17.8,15.25,15.85,20.85,19.45,2,2,112,112,TRUE
"197","allegheny",2013,2013-06-25,176,17.9,25,25.3,20.85,20.25,17.8,15.25,15.85,20.0428571428571,2,2,112,112,TRUE
"198","allegheny",2013,2013-06-26,177,17.5,23.9,25,25.3,20.85,20.25,17.8,15.25,21.1928571428571,2,2,112,112,TRUE
"199","allegheny",2013,2013-06-27,178,19,23.05,23.9,25,25.3,20.85,20.25,17.8,22.3071428571429,2,2,112,112,TRUE
"200","allegheny",2013,2013-06-28,179,18.9,20,23.05,23.9,25,25.3,20.85,20.25,22.6214285714286,2,2,112,112,TRUE
"201","allegheny",2013,2013-06-29,180,18.3,19.7,20,23.05,23.9,25,25.3,20.85,22.5428571428571,2,2,112,112,TRUE
"202","allegheny",2013,2013-06-30,181,18.8,18.65,19.7,20,23.05,23.9,25,25.3,22.2285714285714,2,2,112,112,TRUE
"203","allegheny",2013,2013-07-01,182,20.1,21.1,18.65,19.7,20,23.05,23.9,25,21.6285714285714,2,2,112,112,TRUE
"204","allegheny",2013,2013-07-02,183,20.1,19.15,21.1,18.65,19.7,20,23.05,23.9,20.7928571428571,2,2,112,112,TRUE
"205","allegheny",2013,2013-07-03,184,18.7,23.3,19.15,21.1,18.65,19.7,20,23.05,20.7071428571429,2,2,112,112,TRUE
"206","allegheny",2013,2013-07-04,185,18.2,24.45,23.3,19.15,21.1,18.65,19.7,20,20.9071428571429,2,2,112,112,TRUE
"207","allegheny",2013,2013-07-05,186,18.9,24.45,24.45,23.3,19.15,21.1,18.65,19.7,21.5428571428571,2,2,112,112,TRUE
"208","allegheny",2013,2013-07-06,187,18.7,23.6,24.45,24.45,23.3,19.15,21.1,18.65,22.1,2,2,112,112,TRUE
"209","allegheny",2013,2013-07-07,188,19.5,24.4,23.6,24.45,24.45,23.3,19.15,21.1,22.9214285714286,2,2,112,112,TRUE
"210","allegheny",2013,2013-07-08,189,19.2,22.5,24.4,23.6,24.45,24.45,23.3,19.15,23.1214285714286,2,2,112,112,TRUE
"211","allegheny",2013,2013-07-09,190,19.6,24.45,22.5,24.4,23.6,24.45,24.45,23.3,23.8785714285714,2,2,112,112,TRUE
"212","allegheny",2013,2013-07-10,191,18.4,23.6,24.45,22.5,24.4,23.6,24.45,24.45,23.9214285714286,2,2,112,112,TRUE
"213","allegheny",2013,2013-07-11,192,19.3,21.65,23.6,24.45,22.5,24.4,23.6,24.45,23.5214285714286,2,2,112,112,TRUE
"214","allegheny",2013,2013-07-12,193,21.1,18.9,21.65,23.6,24.45,22.5,24.4,23.6,22.7285714285714,2,2,112,112,TRUE
"215","allegheny",2013,2013-07-13,194,20.4,18.6,18.9,21.65,23.6,24.45,22.5,24.4,22.0142857142857,2,2,112,112,TRUE
"216","allegheny",2013,2013-07-14,195,20.3,20.3,18.6,18.9,21.65,23.6,24.45,22.5,21.4285714285714,2,2,112,112,TRUE
"217","allegheny",2013,2013-07-15,196,19.5,25,20.3,18.6,18.9,21.65,23.6,24.45,21.7857142857143,2,2,112,112,TRUE
"218","allegheny",2013,2013-07-16,197,20.6,25.85,25,20.3,18.6,18.9,21.65,23.6,21.9857142857143,2,2,112,112,TRUE
"219","allegheny",2013,2013-07-17,198,20.7,25.85,25.85,25,20.3,18.6,18.9,21.65,22.3071428571429,2,2,112,112,TRUE
"220","allegheny",2013,2013-07-18,199,20,26.4,25.85,25.85,25,20.3,18.6,18.9,22.9857142857143,2,2,112,112,TRUE
"221","allegheny",2013,2013-07-19,200,19.6,27.5,26.4,25.85,25.85,25,20.3,18.6,24.2142857142857,2,2,112,112,TRUE
"222","allegheny",2013,2013-07-20,201,18.8,26.95,27.5,26.4,25.85,25.85,25,20.3,25.4071428571429,2,2,112,112,TRUE
"223","allegheny",2013,2013-07-21,202,20.9,22.75,26.95,27.5,26.4,25.85,25.85,25,25.7571428571429,2,2,112,112,TRUE
"224","allegheny",2013,2013-07-22,203,21.6,22.5,22.75,26.95,27.5,26.4,25.85,25.85,25.4,2,2,112,112,TRUE
"225","allegheny",2015,2015-04-02,92,1.9,1.7,-0.8,3.05,-2.2,-7.2,-4.7,1.65,-1.21428571428571,4,4,112,112,TRUE
"226","allegheny",2015,2015-04-03,93,2.1,9.15,1.7,-0.8,3.05,-2.2,-7.2,-4.7,-0.142857142857143,4,4,112,112,TRUE
"227","allegheny",2015,2015-04-04,94,2,8.9,9.15,1.7,-0.8,3.05,-2.2,-7.2,1.8,4,4,112,112,TRUE
"228","allegheny",2015,2015-04-05,95,2,1.95,8.9,9.15,1.7,-0.8,3.05,-2.2,3.10714285714286,4,4,112,112,TRUE
"229","allegheny",2015,2015-04-06,96,2.2,6.65,1.95,8.9,9.15,1.7,-0.8,3.05,4.37142857142857,4,4,112,112,TRUE
"230","allegheny",2015,2015-04-07,97,2.2,8.6,6.65,1.95,8.9,9.15,1.7,-0.8,5.16428571428571,4,4,112,112,TRUE
"231","allegheny",2015,2015-04-08,98,2.5,8.05,8.6,6.65,1.95,8.9,9.15,1.7,6.42857142857143,4,4,112,112,TRUE
"232","allegheny",2015,2015-04-09,99,2.7,8.05,8.05,8.6,6.65,1.95,8.9,9.15,7.33571428571429,4,4,112,112,TRUE
"233","allegheny",2015,2015-04-10,100,3.2,12.5,8.05,8.05,8.6,6.65,1.95,8.9,7.81428571428571,4,4,112,112,TRUE
"234","allegheny",2015,2015-04-11,101,3.4,9.7,12.5,8.05,8.05,8.6,6.65,1.95,7.92857142857143,4,4,112,112,TRUE
"235","allegheny",2015,2015-04-12,102,3.2,4.45,9.7,12.5,8.05,8.05,8.6,6.65,8.28571428571429,4,4,112,112,TRUE
"236","allegheny",2015,2015-04-13,103,3.4,9.75,4.45,9.7,12.5,8.05,8.05,8.6,8.72857142857143,4,4,112,112,TRUE
"237","allegheny",2015,2015-04-14,104,3.4,15.85,9.75,4.45,9.7,12.5,8.05,8.05,9.76428571428571,4,4,112,112,TRUE
"238","allegheny",2015,2015-04-15,105,3.7,7.5,15.85,9.75,4.45,9.7,12.5,8.05,9.68571428571429,4,4,112,112,TRUE
"239","allegheny",2015,2015-04-16,106,4.8,8.9,7.5,15.85,9.75,4.45,9.7,12.5,9.80714285714286,4,4,112,112,TRUE
"240","allegheny",2015,2015-04-17,107,4.7,12.5,8.9,7.5,15.85,9.75,4.45,9.7,9.80714285714286,4,4,112,112,TRUE
"241","allegheny",2015,2015-04-18,108,4.6,12.2,12.5,8.9,7.5,15.85,9.75,4.45,10.1642857142857,4,4,112,112,TRUE
"242","allegheny",2015,2015-04-19,109,6,12.5,12.2,12.5,8.9,7.5,15.85,9.75,11.3142857142857,4,4,112,112,TRUE
"243","allegheny",2015,2015-04-20,110,5.6,13.6,12.5,12.2,12.5,8.9,7.5,15.85,11.8642857142857,4,4,112,112,TRUE
"244","allegheny",2015,2015-04-21,111,4.6,12.8,13.6,12.5,12.2,12.5,8.9,7.5,11.4285714285714,4,4,112,112,TRUE
"245","allegheny",2015,2015-04-22,112,4.5,7.8,12.8,13.6,12.5,12.2,12.5,8.9,11.4714285714286,4,4,112,112,TRUE
"246","allegheny",2015,2015-04-23,113,4.9,3.6,7.8,12.8,13.6,12.5,12.2,12.5,10.7142857142857,4,4,112,112,TRUE
"247","allegheny",2015,2015-04-24,114,6.1,-1.1,3.6,7.8,12.8,13.6,12.5,12.2,8.77142857142857,4,4,112,112,TRUE
"248","allegheny",2015,2015-04-25,115,6.8,2.8,-1.1,3.6,7.8,12.8,13.6,12.5,7.42857142857143,4,4,112,112,TRUE
"249","allegheny",2015,2015-04-26,116,6.5,5.55,2.8,-1.1,3.6,7.8,12.8,13.6,6.43571428571429,4,4,112,112,TRUE
"250","allegheny",2015,2015-04-27,117,6.3,4.7,5.55,2.8,-1.1,3.6,7.8,12.8,5.16428571428571,4,4,112,112,TRUE
"251","allegheny",2015,2015-04-28,118,6.9,4.45,4.7,5.55,2.8,-1.1,3.6,7.8,3.97142857142857,4,4,112,112,TRUE
"252","allegheny",2015,2015-04-29,119,6.9,8.9,4.45,4.7,5.55,2.8,-1.1,3.6,4.12857142857143,4,4,112,112,TRUE
"253","allegheny",2015,2015-04-30,120,6.4,11.95,8.9,4.45,4.7,5.55,2.8,-1.1,5.32142857142857,4,4,112,112,TRUE
"254","allegheny",2015,2015-05-01,121,6.5,9.45,11.95,8.9,4.45,4.7,5.55,2.8,6.82857142857143,4,4,112,112,TRUE
"255","allegheny",2015,2015-05-02,122,6.5,10.8,9.45,11.95,8.9,4.45,4.7,5.55,7.97142857142857,4,4,112,112,TRUE
"256","allegheny",2015,2015-05-03,123,6.5,13.9,10.8,9.45,11.95,8.9,4.45,4.7,9.16428571428571,4,4,112,112,TRUE
"257","allegheny",2015,2015-05-04,124,7.2,15.3,13.9,10.8,9.45,11.95,8.9,4.45,10.6785714285714,4,4,112,112,TRUE
"258","allegheny",2015,2015-05-05,125,7.9,19.2,15.3,13.9,10.8,9.45,11.95,8.9,12.7857142857143,4,4,112,112,TRUE
"259","allegheny",2015,2015-05-06,126,9.1,17.5,19.2,15.3,13.9,10.8,9.45,11.95,14.0142857142857,4,4,112,112,TRUE
"260","allegheny",2015,2015-05-07,127,9.7,16.35,17.5,19.2,15.3,13.9,10.8,9.45,14.6428571428571,4,4,112,112,TRUE
"261","allegheny",2015,2015-05-08,128,10.3,19.45,16.35,17.5,19.2,15.3,13.9,10.8,16.0714285714286,4,4,112,112,TRUE
"262","allegheny",2015,2015-05-09,129,10.3,21.1,19.45,16.35,17.5,19.2,15.3,13.9,17.5428571428571,4,4,112,112,TRUE
"263","allegheny",2015,2015-05-10,130,9.9,23.05,21.1,19.45,16.35,17.5,19.2,15.3,18.85,4,4,112,112,TRUE
"264","allegheny",2015,2015-05-11,131,10.1,24.15,23.05,21.1,19.45,16.35,17.5,19.2,20.1142857142857,4,4,112,112,TRUE
"265","allegheny",2015,2015-05-12,132,9.6,22.8,24.15,23.05,21.1,19.45,16.35,17.5,20.6285714285714,4,4,112,112,TRUE
"266","allegheny",2015,2015-05-13,133,9.6,13.9,22.8,24.15,23.05,21.1,19.45,16.35,20.1142857142857,4,4,112,112,TRUE
"267","allegheny",2015,2015-05-14,134,12.8,5.8,13.9,22.8,24.15,23.05,21.1,19.45,18.6071428571429,4,4,112,112,TRUE
"268","allegheny",2015,2015-05-15,135,11.6,11.4,5.8,13.9,22.8,24.15,23.05,21.1,17.4571428571429,4,4,112,112,TRUE
"269","allegheny",2015,2015-05-16,136,10.9,15.3,11.4,5.8,13.9,22.8,24.15,23.05,16.6285714285714,4,4,112,112,TRUE
"270","allegheny",2015,2015-05-17,137,10.8,18.9,15.3,11.4,5.8,13.9,22.8,24.15,16.0357142857143,4,4,112,112,TRUE
"271","allegheny",2015,2015-05-18,138,12,20.25,18.9,15.3,11.4,5.8,13.9,22.8,15.4785714285714,4,4,112,112,TRUE
"272","allegheny",2015,2015-05-19,139,11.3,22.75,20.25,18.9,15.3,11.4,5.8,13.9,15.4714285714286,4,4,112,112,TRUE
"273","allegheny",2015,2015-05-20,140,12.4,13.3,22.75,20.25,18.9,15.3,11.4,5.8,15.3857142857143,4,4,112,112,TRUE
"274","allegheny",2015,2015-05-21,141,13.3,7.5,13.3,22.75,20.25,18.9,15.3,11.4,15.6285714285714,4,4,112,112,TRUE
"275","allegheny",2015,2015-05-22,142,11.2,9.45,7.5,13.3,22.75,20.25,18.9,15.3,15.35,4,4,112,112,TRUE
"276","allegheny",2015,2015-05-23,143,12.6,8.05,9.45,7.5,13.3,22.75,20.25,18.9,14.3142857142857,4,4,112,112,TRUE
"277","allegheny",2015,2015-05-24,144,12.5,10.85,8.05,9.45,7.5,13.3,22.75,20.25,13.1642857142857,4,4,112,112,TRUE
"278","allegheny",2015,2015-05-25,145,12.2,15.8,10.85,8.05,9.45,7.5,13.3,22.75,12.5285714285714,4,4,112,112,TRUE
"279","allegheny",2015,2015-05-26,146,11.6,20.85,15.8,10.85,8.05,9.45,7.5,13.3,12.2571428571429,4,4,112,112,TRUE
"280","allegheny",2015,2015-05-27,147,12.7,22.25,20.85,15.8,10.85,8.05,9.45,7.5,13.5357142857143,4,4,112,112,TRUE
"281","allegheny",2015,2015-05-28,148,13.6,21.65,22.25,20.85,15.8,10.85,8.05,9.45,15.5571428571429,4,4,112,112,TRUE
"282","allegheny",2015,2015-05-29,149,15,18.05,21.65,22.25,20.85,15.8,10.85,8.05,16.7857142857143,4,4,112,112,TRUE
"283","allegheny",2015,2015-05-30,150,13.8,20.85,18.05,21.65,22.25,20.85,15.8,10.85,18.6142857142857,4,4,112,112,TRUE
"284","allegheny",2015,2015-05-31,151,14.5,23.05,20.85,18.05,21.65,22.25,20.85,15.8,20.3571428571429,4,4,112,112,TRUE
"285","allegheny",2015,2015-06-01,152,15.7,12.8,23.05,20.85,18.05,21.65,22.25,20.85,19.9285714285714,4,4,112,112,TRUE
"286","allegheny",2015,2015-06-02,153,15.9,9.15,12.8,23.05,20.85,18.05,21.65,22.25,18.2571428571429,4,4,112,112,TRUE
"287","allegheny",2015,2015-06-03,154,15.5,13.35,9.15,12.8,23.05,20.85,18.05,21.65,16.9857142857143,4,4,112,112,TRUE
"288","allegheny",2015,2015-06-04,155,14.1,15.55,13.35,9.15,12.8,23.05,20.85,18.05,16.1142857142857,4,4,112,112,TRUE
"289","allegheny",2015,2015-06-05,156,14.6,18.3,15.55,13.35,9.15,12.8,23.05,20.85,16.15,4,4,112,112,TRUE
"290","allegheny",2015,2015-06-06,157,16.3,20.85,18.3,15.55,13.35,9.15,12.8,23.05,16.15,4,4,112,112,TRUE
"291","allegheny",2015,2015-06-07,158,16.5,15,20.85,18.3,15.55,13.35,9.15,12.8,15,4,4,112,112,TRUE
"292","allegheny",2015,2015-06-08,159,13.5,17.5,15,20.85,18.3,15.55,13.35,9.15,15.6714285714286,4,4,112,112,TRUE
"293","allegheny",2015,2015-06-09,160,15,20.25,17.5,15,20.85,18.3,15.55,13.35,17.2571428571429,4,4,112,112,TRUE
"294","allegheny",2015,2015-06-10,161,14.4,15.55,20.25,17.5,15,20.85,18.3,15.55,17.5714285714286,4,4,112,112,TRUE
"295","allegheny",2015,2015-06-11,162,12.4,19.45,15.55,20.25,17.5,15,20.85,18.3,18.1285714285714,4,4,112,112,TRUE
"296","allegheny",2015,2015-06-12,163,13.2,21.65,19.45,15.55,20.25,17.5,15,20.85,18.6071428571429,4,4,112,112,TRUE
"297","allegheny",2015,2015-06-13,164,13.5,23.9,21.65,19.45,15.55,20.25,17.5,15,19.0428571428571,4,4,112,112,TRUE
"298","allegheny",2015,2015-06-14,165,14.6,19.2,23.9,21.65,19.45,15.55,20.25,17.5,19.6428571428571,4,4,112,112,TRUE
"299","allegheny",2015,2015-06-15,166,14.2,22.25,19.2,23.9,21.65,19.45,15.55,20.25,20.3214285714286,4,4,112,112,TRUE
"300","allegheny",2015,2015-06-16,167,13.8,23.65,22.25,19.2,23.9,21.65,19.45,15.55,20.8071428571429,4,4,112,112,TRUE
"301","allegheny",2015,2015-06-17,168,12.9,18.9,23.65,22.25,19.2,23.9,21.65,19.45,21.2857142857143,4,4,112,112,TRUE
"302","allegheny",2015,2015-06-18,169,13.3,17.8,18.9,23.65,22.25,19.2,23.9,21.65,21.05,4,4,112,112,TRUE
"303","allegheny",2015,2015-06-19,170,15.7,20.55,17.8,18.9,23.65,22.25,19.2,23.9,20.8928571428571,4,4,112,112,TRUE
"304","allegheny",2015,2015-06-20,171,17,18.05,20.55,17.8,18.9,23.65,22.25,19.2,20.0571428571429,4,4,112,112,TRUE
"305","allegheny",2015,2015-06-21,172,16.5,20,18.05,20.55,17.8,18.9,23.65,22.25,20.1714285714286,4,4,112,112,TRUE
"306","allegheny",2015,2015-06-22,173,16.6,20.85,20,18.05,20.55,17.8,18.9,23.65,19.9714285714286,4,4,112,112,TRUE
"307","allegheny",2015,2015-06-23,174,16.8,22.25,20.85,20,18.05,20.55,17.8,18.9,19.7714285714286,4,4,112,112,TRUE
"308","allegheny",2015,2015-06-24,175,18.4,19.15,22.25,20.85,20,18.05,20.55,17.8,19.8071428571429,4,4,112,112,TRUE
"309","allegheny",2015,2015-06-25,176,18.9,17.5,19.15,22.25,20.85,20,18.05,20.55,19.7642857142857,4,4,112,112,TRUE
"310","allegheny",2015,2015-06-26,177,19.1,16.4,17.5,19.15,22.25,20.85,20,18.05,19.1714285714286,4,4,112,112,TRUE
"311","allegheny",2015,2015-06-27,178,19.5,19.15,16.4,17.5,19.15,22.25,20.85,20,19.3285714285714,4,4,112,112,TRUE
"312","allegheny",2015,2015-06-28,179,17,15.55,19.15,16.4,17.5,19.15,22.25,20.85,18.6928571428571,4,4,112,112,TRUE
"313","allegheny",2015,2015-06-29,180,15.4,14.45,15.55,19.15,16.4,17.5,19.15,22.25,17.7785714285714,4,4,112,112,TRUE
"314","allegheny",2015,2015-06-30,181,15.2,18.05,14.45,15.55,19.15,16.4,17.5,19.15,17.1785714285714,4,4,112,112,TRUE
"315","allegheny",2015,2015-07-01,182,15,20.25,18.05,14.45,15.55,19.15,16.4,17.5,17.3357142857143,4,4,112,112,TRUE
"316","allegheny",2015,2015-07-02,183,15.2,17.5,20.25,18.05,14.45,15.55,19.15,16.4,17.3357142857143,4,4,112,112,TRUE
"317","allegheny",2015,2015-07-03,184,16.4,15.85,17.5,20.25,18.05,14.45,15.55,19.15,17.2571428571429,4,4,112,112,TRUE
"318","allegheny",2015,2015-07-04,185,17,16.1,15.85,17.5,20.25,18.05,14.45,15.55,16.8214285714286,4,4,112,112,TRUE
"319","allegheny",2015,2015-07-05,186,17.1,18.35,16.1,15.85,17.5,20.25,18.05,14.45,17.2214285714286,4,4,112,112,TRUE
"320","allegheny",2015,2015-07-06,187,16.4,18.9,18.35,16.1,15.85,17.5,20.25,18.05,17.8571428571429,4,4,112,112,TRUE
"321","allegheny",2015,2015-07-07,188,15.8,20.85,18.9,18.35,16.1,15.85,17.5,20.25,18.2571428571429,4,4,112,112,TRUE
"322","allegheny",2015,2015-07-08,189,16.5,22.8,20.85,18.9,18.35,16.1,15.85,17.5,18.6214285714286,4,4,112,112,TRUE
"323","allegheny",2015,2015-07-09,190,17.6,18.9,22.8,20.85,18.9,18.35,16.1,15.85,18.8214285714286,4,4,112,112,TRUE
"324","allegheny",2015,2015-07-10,191,17.4,18.9,18.9,22.8,20.85,18.9,18.35,16.1,19.2571428571429,4,4,112,112,TRUE
"325","allegheny",2015,2015-07-11,192,17.4,18.9,18.9,18.9,22.8,20.85,18.9,18.35,19.6571428571429,4,4,112,112,TRUE
"326","allegheny",2015,2015-07-12,193,17.9,20,18.9,18.9,18.9,22.8,20.85,18.9,19.8928571428571,4,4,112,112,TRUE
"327","allegheny",2015,2015-07-13,194,17.8,20.3,20,18.9,18.9,18.9,22.8,20.85,20.0928571428571,4,4,112,112,TRUE
"328","allegheny",2015,2015-07-14,195,17.4,22.5,20.3,20,18.9,18.9,18.9,22.8,20.3285714285714,4,4,112,112,TRUE
"329","allegheny",2015,2015-07-15,196,18,21.7,22.5,20.3,20,18.9,18.9,18.9,20.1714285714286,4,4,112,112,TRUE
"330","allegheny",2015,2015-07-16,197,18.6,15,21.7,22.5,20.3,20,18.9,18.9,19.6142857142857,4,4,112,112,TRUE
"331","allegheny",2015,2015-07-17,198,18.4,17.5,15,21.7,22.5,20.3,20,18.9,19.4142857142857,4,4,112,112,TRUE
"332","allegheny",2015,2015-07-18,199,17.7,21.1,17.5,15,21.7,22.5,20.3,20,19.7285714285714,4,4,112,112,TRUE
"333","allegheny",2015,2015-07-19,200,18,23.6,21.1,17.5,15,21.7,22.5,20.3,20.2428571428571,4,4,112,112,TRUE
"334","allegheny",2015,2015-07-20,201,19.2,25.25,23.6,21.1,17.5,15,21.7,22.5,20.95,4,4,112,112,TRUE
"335","allegheny",2015,2015-07-21,202,20.1,23.3,25.25,23.6,21.1,17.5,15,21.7,21.0642857142857,4,4,112,112,TRUE
"336","allegheny",2015,2015-07-22,203,20.5,19.7,23.3,25.25,23.6,21.1,17.5,15,20.7785714285714,4,4,112,112,TRUE
"337","allegheny",2016,2016-04-01,92,5.7,15,7.2,1.65,6.65,11.65,6.95,2.25,7.33571428571429,5,5,112,112,TRUE
"338","allegheny",2016,2016-04-02,93,5.3,8.9,15,7.2,1.65,6.65,11.65,6.95,8.28571428571429,5,5,112,112,TRUE
"339","allegheny",2016,2016-04-03,94,5.2,0.8,8.9,15,7.2,1.65,6.65,11.65,7.40714285714286,5,5,112,112,TRUE
"340","allegheny",2016,2016-04-04,95,5.3,0.8,0.8,8.9,15,7.2,1.65,6.65,5.85714285714286,5,5,112,112,TRUE
"341","allegheny",2016,2016-04-05,96,5.2,-2.2,0.8,0.8,8.9,15,7.2,1.65,4.59285714285714,5,5,112,112,TRUE
"342","allegheny",2016,2016-04-06,97,5.5,-3.3,-2.2,0.8,0.8,8.9,15,7.2,3.88571428571429,5,5,112,112,TRUE
"343","allegheny",2016,2016-04-07,98,5.7,5.55,-3.3,-2.2,0.8,0.8,8.9,15,3.65,5,5,112,112,TRUE
"344","allegheny",2016,2016-04-08,99,5.5,3.6,5.55,-3.3,-2.2,0.8,0.8,8.9,2.02142857142857,5,5,112,112,TRUE
"345","allegheny",2016,2016-04-09,100,5.4,1.4,3.6,5.55,-3.3,-2.2,0.8,0.8,0.95,5,5,112,112,TRUE
"346","allegheny",2016,2016-04-10,101,5.4,-4.45,1.4,3.6,5.55,-3.3,-2.2,0.8,0.2,5,5,112,112,TRUE
"347","allegheny",2016,2016-04-11,102,5.7,-1.35,-4.45,1.4,3.6,5.55,-3.3,-2.2,-0.107142857142857,5,5,112,112,TRUE
"348","allegheny",2016,2016-04-12,103,5.7,5,-1.35,-4.45,1.4,3.6,5.55,-3.3,0.921428571428571,5,5,112,112,TRUE
"349","allegheny",2016,2016-04-13,104,5.8,1.4,5,-1.35,-4.45,1.4,3.6,5.55,1.59285714285714,5,5,112,112,TRUE
"350","allegheny",2016,2016-04-14,105,6.5,3.05,1.4,5,-1.35,-4.45,1.4,3.6,1.23571428571429,5,5,112,112,TRUE
"351","allegheny",2016,2016-04-15,106,7.1,7.5,3.05,1.4,5,-1.35,-4.45,1.4,1.79285714285714,5,5,112,112,TRUE
"352","allegheny",2016,2016-04-16,107,7.2,11.4,7.5,3.05,1.4,5,-1.35,-4.45,3.22142857142857,5,5,112,112,TRUE
"353","allegheny",2016,2016-04-17,108,7.1,13.35,11.4,7.5,3.05,1.4,5,-1.35,5.76428571428571,5,5,112,112,TRUE
"354","allegheny",2016,2016-04-18,109,7.5,14.75,13.35,11.4,7.5,3.05,1.4,5,8.06428571428571,5,5,112,112,TRUE
"355","allegheny",2016,2016-04-19,110,7.6,14.45,14.75,13.35,11.4,7.5,3.05,1.4,9.41428571428571,5,5,112,112,TRUE
"356","allegheny",2016,2016-04-20,111,7,8.35,14.45,14.75,13.35,11.4,7.5,3.05,10.4071428571429,5,5,112,112,TRUE
"357","allegheny",2016,2016-04-21,112,6.5,11.1,8.35,14.45,14.75,13.35,11.4,7.5,11.5571428571429,5,5,112,112,TRUE
"358","allegheny",2016,2016-04-22,113,6.5,14.75,11.1,8.35,14.45,14.75,13.35,11.4,12.5928571428571,5,5,112,112,TRUE
"359","allegheny",2016,2016-04-23,114,6.5,12.5,14.75,11.1,8.35,14.45,14.75,13.35,12.75,5,5,112,112,TRUE
"360","allegheny",2016,2016-04-24,115,6.5,6.1,12.5,14.75,11.1,8.35,14.45,14.75,11.7142857142857,5,5,112,112,TRUE
"361","allegheny",2016,2016-04-25,116,6.9,8.85,6.1,12.5,14.75,11.1,8.35,14.45,10.8714285714286,5,5,112,112,TRUE
"362","allegheny",2016,2016-04-26,117,6.6,14.75,8.85,6.1,12.5,14.75,11.1,8.35,10.9142857142857,5,5,112,112,TRUE
"363","allegheny",2016,2016-04-27,118,6.8,8.35,14.75,8.85,6.1,12.5,14.75,11.1,10.9142857142857,5,5,112,112,TRUE
"364","allegheny",2016,2016-04-28,119,6.4,9.2,8.35,14.75,8.85,6.1,12.5,14.75,10.6428571428571,5,5,112,112,TRUE
"365","allegheny",2016,2016-04-29,120,6.5,8.35,9.2,8.35,14.75,8.85,6.1,12.5,9.72857142857143,5,5,112,112,TRUE
"366","allegheny",2016,2016-04-30,121,6.5,8.05,8.35,9.2,8.35,14.75,8.85,6.1,9.09285714285714,5,5,112,112,TRUE
"367","allegheny",2016,2016-05-01,122,6.9,10,8.05,8.35,9.2,8.35,14.75,8.85,9.65,5,5,112,112,TRUE
"368","allegheny",2016,2016-05-02,123,6.9,15.3,10,8.05,8.35,9.2,8.35,14.75,10.5714285714286,5,5,112,112,TRUE
"369","allegheny",2016,2016-05-03,124,7.6,9.45,15.3,10,8.05,8.35,9.2,8.35,9.81428571428571,5,5,112,112,TRUE
"370","allegheny",2016,2016-05-04,125,8.4,7.75,9.45,15.3,10,8.05,8.35,9.2,9.72857142857143,5,5,112,112,TRUE
"371","allegheny",2016,2016-05-05,126,8.7,10.8,7.75,9.45,15.3,10,8.05,8.35,9.95714285714286,5,5,112,112,TRUE
"372","allegheny",2016,2016-05-06,127,9.1,11.1,10.8,7.75,9.45,15.3,10,8.05,10.35,5,5,112,112,TRUE
"373","allegheny",2016,2016-05-07,128,9.1,12.2,11.1,10.8,7.75,9.45,15.3,10,10.9428571428571,5,5,112,112,TRUE
"374","allegheny",2016,2016-05-08,129,8.7,13.05,12.2,11.1,10.8,7.75,9.45,15.3,11.3785714285714,5,5,112,112,TRUE
"375","allegheny",2016,2016-05-09,130,8.9,9.45,13.05,12.2,11.1,10.8,7.75,9.45,10.5428571428571,5,5,112,112,TRUE
"376","allegheny",2016,2016-05-10,131,10.2,10.3,9.45,13.05,12.2,11.1,10.8,7.75,10.6642857142857,5,5,112,112,TRUE
"377","allegheny",2016,2016-05-11,132,10.8,8.3,10.3,9.45,13.05,12.2,11.1,10.8,10.7428571428571,5,5,112,112,TRUE
"378","allegheny",2016,2016-05-12,133,11.1,15,8.3,10.3,9.45,13.05,12.2,11.1,11.3428571428571,5,5,112,112,TRUE
"379","allegheny",2016,2016-05-13,134,10.8,18.35,15,8.3,10.3,9.45,13.05,12.2,12.3785714285714,5,5,112,112,TRUE
"380","allegheny",2016,2016-05-14,135,10.7,15.3,18.35,15,8.3,10.3,9.45,13.05,12.8214285714286,5,5,112,112,TRUE
"381","allegheny",2016,2016-05-15,136,10.3,7.25,15.3,18.35,15,8.3,10.3,9.45,11.9928571428571,5,5,112,112,TRUE
"382","allegheny",2016,2016-05-16,137,10.7,2.5,7.25,15.3,18.35,15,8.3,10.3,11,5,5,112,112,TRUE
"383","allegheny",2016,2016-05-17,138,10.8,8.65,2.5,7.25,15.3,18.35,15,8.3,10.7642857142857,5,5,112,112,TRUE
"384","allegheny",2016,2016-05-18,139,11.9,9.15,8.65,2.5,7.25,15.3,18.35,15,10.8857142857143,5,5,112,112,TRUE
"385","allegheny",2016,2016-05-19,140,13.1,10.55,9.15,8.65,2.5,7.25,15.3,18.35,10.25,5,5,112,112,TRUE
"386","allegheny",2016,2016-05-20,141,13.3,11.4,10.55,9.15,8.65,2.5,7.25,15.3,9.25714285714286,5,5,112,112,TRUE
"387","allegheny",2016,2016-05-21,142,12.9,13.6,11.4,10.55,9.15,8.65,2.5,7.25,9.01428571428571,5,5,112,112,TRUE
"388","allegheny",2016,2016-05-22,143,12.5,11.95,13.6,11.4,10.55,9.15,8.65,2.5,9.68571428571429,5,5,112,112,TRUE
"389","allegheny",2016,2016-05-23,144,13.1,12.8,11.95,13.6,11.4,10.55,9.15,8.65,11.1571428571429,5,5,112,112,TRUE
"390","allegheny",2016,2016-05-24,145,13.8,15.8,12.8,11.95,13.6,11.4,10.55,9.15,12.1785714285714,5,5,112,112,TRUE
"391","allegheny",2016,2016-05-25,146,13.3,17.2,15.8,12.8,11.95,13.6,11.4,10.55,13.3285714285714,5,5,112,112,TRUE
"392","allegheny",2016,2016-05-26,147,12.3,18.85,17.2,15.8,12.8,11.95,13.6,11.4,14.5142857142857,5,5,112,112,TRUE
"393","allegheny",2016,2016-05-27,148,12.1,22.25,18.85,17.2,15.8,12.8,11.95,13.6,16.0642857142857,5,5,112,112,TRUE
"394","allegheny",2016,2016-05-28,149,12.8,23.65,22.25,18.85,17.2,15.8,12.8,11.95,17.5,5,5,112,112,TRUE
"395","allegheny",2016,2016-05-29,150,13.7,24.45,23.65,22.25,18.85,17.2,15.8,12.8,19.2857142857143,5,5,112,112,TRUE
"396","allegheny",2016,2016-05-30,151,13.4,21.65,24.45,23.65,22.25,18.85,17.2,15.8,20.55,5,5,112,112,TRUE
"397","allegheny",2016,2016-05-31,152,14.3,19.7,21.65,24.45,23.65,22.25,18.85,17.2,21.1071428571429,5,5,112,112,TRUE
"398","allegheny",2016,2016-06-01,153,15.5,18.9,19.7,21.65,24.45,23.65,22.25,18.85,21.35,5,5,112,112,TRUE
"399","allegheny",2016,2016-06-02,154,14.3,20.3,18.9,19.7,21.65,24.45,23.65,22.25,21.5571428571429,5,5,112,112,TRUE
"400","allegheny",2016,2016-06-03,155,14.2,21.4,20.3,18.9,19.7,21.65,24.45,23.65,21.4357142857143,5,5,112,112,TRUE
"401","allegheny",2016,2016-06-04,156,15.6,19.45,21.4,20.3,18.9,19.7,21.65,24.45,20.8357142857143,5,5,112,112,TRUE
"402","allegheny",2016,2016-06-05,157,14.6,18.9,19.45,21.4,20.3,18.9,19.7,21.65,20.0428571428571,5,5,112,112,TRUE
"403","allegheny",2016,2016-06-06,158,13,17.2,18.9,19.45,21.4,20.3,18.9,19.7,19.4071428571429,5,5,112,112,TRUE
"404","allegheny",2016,2016-06-07,159,15,19.75,17.2,18.9,19.45,21.4,20.3,18.9,19.4142857142857,5,5,112,112,TRUE
"405","allegheny",2016,2016-06-08,160,15.4,13.9,19.75,17.2,18.9,19.45,21.4,20.3,18.7,5,5,112,112,TRUE
"406","allegheny",2016,2016-06-09,161,15.2,8.6,13.9,19.75,17.2,18.9,19.45,21.4,17.0285714285714,5,5,112,112,TRUE
"407","allegheny",2016,2016-06-10,162,15.8,11.95,8.6,13.9,19.75,17.2,18.9,19.45,15.6785714285714,5,5,112,112,TRUE
"408","allegheny",2016,2016-06-11,163,15.1,15.85,11.95,8.6,13.9,19.75,17.2,18.9,15.1642857142857,5,5,112,112,TRUE
"409","allegheny",2016,2016-06-12,164,15.1,23.35,15.85,11.95,8.6,13.9,19.75,17.2,15.8,5,5,112,112,TRUE
"410","allegheny",2016,2016-06-13,165,17.8,15.85,23.35,15.85,11.95,8.6,13.9,19.75,15.6071428571429,5,5,112,112,TRUE
"411","allegheny",2016,2016-06-14,166,17,14.45,15.85,23.35,15.85,11.95,8.6,13.9,14.85,5,5,112,112,TRUE
"412","allegheny",2016,2016-06-15,167,16.3,16.4,14.45,15.85,23.35,15.85,11.95,8.6,15.2071428571429,5,5,112,112,TRUE
"413","allegheny",2016,2016-06-16,168,16.4,18.6,16.4,14.45,15.85,23.35,15.85,11.95,16.6357142857143,5,5,112,112,TRUE
"414","allegheny",2016,2016-06-17,169,17,19.15,18.6,16.4,14.45,15.85,23.35,15.85,17.6642857142857,5,5,112,112,TRUE
"415","allegheny",2016,2016-06-18,170,17.8,19.45,19.15,18.6,16.4,14.45,15.85,23.35,18.1785714285714,5,5,112,112,TRUE
"416","allegheny",2016,2016-06-19,171,16.6,20.8,19.45,19.15,18.6,16.4,14.45,15.85,17.8142857142857,5,5,112,112,TRUE
"417","allegheny",2016,2016-06-20,172,16.3,21.95,20.8,19.45,19.15,18.6,16.4,14.45,18.6857142857143,5,5,112,112,TRUE
"418","allegheny",2016,2016-06-21,173,16.3,22.75,21.95,20.8,19.45,19.15,18.6,16.4,19.8714285714286,5,5,112,112,TRUE
"419","allegheny",2016,2016-06-22,174,17.5,19.7,22.75,21.95,20.8,19.45,19.15,18.6,20.3428571428571,5,5,112,112,TRUE
"420","allegheny",2016,2016-06-23,175,18,19.45,19.7,22.75,21.95,20.8,19.45,19.15,20.4642857142857,5,5,112,112,TRUE
"421","allegheny",2016,2016-06-24,176,18.1,17.75,19.45,19.7,22.75,21.95,20.8,19.45,20.2642857142857,5,5,112,112,TRUE
"422","allegheny",2016,2016-06-25,177,17.5,19.7,17.75,19.45,19.7,22.75,21.95,20.8,20.3,5,5,112,112,TRUE
"423","allegheny",2016,2016-06-26,178,17.1,23.05,19.7,17.75,19.45,19.7,22.75,21.95,20.6214285714286,5,5,112,112,TRUE
"424","allegheny",2016,2016-06-27,179,16.2,23.35,23.05,19.7,17.75,19.45,19.7,22.75,20.8214285714286,5,5,112,112,TRUE
"425","allegheny",2016,2016-06-28,180,17.6,22.8,23.35,23.05,19.7,17.75,19.45,19.7,20.8285714285714,5,5,112,112,TRUE
"426","allegheny",2016,2016-06-29,181,18.7,19.4,22.8,23.35,23.05,19.7,17.75,19.45,20.7857142857143,5,5,112,112,TRUE
"427","allegheny",2016,2016-06-30,182,17.9,15.55,19.4,22.8,23.35,23.05,19.7,17.75,20.2285714285714,5,5,112,112,TRUE
"428","allegheny",2016,2016-07-01,183,17.3,17.75,15.55,19.4,22.8,23.35,23.05,19.7,20.2285714285714,5,5,112,112,TRUE
"429","allegheny",2016,2016-07-02,184,16.7,15.8,17.75,15.55,19.4,22.8,23.35,23.05,19.6714285714286,5,5,112,112,TRUE
"430","allegheny",2016,2016-07-03,185,18.3,16.1,15.8,17.75,15.55,19.4,22.8,23.35,18.6785714285714,5,5,112,112,TRUE
"431","allegheny",2016,2016-07-04,186,17.5,16.65,16.1,15.8,17.75,15.55,19.4,22.8,17.7214285714286,5,5,112,112,TRUE
"432","allegheny",2016,2016-07-05,187,17.1,19.45,16.65,16.1,15.8,17.75,15.55,19.4,17.2428571428571,5,5,112,112,TRUE
"433","allegheny",2016,2016-07-06,188,18.2,19.75,19.45,16.65,16.1,15.8,17.75,15.55,17.2928571428571,5,5,112,112,TRUE
"434","allegheny",2016,2016-07-07,189,17.4,21.15,19.75,19.45,16.65,16.1,15.8,17.75,18.0928571428571,5,5,112,112,TRUE
"435","allegheny",2016,2016-07-08,190,18.5,24.15,21.15,19.75,19.45,16.65,16.1,15.8,19.0071428571429,5,5,112,112,TRUE
"436","allegheny",2016,2016-07-09,191,17.5,23.6,24.15,21.15,19.75,19.45,16.65,16.1,20.1214285714286,5,5,112,112,TRUE
"437","allegheny",2016,2016-07-10,192,18.6,21.4,23.6,24.15,21.15,19.75,19.45,16.65,20.8785714285714,5,5,112,112,TRUE
"438","allegheny",2016,2016-07-11,193,20,19.45,21.4,23.6,24.15,21.15,19.75,19.45,21.2785714285714,5,5,112,112,TRUE
"439","allegheny",2016,2016-07-12,194,18.4,21.1,19.45,21.4,23.6,24.15,21.15,19.75,21.5142857142857,5,5,112,112,TRUE
"440","allegheny",2016,2016-07-13,195,18.8,24.45,21.1,19.45,21.4,23.6,24.15,21.15,22.1857142857143,5,5,112,112,TRUE
"441","allegheny",2016,2016-07-14,196,18.1,25,24.45,21.1,19.45,21.4,23.6,24.15,22.7357142857143,5,5,112,112,TRUE
"442","allegheny",2016,2016-07-15,197,18.4,25,25,24.45,21.1,19.45,21.4,23.6,22.8571428571429,5,5,112,112,TRUE
"443","allegheny",2016,2016-07-16,198,19.5,22.5,25,25,24.45,21.1,19.45,21.4,22.7,5,5,112,112,TRUE
"444","allegheny",2016,2016-07-17,199,19.6,19.4,22.5,25,25,24.45,21.1,19.45,22.4142857142857,5,5,112,112,TRUE
"445","allegheny",2016,2016-07-18,200,17.9,21.1,19.4,22.5,25,25,24.45,21.1,22.65,5,5,112,112,TRUE
"446","allegheny",2016,2016-07-19,201,19.2,21.4,21.1,19.4,22.5,25,25,24.45,22.6928571428571,5,5,112,112,TRUE
"447","allegheny",2016,2016-07-20,202,20.2,19.15,21.4,21.1,19.4,22.5,25,25,21.9357142857143,5,5,112,112,TRUE
"448","allegheny",2016,2016-07-21,203,19.2,19.45,19.15,21.4,21.1,19.4,22.5,25,21.1428571428571,5,5,112,112,TRUE
"449","allegheny",2017,2017-04-02,92,4.3,1.65,4.2,3.65,7.75,8.05,12.8,10.3,6.91428571428571,1,1,112,112,TRUE
"450","allegheny",2017,2017-04-03,93,4.4,7.5,1.65,4.2,3.65,7.75,8.05,12.8,6.51428571428571,1,1,112,112,TRUE
"451","allegheny",2017,2017-04-04,94,4.3,11.95,7.5,1.65,4.2,3.65,7.75,8.05,6.39285714285714,1,1,112,112,TRUE
"452","allegheny",2017,2017-04-05,95,4.3,9.7,11.95,7.5,1.65,4.2,3.65,7.75,6.62857142857143,1,1,112,112,TRUE
"453","allegheny",2017,2017-04-06,96,4.5,11.65,9.7,11.95,7.5,1.65,4.2,3.65,7.18571428571429,1,1,112,112,TRUE
"454","allegheny",2017,2017-04-07,97,4.4,5.55,11.65,9.7,11.95,7.5,1.65,4.2,7.45714285714286,1,1,112,112,TRUE
"455","allegheny",2017,2017-04-08,98,4.5,-0.8,5.55,11.65,9.7,11.95,7.5,1.65,6.74285714285714,1,1,112,112,TRUE
"456","allegheny",2017,2017-04-09,99,4.9,4.45,-0.8,5.55,11.65,9.7,11.95,7.5,7.14285714285714,1,1,112,112,TRUE
"457","allegheny",2017,2017-04-10,100,5.1,10.85,4.45,-0.8,5.55,11.65,9.7,11.95,7.62142857142857,1,1,112,112,TRUE
"458","allegheny",2017,2017-04-11,101,5,18.05,10.85,4.45,-0.8,5.55,11.65,9.7,8.49285714285714,1,1,112,112,TRUE
"459","allegheny",2017,2017-04-12,102,5.2,12.2,18.05,10.85,4.45,-0.8,5.55,11.65,8.85,1,1,112,112,TRUE
"460","allegheny",2017,2017-04-13,103,6.3,7.2,12.2,18.05,10.85,4.45,-0.8,5.55,8.21428571428571,1,1,112,112,TRUE
"461","allegheny",2017,2017-04-14,104,7.2,6.1,7.2,12.2,18.05,10.85,4.45,-0.8,8.29285714285714,1,1,112,112,TRUE
"462","allegheny",2017,2017-04-15,105,6.2,12.5,6.1,7.2,12.2,18.05,10.85,4.45,10.1928571428571,1,1,112,112,TRUE
"463","allegheny",2017,2017-04-16,106,6.1,14.7,12.5,6.1,7.2,12.2,18.05,10.85,11.6571428571429,1,1,112,112,TRUE
"464","allegheny",2017,2017-04-17,107,6.3,16.4,14.7,12.5,6.1,7.2,12.2,18.05,12.45,1,1,112,112,TRUE
"465","allegheny",2017,2017-04-18,108,7.9,10,16.4,14.7,12.5,6.1,7.2,12.2,11.3,1,1,112,112,TRUE
"466","allegheny",2017,2017-04-19,109,7.2,11.35,10,16.4,14.7,12.5,6.1,7.2,11.1785714285714,1,1,112,112,TRUE
"467","allegheny",2017,2017-04-20,110,6.6,14.2,11.35,10,16.4,14.7,12.5,6.1,12.1785714285714,1,1,112,112,TRUE
"468","allegheny",2017,2017-04-21,111,6.2,18.3,14.2,11.35,10,16.4,14.7,12.5,13.9214285714286,1,1,112,112,TRUE
"469","allegheny",2017,2017-04-22,112,6.9,10.85,18.3,14.2,11.35,10,16.4,14.7,13.6857142857143,1,1,112,112,TRUE
"470","allegheny",2017,2017-04-23,113,7.3,5.3,10.85,18.3,14.2,11.35,10,16.4,12.3428571428571,1,1,112,112,TRUE
"471","allegheny",2017,2017-04-24,114,7.6,10.85,5.3,10.85,18.3,14.2,11.35,10,11.55,1,1,112,112,TRUE
"472","allegheny",2017,2017-04-25,115,8,13.35,10.85,5.3,10.85,18.3,14.2,11.35,12.0285714285714,1,1,112,112,TRUE
"473","allegheny",2017,2017-04-26,116,8.7,15.6,13.35,10.85,5.3,10.85,18.3,14.2,12.6357142857143,1,1,112,112,TRUE
"474","allegheny",2017,2017-04-27,117,8.8,19.45,15.6,13.35,10.85,5.3,10.85,18.3,13.3857142857143,1,1,112,112,TRUE
"475","allegheny",2017,2017-04-28,118,8.6,17.2,19.45,15.6,13.35,10.85,5.3,10.85,13.2285714285714,1,1,112,112,TRUE
"476","allegheny",2017,2017-04-29,119,8.9,13.9,17.2,19.45,15.6,13.35,10.85,5.3,13.6642857142857,1,1,112,112,TRUE
"477","allegheny",2017,2017-04-30,120,8.8,12.5,13.9,17.2,19.45,15.6,13.35,10.85,14.6928571428571,1,1,112,112,TRUE
"478","allegheny",2017,2017-05-01,121,9.1,18.35,12.5,13.9,17.2,19.45,15.6,13.35,15.7642857142857,1,1,112,112,TRUE
"479","allegheny",2017,2017-05-02,122,7.9,16.4,18.35,12.5,13.9,17.2,19.45,15.6,16.2,1,1,112,112,TRUE
"480","allegheny",2017,2017-05-03,123,9.4,8.9,16.4,18.35,12.5,13.9,17.2,19.45,15.2428571428571,1,1,112,112,TRUE
"481","allegheny",2017,2017-05-04,124,10.2,8.05,8.9,16.4,18.35,12.5,13.9,17.2,13.6142857142857,1,1,112,112,TRUE
"482","allegheny",2017,2017-05-05,125,9.5,8.9,8.05,8.9,16.4,18.35,12.5,13.9,12.4285714285714,1,1,112,112,TRUE
"483","allegheny",2017,2017-05-06,126,9.5,11.95,8.9,8.05,8.9,16.4,18.35,12.5,12.15,1,1,112,112,TRUE
"484","allegheny",2017,2017-05-07,127,9.7,5.25,11.95,8.9,8.05,8.9,16.4,18.35,11.1142857142857,1,1,112,112,TRUE
"485","allegheny",2017,2017-05-08,128,10.6,4.45,5.25,11.95,8.9,8.05,8.9,16.4,9.12857142857143,1,1,112,112,TRUE
"486","allegheny",2017,2017-05-09,129,10.7,5.3,4.45,5.25,11.95,8.9,8.05,8.9,7.54285714285714,1,1,112,112,TRUE
"487","allegheny",2017,2017-05-10,130,10.8,8.35,5.3,4.45,5.25,11.95,8.9,8.05,7.46428571428571,1,1,112,112,TRUE
"488","allegheny",2017,2017-05-11,131,9.7,11.7,8.35,5.3,4.45,5.25,11.95,8.9,7.98571428571429,1,1,112,112,TRUE
"489","allegheny",2017,2017-05-12,132,10.6,10.8,11.7,8.35,5.3,4.45,5.25,11.95,8.25714285714286,1,1,112,112,TRUE
"490","allegheny",2017,2017-05-13,133,10.9,10.85,10.8,11.7,8.35,5.3,4.45,5.25,8.1,1,1,112,112,TRUE
"491","allegheny",2017,2017-05-14,134,10.8,12.75,10.85,10.8,11.7,8.35,5.3,4.45,9.17142857142857,1,1,112,112,TRUE
"492","allegheny",2017,2017-05-15,135,11,10.55,12.75,10.85,10.8,11.7,8.35,5.3,10.0428571428571,1,1,112,112,TRUE
"493","allegheny",2017,2017-05-16,136,11.1,11.65,10.55,12.75,10.85,10.8,11.7,8.35,10.95,1,1,112,112,TRUE
"494","allegheny",2017,2017-05-17,137,11,15.85,11.65,10.55,12.75,10.85,10.8,11.7,12.0214285714286,1,1,112,112,TRUE
"495","allegheny",2017,2017-05-18,138,11.7,21.4,15.85,11.65,10.55,12.75,10.85,10.8,13.4071428571429,1,1,112,112,TRUE
"496","allegheny",2017,2017-05-19,139,11.9,22.5,21.4,15.85,11.65,10.55,12.75,10.85,15.0785714285714,1,1,112,112,TRUE
"497","allegheny",2017,2017-05-20,140,14.3,14.75,22.5,21.4,15.85,11.65,10.55,12.75,15.6357142857143,1,1,112,112,TRUE
"498","allegheny",2017,2017-05-21,141,13.9,16.4,14.75,22.5,21.4,15.85,11.65,10.55,16.1571428571429,1,1,112,112,TRUE
"499","allegheny",2017,2017-05-22,142,13.1,16.95,16.4,14.75,22.5,21.4,15.85,11.65,17.0714285714286,1,1,112,112,TRUE
"500","allegheny",2017,2017-05-23,143,13.8,12.8,16.95,16.4,14.75,22.5,21.4,15.85,17.2357142857143,1,1,112,112,TRUE
"501","allegheny",2017,2017-05-24,144,14.1,15.3,12.8,16.95,16.4,14.75,22.5,21.4,17.1571428571429,1,1,112,112,TRUE
"502","allegheny",2017,2017-05-25,145,14,16.95,15.3,12.8,16.95,16.4,14.75,22.5,16.5214285714286,1,1,112,112,TRUE
"503","allegheny",2017,2017-05-26,146,13.9,14.45,16.95,15.3,12.8,16.95,16.4,14.75,15.3714285714286,1,1,112,112,TRUE
"504","allegheny",2017,2017-05-27,147,14.1,13.65,14.45,16.95,15.3,12.8,16.95,16.4,15.2142857142857,1,1,112,112,TRUE
"505","allegheny",2017,2017-05-28,148,14.6,15.25,13.65,14.45,16.95,15.3,12.8,16.95,15.05,1,1,112,112,TRUE
"506","allegheny",2017,2017-05-29,149,13.8,18.05,15.25,13.65,14.45,16.95,15.3,12.8,15.2071428571429,1,1,112,112,TRUE
"507","allegheny",2017,2017-05-30,150,14.3,18.85,18.05,15.25,13.65,14.45,16.95,15.3,16.0714285714286,1,1,112,112,TRUE
"508","allegheny",2017,2017-05-31,151,14.6,17.5,18.85,18.05,15.25,13.65,14.45,16.95,16.3857142857143,1,1,112,112,TRUE
"509","allegheny",2017,2017-06-01,152,14.6,16.4,17.5,18.85,18.05,15.25,13.65,14.45,16.3071428571429,1,1,112,112,TRUE
"510","allegheny",2017,2017-06-02,153,14.7,13.6,16.4,17.5,18.85,18.05,15.25,13.65,16.1857142857143,1,1,112,112,TRUE
"511","allegheny",2017,2017-06-03,154,16,13.9,13.6,16.4,17.5,18.85,18.05,15.25,16.2214285714286,1,1,112,112,TRUE
"512","allegheny",2017,2017-06-04,155,15.8,14.45,13.9,13.6,16.4,17.5,18.85,18.05,16.1071428571429,1,1,112,112,TRUE
"513","allegheny",2017,2017-06-05,156,14.2,16.65,14.45,13.9,13.6,16.4,17.5,18.85,15.9071428571429,1,1,112,112,TRUE
"514","allegheny",2017,2017-06-06,157,16.1,18.35,16.65,14.45,13.9,13.6,16.4,17.5,15.8357142857143,1,1,112,112,TRUE
"515","allegheny",2017,2017-06-07,158,17.7,13.6,18.35,16.65,14.45,13.9,13.6,16.4,15.2785714285714,1,1,112,112,TRUE
"516","allegheny",2017,2017-06-08,159,16.9,13.35,13.6,18.35,16.65,14.45,13.9,13.6,14.8428571428571,1,1,112,112,TRUE
"517","allegheny",2017,2017-06-09,160,15.9,14.75,13.35,13.6,18.35,16.65,14.45,13.9,15.0071428571429,1,1,112,112,TRUE
"518","allegheny",2017,2017-06-10,161,16.1,16.4,14.75,13.35,13.6,18.35,16.65,14.45,15.3642857142857,1,1,112,112,TRUE
"519","allegheny",2017,2017-06-11,162,15.8,21.4,16.4,14.75,13.35,13.6,18.35,16.65,16.3571428571429,1,1,112,112,TRUE
"520","allegheny",2017,2017-06-12,163,16.2,22.75,21.4,16.4,14.75,13.35,13.6,18.35,17.2285714285714,1,1,112,112,TRUE
"521","allegheny",2017,2017-06-13,164,16.7,23.9,22.75,21.4,16.4,14.75,13.35,13.6,18.0214285714286,1,1,112,112,TRUE
"522","allegheny",2017,2017-06-14,165,18.6,23.9,23.9,22.75,21.4,16.4,14.75,13.35,19.4928571428571,1,1,112,112,TRUE
"523","allegheny",2017,2017-06-15,166,18.6,22.75,23.9,23.9,22.75,21.4,16.4,14.75,20.8357142857143,1,1,112,112,TRUE
"524","allegheny",2017,2017-06-16,167,17.6,24.7,22.75,23.9,23.9,22.75,21.4,16.4,22.2571428571429,1,1,112,112,TRUE
"525","allegheny",2017,2017-06-17,168,18.1,22.75,24.7,22.75,23.9,23.9,22.75,21.4,23.1642857142857,1,1,112,112,TRUE
"526","allegheny",2017,2017-06-18,169,17.1,23.9,22.75,24.7,22.75,23.9,23.9,22.75,23.5214285714286,1,1,112,112,TRUE
"527","allegheny",2017,2017-06-19,170,16.6,24.2,23.9,22.75,24.7,22.75,23.9,23.9,23.7285714285714,1,1,112,112,TRUE
"528","allegheny",2017,2017-06-20,171,16.8,19.75,24.2,23.9,22.75,24.7,22.75,23.9,23.1357142857143,1,1,112,112,TRUE
"529","allegheny",2017,2017-06-21,172,16.4,18.3,19.75,24.2,23.9,22.75,24.7,22.75,22.3357142857143,1,1,112,112,TRUE
"530","allegheny",2017,2017-06-22,173,18.3,16.95,18.3,19.75,24.2,23.9,22.75,24.7,21.5071428571429,1,1,112,112,TRUE
"531","allegheny",2017,2017-06-23,174,17.2,18.9,16.95,18.3,19.75,24.2,23.9,22.75,20.6785714285714,1,1,112,112,TRUE
"532","allegheny",2017,2017-06-24,175,17.4,19.45,18.9,16.95,18.3,19.75,24.2,23.9,20.2071428571429,1,1,112,112,TRUE
"533","allegheny",2017,2017-06-25,176,18.2,18.9,19.45,18.9,16.95,18.3,19.75,24.2,19.4928571428571,1,1,112,112,TRUE
"534","allegheny",2017,2017-06-26,177,16.4,16.95,18.9,19.45,18.9,16.95,18.3,19.75,18.4571428571429,1,1,112,112,TRUE
"535","allegheny",2017,2017-06-27,178,15.8,15.3,16.95,18.9,19.45,18.9,16.95,18.3,17.8214285714286,1,1,112,112,TRUE
"536","allegheny",2017,2017-06-28,179,16.2,13.05,15.3,16.95,18.9,19.45,18.9,16.95,17.0714285714286,1,1,112,112,TRUE
"537","allegheny",2017,2017-06-29,180,16.9,16.1,13.05,15.3,16.95,18.9,19.45,18.9,16.95,1,1,112,112,TRUE
"538","allegheny",2017,2017-06-30,181,17.4,21.95,16.1,13.05,15.3,16.95,18.9,19.45,17.3857142857143,1,1,112,112,TRUE
"539","allegheny",2017,2017-07-01,182,18.4,23.6,21.95,16.1,13.05,15.3,16.95,18.9,17.9785714285714,1,1,112,112,TRUE
"540","allegheny",2017,2017-07-02,183,18.5,21.65,23.6,21.95,16.1,13.05,15.3,16.95,18.3714285714286,1,1,112,112,TRUE
"541","allegheny",2017,2017-07-03,184,18.5,21.4,21.65,23.6,21.95,16.1,13.05,15.3,19.0071428571429,1,1,112,112,TRUE
"542","allegheny",2017,2017-07-04,185,19.6,18.6,21.4,21.65,23.6,21.95,16.1,13.05,19.4785714285714,1,1,112,112,TRUE
"543","allegheny",2017,2017-07-05,186,19.8,19.45,18.6,21.4,21.65,23.6,21.95,16.1,20.3928571428571,1,1,112,112,TRUE
"544","allegheny",2017,2017-07-06,187,19.4,22.8,19.45,18.6,21.4,21.65,23.6,21.95,21.35,1,1,112,112,TRUE
"545","allegheny",2017,2017-07-07,188,18.8,23.6,22.8,19.45,18.6,21.4,21.65,23.6,21.5857142857143,1,1,112,112,TRUE
"546","allegheny",2017,2017-07-08,189,19.2,21.95,23.6,22.8,19.45,18.6,21.4,21.65,21.35,1,1,112,112,TRUE
"547","allegheny",2017,2017-07-09,190,20.1,17.5,21.95,23.6,22.8,19.45,18.6,21.4,20.7571428571429,1,1,112,112,TRUE
"548","allegheny",2017,2017-07-10,191,19.2,18.35,17.5,21.95,23.6,22.8,19.45,18.6,20.3214285714286,1,1,112,112,TRUE
"549","allegheny",2017,2017-07-11,192,18.9,19.45,18.35,17.5,21.95,23.6,22.8,19.45,20.4428571428571,1,1,112,112,TRUE
"550","allegheny",2017,2017-07-12,193,19.5,22.5,19.45,18.35,17.5,21.95,23.6,22.8,20.8785714285714,1,1,112,112,TRUE
"551","allegheny",2017,2017-07-13,194,20,23.9,22.5,19.45,18.35,17.5,21.95,23.6,21.0357142857143,1,1,112,112,TRUE
"552","allegheny",2017,2017-07-14,195,19.9,22.75,23.9,22.5,19.45,18.35,17.5,21.95,20.9142857142857,1,1,112,112,TRUE
"553","allegheny",2017,2017-07-15,196,20.1,22.8,22.75,23.9,22.5,19.45,18.35,17.5,21.0357142857143,1,1,112,112,TRUE
"554","allegheny",2017,2017-07-16,197,20.5,18.05,22.8,22.75,23.9,22.5,19.45,18.35,21.1142857142857,1,1,112,112,TRUE
"555","allegheny",2017,2017-07-17,198,19.6,20.55,18.05,22.8,22.75,23.9,22.5,19.45,21.4285714285714,1,1,112,112,TRUE
"556","allegheny",2017,2017-07-18,199,20.2,20.8,20.55,18.05,22.8,22.75,23.9,22.5,21.6214285714286,1,1,112,112,TRUE
"557","allegheny",2017,2017-07-19,200,20.5,21.35,20.8,20.55,18.05,22.8,22.75,23.9,21.4571428571429,1,1,112,112,TRUE
"558","allegheny",2017,2017-07-20,201,20.3,23.35,21.35,20.8,20.55,18.05,22.8,22.75,21.3785714285714,1,1,112,112,TRUE
"559","allegheny",2017,2017-07-21,202,20.4,24.75,23.35,21.35,20.8,20.55,18.05,22.8,21.6642857142857,1,1,112,112,TRUE
"560","allegheny",2017,2017-07-22,203,20.9,24.45,24.75,23.35,21.35,20.8,20.55,18.05,21.9,1,1,112,112,TRUE
"561","bigcreek",2003,2003-04-02,92,5.13,5.6,4,-3.1,-1.8,5.8,12,5.2,3.95714285714286,10,10,112,112,TRUE
"562","bigcreek",2003,2003-04-03,93,5.12,-0.8,5.6,4,-3.1,-1.8,5.8,12,3.1,10,10,112,112,TRUE
"563","bigcreek",2003,2003-04-04,94,3.03,-1.7,-0.8,5.6,4,-3.1,-1.8,5.8,1.14285714285714,10,10,112,112,TRUE
"564","bigcreek",2003,2003-04-05,95,1.22,-2,-1.7,-0.8,5.6,4,-3.1,-1.8,0.0285714285714285,10,10,112,112,TRUE
"565","bigcreek",2003,2003-04-06,96,1.22,-4.6,-2,-1.7,-0.8,5.6,4,-3.1,-0.371428571428571,10,10,112,112,TRUE
"566","bigcreek",2003,2003-04-07,97,1.47,-3.2,-4.6,-2,-1.7,-0.8,5.6,4,-0.385714285714286,10,10,112,112,TRUE
"567","bigcreek",2003,2003-04-08,98,1.31,-1.6,-3.2,-4.6,-2,-1.7,-0.8,5.6,-1.18571428571429,10,10,112,112,TRUE
"568","bigcreek",2003,2003-04-09,99,2.21,1.4,-1.6,-3.2,-4.6,-2,-1.7,-0.8,-1.78571428571429,10,10,112,112,TRUE
"569","bigcreek",2003,2003-04-10,100,3.76,2,1.4,-1.6,-3.2,-4.6,-2,-1.7,-1.38571428571429,10,10,112,112,TRUE
"570","bigcreek",2003,2003-04-11,101,5.62,7.3,2,1.4,-1.6,-3.2,-4.6,-2,-0.1,10,10,112,112,TRUE
"571","bigcreek",2003,2003-04-12,102,6.84,6.8,7.3,2,1.4,-1.6,-3.2,-4.6,1.15714285714286,10,10,112,112,TRUE
"572","bigcreek",2003,2003-04-13,103,7.08,4.5,6.8,7.3,2,1.4,-1.6,-3.2,2.45714285714286,10,10,112,112,TRUE
"573","bigcreek",2003,2003-04-14,104,7.31,9,4.5,6.8,7.3,2,1.4,-1.6,4.2,10,10,112,112,TRUE
"574","bigcreek",2003,2003-04-15,105,9.37,18.6,9,4.5,6.8,7.3,2,1.4,7.08571428571429,10,10,112,112,TRUE
"575","bigcreek",2003,2003-04-16,106,11.29,11.3,18.6,9,4.5,6.8,7.3,2,8.5,10,10,112,112,TRUE
"576","bigcreek",2003,2003-04-17,107,9.36,2.6,11.3,18.6,9,4.5,6.8,7.3,8.58571428571429,10,10,112,112,TRUE
"577","bigcreek",2003,2003-04-18,108,7.38,6.9,2.6,11.3,18.6,9,4.5,6.8,8.52857142857143,10,10,112,112,TRUE
"578","bigcreek",2003,2003-04-19,109,8.08,13.2,6.9,2.6,11.3,18.6,9,4.5,9.44285714285714,10,10,112,112,TRUE
"579","bigcreek",2003,2003-04-20,110,10.49,16.7,13.2,6.9,2.6,11.3,18.6,9,11.1857142857143,10,10,112,112,TRUE
"580","bigcreek",2003,2003-04-21,111,12.73,13.6,16.7,13.2,6.9,2.6,11.3,18.6,11.8428571428571,10,10,112,112,TRUE
"581","bigcreek",2003,2003-04-22,112,11.85,3.8,13.6,16.7,13.2,6.9,2.6,11.3,9.72857142857143,10,10,112,112,TRUE
"582","bigcreek",2003,2003-04-23,113,9.42,4.3,3.8,13.6,16.7,13.2,6.9,2.6,8.72857142857143,10,10,112,112,TRUE
"583","bigcreek",2003,2003-04-24,114,8.76,5.4,4.3,3.8,13.6,16.7,13.2,6.9,9.12857142857143,10,10,112,112,TRUE
"584","bigcreek",2003,2003-04-25,115,9.45,8.2,5.4,4.3,3.8,13.6,16.7,13.2,9.31428571428571,10,10,112,112,TRUE
"585","bigcreek",2003,2003-04-26,116,10.56,9.8,8.2,5.4,4.3,3.8,13.6,16.7,8.82857142857143,10,10,112,112,TRUE
"586","bigcreek",2003,2003-04-27,117,10.71,6.8,9.8,8.2,5.4,4.3,3.8,13.6,7.41428571428571,10,10,112,112,TRUE
"587","bigcreek",2003,2003-04-28,118,11.48,14.5,6.8,9.8,8.2,5.4,4.3,3.8,7.54285714285714,10,10,112,112,TRUE
"588","bigcreek",2003,2003-04-29,119,12.69,10,14.5,6.8,9.8,8.2,5.4,4.3,8.42857142857143,10,10,112,112,TRUE
"589","bigcreek",2003,2003-04-30,120,11.76,10.3,10,14.5,6.8,9.8,8.2,5.4,9.28571428571429,10,10,112,112,TRUE
"590","bigcreek",2003,2003-05-01,121,11.55,13.7,10.3,10,14.5,6.8,9.8,8.2,10.4714285714286,10,10,112,112,TRUE
"591","bigcreek",2003,2003-05-02,122,12.47,11.5,13.7,10.3,10,14.5,6.8,9.8,10.9428571428571,10,10,112,112,TRUE
"592","bigcreek",2003,2003-05-03,123,11.79,8.5,11.5,13.7,10.3,10,14.5,6.8,10.7571428571429,10,10,112,112,TRUE
"593","bigcreek",2003,2003-05-04,124,11.75,10.1,8.5,11.5,13.7,10.3,10,14.5,11.2285714285714,10,10,112,112,TRUE
"594","bigcreek",2003,2003-05-05,125,11.85,9.9,10.1,8.5,11.5,13.7,10.3,10,10.5714285714286,10,10,112,112,TRUE
"595","bigcreek",2003,2003-05-06,126,11.59,15.2,9.9,10.1,8.5,11.5,13.7,10.3,11.3142857142857,10,10,112,112,TRUE
"596","bigcreek",2003,2003-05-07,127,12.52,11.5,15.2,9.9,10.1,8.5,11.5,13.7,11.4857142857143,10,10,112,112,TRUE
"597","bigcreek",2003,2003-05-08,128,12.6,14.3,11.5,15.2,9.9,10.1,8.5,11.5,11.5714285714286,10,10,112,112,TRUE
"598","bigcreek",2003,2003-05-09,129,13.05,13.3,14.3,11.5,15.2,9.9,10.1,8.5,11.8285714285714,10,10,112,112,TRUE
"599","bigcreek",2003,2003-05-10,130,13.45,15.8,13.3,14.3,11.5,15.2,9.9,10.1,12.8714285714286,10,10,112,112,TRUE
"600","bigcreek",2003,2003-05-11,131,13.9,16.7,15.8,13.3,14.3,11.5,15.2,9.9,13.8142857142857,10,10,112,112,TRUE
"601","bigcreek",2003,2003-05-12,132,12.56,8.7,16.7,15.8,13.3,14.3,11.5,15.2,13.6428571428571,10,10,112,112,TRUE
"602","bigcreek",2003,2003-05-13,133,10.81,9.2,8.7,16.7,15.8,13.3,14.3,11.5,12.7857142857143,10,10,112,112,TRUE
"603","bigcreek",2003,2003-05-14,134,10.87,12.3,9.2,8.7,16.7,15.8,13.3,14.3,12.9,10,10,112,112,TRUE
"604","bigcreek",2003,2003-05-15,135,11.57,10.8,12.3,9.2,8.7,16.7,15.8,13.3,12.4,10,10,112,112,TRUE
"605","bigcreek",2003,2003-05-16,136,11.41,11.3,10.8,12.3,9.2,8.7,16.7,15.8,12.1142857142857,10,10,112,112,TRUE
"606","bigcreek",2003,2003-05-17,137,11.24,12.8,11.3,10.8,12.3,9.2,8.7,16.7,11.6857142857143,10,10,112,112,TRUE
"607","bigcreek",2003,2003-05-18,138,11.97,13.3,12.8,11.3,10.8,12.3,9.2,8.7,11.2,10,10,112,112,TRUE
"608","bigcreek",2003,2003-05-19,139,13.32,15.1,13.3,12.8,11.3,10.8,12.3,9.2,12.1142857142857,10,10,112,112,TRUE
"609","bigcreek",2003,2003-05-20,140,13.64,14.6,15.1,13.3,12.8,11.3,10.8,12.3,12.8857142857143,10,10,112,112,TRUE
"610","bigcreek",2003,2003-05-21,141,12.41,10.1,14.6,15.1,13.3,12.8,11.3,10.8,12.5714285714286,10,10,112,112,TRUE
"611","bigcreek",2003,2003-05-22,142,12.21,9.6,10.1,14.6,15.1,13.3,12.8,11.3,12.4,10,10,112,112,TRUE
"612","bigcreek",2003,2003-05-23,143,12.06,12.1,9.6,10.1,14.6,15.1,13.3,12.8,12.5142857142857,10,10,112,112,TRUE
"613","bigcreek",2003,2003-05-24,144,12.34,12.5,12.1,9.6,10.1,14.6,15.1,13.3,12.4714285714286,10,10,112,112,TRUE
"614","bigcreek",2003,2003-05-25,145,12.79,11.8,12.5,12.1,9.6,10.1,14.6,15.1,12.2571428571429,10,10,112,112,TRUE
"615","bigcreek",2003,2003-05-26,146,12.66,12.5,11.8,12.5,12.1,9.6,10.1,14.6,11.8857142857143,10,10,112,112,TRUE
"616","bigcreek",2003,2003-05-27,147,12.68,11.1,12.5,11.8,12.5,12.1,9.6,10.1,11.3857142857143,10,10,112,112,TRUE
"617","bigcreek",2003,2003-05-28,148,12.81,13.5,11.1,12.5,11.8,12.5,12.1,9.6,11.8714285714286,10,10,112,112,TRUE
"618","bigcreek",2003,2003-05-29,149,13.5,15.3,13.5,11.1,12.5,11.8,12.5,12.1,12.6857142857143,10,10,112,112,TRUE
"619","bigcreek",2003,2003-05-30,150,14.51,15.4,15.3,13.5,11.1,12.5,11.8,12.5,13.1571428571429,10,10,112,112,TRUE
"620","bigcreek",2003,2003-05-31,151,14.16,11.8,15.4,15.3,13.5,11.1,12.5,11.8,13.0571428571429,10,10,112,112,TRUE
"621","bigcreek",2003,2003-06-01,152,12.63,10.5,11.8,15.4,15.3,13.5,11.1,12.5,12.8714285714286,10,10,112,112,TRUE
"622","bigcreek",2003,2003-06-02,153,12.76,13.4,10.5,11.8,15.4,15.3,13.5,11.1,13,10,10,112,112,TRUE
"623","bigcreek",2003,2003-06-03,154,12.85,12.2,13.4,10.5,11.8,15.4,15.3,13.5,13.1571428571429,10,10,112,112,TRUE
"624","bigcreek",2003,2003-06-04,155,12.3,12.8,12.2,13.4,10.5,11.8,15.4,15.3,13.0571428571429,10,10,112,112,TRUE
"625","bigcreek",2003,2003-06-05,156,11.84,12.8,12.8,12.2,13.4,10.5,11.8,15.4,12.7,10,10,112,112,TRUE
"626","bigcreek",2003,2003-06-06,157,12.39,15.9,12.8,12.8,12.2,13.4,10.5,11.8,12.7714285714286,10,10,112,112,TRUE
"627","bigcreek",2003,2003-06-07,158,14.06,18.8,15.9,12.8,12.8,12.2,13.4,10.5,13.7714285714286,10,10,112,112,TRUE
"628","bigcreek",2003,2003-06-08,159,15.08,18.1,18.8,15.9,12.8,12.8,12.2,13.4,14.8571428571429,10,10,112,112,TRUE
"629","bigcreek",2003,2003-06-09,160,15.29,17,18.1,18.8,15.9,12.8,12.8,12.2,15.3714285714286,10,10,112,112,TRUE
"630","bigcreek",2003,2003-06-10,161,14.89,17.1,17,18.1,18.8,15.9,12.8,12.8,16.0714285714286,10,10,112,112,TRUE
"631","bigcreek",2003,2003-06-11,162,15.77,21.3,17.1,17,18.1,18.8,15.9,12.8,17.2857142857143,10,10,112,112,TRUE
"632","bigcreek",2003,2003-06-12,163,15.62,14.7,21.3,17.1,17,18.1,18.8,15.9,17.5571428571429,10,10,112,112,TRUE
"633","bigcreek",2003,2003-06-13,164,14.54,16.2,14.7,21.3,17.1,17,18.1,18.8,17.6,10,10,112,112,TRUE
"634","bigcreek",2003,2003-06-14,165,14.68,20.1,16.2,14.7,21.3,17.1,17,18.1,17.7857142857143,10,10,112,112,TRUE
"635","bigcreek",2003,2003-06-15,166,16,19,20.1,16.2,14.7,21.3,17.1,17,17.9142857142857,10,10,112,112,TRUE
"636","bigcreek",2003,2003-06-16,167,16.7,16.3,19,20.1,16.2,14.7,21.3,17.1,17.8142857142857,10,10,112,112,TRUE
"637","bigcreek",2003,2003-06-17,168,16.83,18,16.3,19,20.1,16.2,14.7,21.3,17.9428571428571,10,10,112,112,TRUE
"638","bigcreek",2003,2003-06-18,169,17.03,20,18,16.3,19,20.1,16.2,14.7,17.7571428571429,10,10,112,112,TRUE
"639","bigcreek",2003,2003-06-19,170,17.19,18.1,20,18,16.3,19,20.1,16.2,18.2428571428571,10,10,112,112,TRUE
"640","bigcreek",2003,2003-06-20,171,16.36,15.5,18.1,20,18,16.3,19,20.1,18.1428571428571,10,10,112,112,TRUE
"641","bigcreek",2003,2003-06-21,172,15.83,18.2,15.5,18.1,20,18,16.3,19,17.8714285714286,10,10,112,112,TRUE
"642","bigcreek",2003,2003-06-22,173,16.05,19.8,18.2,15.5,18.1,20,18,16.3,17.9857142857143,10,10,112,112,TRUE
"643","bigcreek",2003,2003-06-23,174,16.94,20.2,19.8,18.2,15.5,18.1,20,18,18.5428571428571,10,10,112,112,TRUE
"644","bigcreek",2003,2003-06-24,175,17.92,22.1,20.2,19.8,18.2,15.5,18.1,20,19.1285714285714,10,10,112,112,TRUE
"645","bigcreek",2003,2003-06-25,176,18.97,25.1,22.1,20.2,19.8,18.2,15.5,18.1,19.8571428571429,10,10,112,112,TRUE
"646","bigcreek",2003,2003-06-26,177,19.85,25,25.1,22.1,20.2,19.8,18.2,15.5,20.8428571428571,10,10,112,112,TRUE
"647","bigcreek",2003,2003-06-27,178,19.86,19.6,25,25.1,22.1,20.2,19.8,18.2,21.4285714285714,10,10,112,112,TRUE
"648","bigcreek",2003,2003-06-28,179,18.82,21.2,19.6,25,25.1,22.1,20.2,19.8,21.8571428571429,10,10,112,112,TRUE
"649","bigcreek",2003,2003-06-29,180,18.58,21.8,21.2,19.6,25,25.1,22.1,20.2,22.1428571428571,10,10,112,112,TRUE
"650","bigcreek",2003,2003-06-30,181,17.97,18.8,21.8,21.2,19.6,25,25.1,22.1,21.9428571428571,10,10,112,112,TRUE
"651","bigcreek",2003,2003-07-01,182,17.99,20.9,18.8,21.8,21.2,19.6,25,25.1,21.7714285714286,10,10,112,112,TRUE
"652","bigcreek",2003,2003-07-02,183,18.3,21,20.9,18.8,21.8,21.2,19.6,25,21.1857142857143,10,10,112,112,TRUE
"653","bigcreek",2003,2003-07-03,184,18.82,22.7,21,20.9,18.8,21.8,21.2,19.6,20.8571428571429,10,10,112,112,TRUE
"654","bigcreek",2003,2003-07-04,185,19.64,24.8,22.7,21,20.9,18.8,21.8,21.2,21.6,10,10,112,112,TRUE
"655","bigcreek",2003,2003-07-05,186,19.94,24.8,24.8,22.7,21,20.9,18.8,21.8,22.1142857142857,10,10,112,112,TRUE
"656","bigcreek",2003,2003-07-06,187,19.62,23.4,24.8,24.8,22.7,21,20.9,18.8,22.3428571428571,10,10,112,112,TRUE
"657","bigcreek",2003,2003-07-07,188,19.82,22.3,23.4,24.8,24.8,22.7,21,20.9,22.8428571428571,10,10,112,112,TRUE
"658","bigcreek",2003,2003-07-08,189,20.08,25.1,22.3,23.4,24.8,24.8,22.7,21,23.4428571428571,10,10,112,112,TRUE
"659","bigcreek",2003,2003-07-09,190,20.13,22.5,25.1,22.3,23.4,24.8,24.8,22.7,23.6571428571429,10,10,112,112,TRUE
"660","bigcreek",2003,2003-07-10,191,18.69,18,22.5,25.1,22.3,23.4,24.8,24.8,22.9857142857143,10,10,112,112,TRUE
"661","bigcreek",2003,2003-07-11,192,18.07,20.6,18,22.5,25.1,22.3,23.4,24.8,22.3857142857143,10,10,112,112,TRUE
"662","bigcreek",2003,2003-07-12,193,16.88,18,20.6,18,22.5,25.1,22.3,23.4,21.4142857142857,10,10,112,112,TRUE
"663","bigcreek",2003,2003-07-13,194,16.9,19.3,18,20.6,18,22.5,25.1,22.3,20.8285714285714,10,10,112,112,TRUE
"664","bigcreek",2003,2003-07-14,195,17.31,19.9,19.3,18,20.6,18,22.5,25.1,20.4857142857143,10,10,112,112,TRUE
"665","bigcreek",2003,2003-07-15,196,17.85,21.4,19.9,19.3,18,20.6,18,22.5,19.9571428571429,10,10,112,112,TRUE
"666","bigcreek",2003,2003-07-16,197,17.68,17.8,21.4,19.9,19.3,18,20.6,18,19.2857142857143,10,10,112,112,TRUE
"667","bigcreek",2003,2003-07-17,198,16.75,18.5,17.8,21.4,19.9,19.3,18,20.6,19.3571428571429,10,10,112,112,TRUE
"668","bigcreek",2003,2003-07-18,199,17.92,21.3,18.5,17.8,21.4,19.9,19.3,18,19.4571428571429,10,10,112,112,TRUE
"669","bigcreek",2003,2003-07-19,200,17.04,17.1,21.3,18.5,17.8,21.4,19.9,19.3,19.3285714285714,10,10,112,112,TRUE
"670","bigcreek",2003,2003-07-20,201,16.63,17.3,17.1,21.3,18.5,17.8,21.4,19.9,19.0428571428571,10,10,112,112,TRUE
"671","bigcreek",2003,2003-07-21,202,17.01,20.4,17.3,17.1,21.3,18.5,17.8,21.4,19.1142857142857,10,10,112,112,TRUE
"672","bigcreek",2003,2003-07-22,203,17.03,20.3,20.4,17.3,17.1,21.3,18.5,17.8,18.9571428571429,10,10,112,112,TRUE
"673","bigcreek",2005,2005-04-02,92,3.02,2.9,7.7,11.1,7.3,5.9,5,1.3,5.88571428571429,6,6,112,112,TRUE
"674","bigcreek",2005,2005-04-03,93,2.61,2.6,2.9,7.7,11.1,7.3,5.9,5,6.07142857142857,6,6,112,112,TRUE
"675","bigcreek",2005,2005-04-04,94,3.78,4.2,2.6,2.9,7.7,11.1,7.3,5.9,5.95714285714286,6,6,112,112,TRUE
"676","bigcreek",2005,2005-04-05,95,5.53,6.1,4.2,2.6,2.9,7.7,11.1,7.3,5.98571428571429,6,6,112,112,TRUE
"677","bigcreek",2005,2005-04-06,96,6.71,11.2,6.1,4.2,2.6,2.9,7.7,11.1,6.54285714285714,6,6,112,112,TRUE
"678","bigcreek",2005,2005-04-07,97,6.74,6.3,11.2,6.1,4.2,2.6,2.9,7.7,5.85714285714286,6,6,112,112,TRUE
"679","bigcreek",2005,2005-04-08,98,7.04,7.4,6.3,11.2,6.1,4.2,2.6,2.9,5.81428571428571,6,6,112,112,TRUE
"680","bigcreek",2005,2005-04-09,99,7.57,7.7,7.4,6.3,11.2,6.1,4.2,2.6,6.5,6,6,112,112,TRUE
"681","bigcreek",2005,2005-04-10,100,8.17,8.8,7.7,7.4,6.3,11.2,6.1,4.2,7.38571428571429,6,6,112,112,TRUE
"682","bigcreek",2005,2005-04-11,101,7.99,6.5,8.8,7.7,7.4,6.3,11.2,6.1,7.71428571428571,6,6,112,112,TRUE
"683","bigcreek",2005,2005-04-12,102,7.62,5.1,6.5,8.8,7.7,7.4,6.3,11.2,7.57142857142857,6,6,112,112,TRUE
"684","bigcreek",2005,2005-04-13,103,7.61,5.2,5.1,6.5,8.8,7.7,7.4,6.3,6.71428571428571,6,6,112,112,TRUE
"685","bigcreek",2005,2005-04-14,104,7.9,8.5,5.2,5.1,6.5,8.8,7.7,7.4,7.02857142857143,6,6,112,112,TRUE
"686","bigcreek",2005,2005-04-15,105,8.17,7.4,8.5,5.2,5.1,6.5,8.8,7.7,7.02857142857143,6,6,112,112,TRUE
"687","bigcreek",2005,2005-04-16,106,8.41,8.5,7.4,8.5,5.2,5.1,6.5,8.8,7.14285714285714,6,6,112,112,TRUE
"688","bigcreek",2005,2005-04-17,107,8.47,9.2,8.5,7.4,8.5,5.2,5.1,6.5,7.2,6,6,112,112,TRUE
"689","bigcreek",2005,2005-04-18,108,9.23,12.2,9.2,8.5,7.4,8.5,5.2,5.1,8.01428571428571,6,6,112,112,TRUE
"690","bigcreek",2005,2005-04-19,109,10.15,15.5,12.2,9.2,8.5,7.4,8.5,5.2,9.5,6,6,112,112,TRUE
"691","bigcreek",2005,2005-04-20,110,10,11,15.5,12.2,9.2,8.5,7.4,8.5,10.3285714285714,6,6,112,112,TRUE
"692","bigcreek",2005,2005-04-21,111,9.44,6.8,11,15.5,12.2,9.2,8.5,7.4,10.0857142857143,6,6,112,112,TRUE
"693","bigcreek",2005,2005-04-22,112,8.62,6.2,6.8,11,15.5,12.2,9.2,8.5,9.91428571428571,6,6,112,112,TRUE
"694","bigcreek",2005,2005-04-23,113,7.73,4.9,6.2,6.8,11,15.5,12.2,9.2,9.4,6,6,112,112,TRUE
"695","bigcreek",2005,2005-04-24,114,6.93,2.3,4.9,6.2,6.8,11,15.5,12.2,8.41428571428571,6,6,112,112,TRUE
"696","bigcreek",2005,2005-04-25,115,6.5,4.6,2.3,4.9,6.2,6.8,11,15.5,7.32857142857143,6,6,112,112,TRUE
"697","bigcreek",2005,2005-04-26,116,6.7,10.9,4.6,2.3,4.9,6.2,6.8,11,6.67142857142857,6,6,112,112,TRUE
"698","bigcreek",2005,2005-04-27,117,7.2,8.3,10.9,4.6,2.3,4.9,6.2,6.8,6.28571428571429,6,6,112,112,TRUE
"699","bigcreek",2005,2005-04-28,118,7.26,4,8.3,10.9,4.6,2.3,4.9,6.2,5.88571428571429,6,6,112,112,TRUE
"700","bigcreek",2005,2005-04-29,119,7.47,5.7,4,8.3,10.9,4.6,2.3,4.9,5.81428571428571,6,6,112,112,TRUE
"701","bigcreek",2005,2005-04-30,120,7.54,4.9,5.7,4,8.3,10.9,4.6,2.3,5.81428571428571,6,6,112,112,TRUE
"702","bigcreek",2005,2005-05-01,121,7.53,6.4,4.9,5.7,4,8.3,10.9,4.6,6.4,6,6,112,112,TRUE
"703","bigcreek",2005,2005-05-02,122,7.49,5,6.4,4.9,5.7,4,8.3,10.9,6.45714285714286,6,6,112,112,TRUE
"704","bigcreek",2005,2005-05-03,123,7.26,4.3,5,6.4,4.9,5.7,4,8.3,5.51428571428571,6,6,112,112,TRUE
"705","bigcreek",2005,2005-05-04,124,7.33,5.9,4.3,5,6.4,4.9,5.7,4,5.17142857142857,6,6,112,112,TRUE
"706","bigcreek",2005,2005-05-05,125,7.73,6.6,5.9,4.3,5,6.4,4.9,5.7,5.54285714285714,6,6,112,112,TRUE
"707","bigcreek",2005,2005-05-06,126,8.42,10.9,6.6,5.9,4.3,5,6.4,4.9,6.28571428571429,6,6,112,112,TRUE
"708","bigcreek",2005,2005-05-07,127,8.93,10.8,10.9,6.6,5.9,4.3,5,6.4,7.12857142857143,6,6,112,112,TRUE
"709","bigcreek",2005,2005-05-08,128,9.6,12.7,10.8,10.9,6.6,5.9,4.3,5,8.02857142857143,6,6,112,112,TRUE
"710","bigcreek",2005,2005-05-09,129,10.22,14.5,12.7,10.8,10.9,6.6,5.9,4.3,9.38571428571429,6,6,112,112,TRUE
"711","bigcreek",2005,2005-05-10,130,10.66,15.5,14.5,12.7,10.8,10.9,6.6,5.9,10.9857142857143,6,6,112,112,TRUE
"712","bigcreek",2005,2005-05-11,131,10.45,14.7,15.5,14.5,12.7,10.8,10.9,6.6,12.2428571428571,6,6,112,112,TRUE
"713","bigcreek",2005,2005-05-12,132,9.48,6.9,14.7,15.5,14.5,12.7,10.8,10.9,12.2857142857143,6,6,112,112,TRUE
"714","bigcreek",2005,2005-05-13,133,9.75,10.5,6.9,14.7,15.5,14.5,12.7,10.8,12.2285714285714,6,6,112,112,TRUE
"715","bigcreek",2005,2005-05-14,134,10.14,13.7,10.5,6.9,14.7,15.5,14.5,12.7,12.6428571428571,6,6,112,112,TRUE
"716","bigcreek",2005,2005-05-15,135,10.05,9.5,13.7,10.5,6.9,14.7,15.5,14.5,12.1857142857143,6,6,112,112,TRUE
"717","bigcreek",2005,2005-05-16,136,9.41,6.1,9.5,13.7,10.5,6.9,14.7,15.5,10.9857142857143,6,6,112,112,TRUE
"718","bigcreek",2005,2005-05-17,137,9.12,7.5,6.1,9.5,13.7,10.5,6.9,14.7,9.84285714285714,6,6,112,112,TRUE
"719","bigcreek",2005,2005-05-18,138,9.35,8.8,7.5,6.1,9.5,13.7,10.5,6.9,9,6,6,112,112,TRUE
"720","bigcreek",2005,2005-05-19,139,9.71,10.9,8.8,7.5,6.1,9.5,13.7,10.5,9.57142857142857,6,6,112,112,TRUE
"721","bigcreek",2005,2005-05-20,140,9.98,13.8,10.9,8.8,7.5,6.1,9.5,13.7,10.0428571428571,6,6,112,112,TRUE
"722","bigcreek",2005,2005-05-21,141,10.35,13.2,13.8,10.9,8.8,7.5,6.1,9.5,9.97142857142857,6,6,112,112,TRUE
"723","bigcreek",2005,2005-05-22,142,10.4,13.3,13.2,13.8,10.9,8.8,7.5,6.1,10.5142857142857,6,6,112,112,TRUE
"724","bigcreek",2005,2005-05-23,143,10.05,11.3,13.3,13.2,13.8,10.9,8.8,7.5,11.2571428571429,6,6,112,112,TRUE
"725","bigcreek",2005,2005-05-24,144,10.05,10.6,11.3,13.3,13.2,13.8,10.9,8.8,11.7,6,6,112,112,TRUE
"726","bigcreek",2005,2005-05-25,145,10.66,14.9,10.6,11.3,13.3,13.2,13.8,10.9,12.5714285714286,6,6,112,112,TRUE
"727","bigcreek",2005,2005-05-26,146,11.58,15.3,14.9,10.6,11.3,13.3,13.2,13.8,13.2,6,6,112,112,TRUE
"728","bigcreek",2005,2005-05-27,147,11.61,16.3,15.3,14.9,10.6,11.3,13.3,13.2,13.5571428571429,6,6,112,112,TRUE
"729","bigcreek",2005,2005-05-28,148,11.35,12.6,16.3,15.3,14.9,10.6,11.3,13.3,13.4714285714286,6,6,112,112,TRUE
"730","bigcreek",2005,2005-05-29,149,11.61,13.1,12.6,16.3,15.3,14.9,10.6,11.3,13.4428571428571,6,6,112,112,TRUE
"731","bigcreek",2005,2005-05-30,150,11.93,15,13.1,12.6,16.3,15.3,14.9,10.6,13.9714285714286,6,6,112,112,TRUE
"732","bigcreek",2005,2005-05-31,151,12.23,15.2,15,13.1,12.6,16.3,15.3,14.9,14.6285714285714,6,6,112,112,TRUE
"733","bigcreek",2005,2005-06-01,152,12.82,16,15.2,15,13.1,12.6,16.3,15.3,14.7857142857143,6,6,112,112,TRUE
"734","bigcreek",2005,2005-06-02,153,13.23,18.3,16,15.2,15,13.1,12.6,16.3,15.2142857142857,6,6,112,112,TRUE
"735","bigcreek",2005,2005-06-03,154,13.32,17.2,18.3,16,15.2,15,13.1,12.6,15.3428571428571,6,6,112,112,TRUE
"736","bigcreek",2005,2005-06-04,155,13.86,19.8,17.2,18.3,16,15.2,15,13.1,16.3714285714286,6,6,112,112,TRUE
"737","bigcreek",2005,2005-06-05,156,14.99,22.5,19.8,17.2,18.3,16,15.2,15,17.7142857142857,6,6,112,112,TRUE
"738","bigcreek",2005,2005-06-06,157,15.38,22.6,22.5,19.8,17.2,18.3,16,15.2,18.8,6,6,112,112,TRUE
"739","bigcreek",2005,2005-06-07,158,15.9,24,22.6,22.5,19.8,17.2,18.3,16,20.0571428571429,6,6,112,112,TRUE
"740","bigcreek",2005,2005-06-08,159,16.52,23.9,24,22.6,22.5,19.8,17.2,18.3,21.1857142857143,6,6,112,112,TRUE
"741","bigcreek",2005,2005-06-09,160,17.17,25.1,23.9,24,22.6,22.5,19.8,17.2,22.1571428571429,6,6,112,112,TRUE
"742","bigcreek",2005,2005-06-10,161,17.66,27.1,25.1,23.9,24,22.6,22.5,19.8,23.5714285714286,6,6,112,112,TRUE
"743","bigcreek",2005,2005-06-11,162,17.97,26.1,27.1,25.1,23.9,24,22.6,22.5,24.4714285714286,6,6,112,112,TRUE
"744","bigcreek",2005,2005-06-12,163,18.08,25.5,26.1,27.1,25.1,23.9,24,22.6,24.9,6,6,112,112,TRUE
"745","bigcreek",2005,2005-06-13,164,18.04,24.6,25.5,26.1,27.1,25.1,23.9,24,25.1857142857143,6,6,112,112,TRUE
"746","bigcreek",2005,2005-06-14,165,17.89,25.3,24.6,25.5,26.1,27.1,25.1,23.9,25.3714285714286,6,6,112,112,TRUE
"747","bigcreek",2005,2005-06-15,166,17.04,19,25.3,24.6,25.5,26.1,27.1,25.1,24.6714285714286,6,6,112,112,TRUE
"748","bigcreek",2005,2005-06-16,167,15.93,15.3,19,25.3,24.6,25.5,26.1,27.1,23.2714285714286,6,6,112,112,TRUE
"749","bigcreek",2005,2005-06-17,168,15.44,15.8,15.3,19,25.3,24.6,25.5,26.1,21.6571428571429,6,6,112,112,TRUE
"750","bigcreek",2005,2005-06-18,169,15.21,15.6,15.8,15.3,19,25.3,24.6,25.5,20.1571428571429,6,6,112,112,TRUE
"751","bigcreek",2005,2005-06-19,170,15.04,13.6,15.6,15.8,15.3,19,25.3,24.6,18.4571428571429,6,6,112,112,TRUE
"752","bigcreek",2005,2005-06-20,171,15.53,16.4,13.6,15.6,15.8,15.3,19,25.3,17.2857142857143,6,6,112,112,TRUE
"753","bigcreek",2005,2005-06-21,172,15.95,18.8,16.4,13.6,15.6,15.8,15.3,19,16.3571428571429,6,6,112,112,TRUE
"754","bigcreek",2005,2005-06-22,173,15.91,18.8,18.8,16.4,13.6,15.6,15.8,15.3,16.3285714285714,6,6,112,112,TRUE
"755","bigcreek",2005,2005-06-23,174,16.07,17.2,18.8,18.8,16.4,13.6,15.6,15.8,16.6,6,6,112,112,TRUE
"756","bigcreek",2005,2005-06-24,175,17.07,20.5,17.2,18.8,18.8,16.4,13.6,15.6,17.2714285714286,6,6,112,112,TRUE
"757","bigcreek",2005,2005-06-25,176,17.84,25.8,20.5,17.2,18.8,18.8,16.4,13.6,18.7285714285714,6,6,112,112,TRUE
"758","bigcreek",2005,2005-06-26,177,18.27,24.5,25.8,20.5,17.2,18.8,18.8,16.4,20.2857142857143,6,6,112,112,TRUE
"759","bigcreek",2005,2005-06-27,178,18.78,25.8,24.5,25.8,20.5,17.2,18.8,18.8,21.6285714285714,6,6,112,112,TRUE
"760","bigcreek",2005,2005-06-28,179,19.13,26.2,25.8,24.5,25.8,20.5,17.2,18.8,22.6857142857143,6,6,112,112,TRUE
"761","bigcreek",2005,2005-06-29,180,19.34,26.2,26.2,25.8,24.5,25.8,20.5,17.2,23.7428571428571,6,6,112,112,TRUE
"762","bigcreek",2005,2005-06-30,181,19.61,24.4,26.2,26.2,25.8,24.5,25.8,20.5,24.7714285714286,6,6,112,112,TRUE
"763","bigcreek",2005,2005-07-01,182,18.7,19.8,24.4,26.2,26.2,25.8,24.5,25.8,24.6714285714286,6,6,112,112,TRUE
"764","bigcreek",2005,2005-07-02,183,18.05,16.9,19.8,24.4,26.2,26.2,25.8,24.5,23.4,6,6,112,112,TRUE
"765","bigcreek",2005,2005-07-03,184,18.47,18.5,16.9,19.8,24.4,26.2,26.2,25.8,22.5428571428571,6,6,112,112,TRUE
"766","bigcreek",2005,2005-07-04,185,18.92,23.2,18.5,16.9,19.8,24.4,26.2,26.2,22.1714285714286,6,6,112,112,TRUE
"767","bigcreek",2005,2005-07-05,186,18.54,21.3,23.2,18.5,16.9,19.8,24.4,26.2,21.4714285714286,6,6,112,112,TRUE
"768","bigcreek",2005,2005-07-06,187,18.36,20.9,21.3,23.2,18.5,16.9,19.8,24.4,20.7142857142857,6,6,112,112,TRUE
"769","bigcreek",2005,2005-07-07,188,18.31,21.1,20.9,21.3,23.2,18.5,16.9,19.8,20.2428571428571,6,6,112,112,TRUE
"770","bigcreek",2005,2005-07-08,189,18,20.4,21.1,20.9,21.3,23.2,18.5,16.9,20.3285714285714,6,6,112,112,TRUE
"771","bigcreek",2005,2005-07-09,190,18.05,21.2,20.4,21.1,20.9,21.3,23.2,18.5,20.9428571428571,6,6,112,112,TRUE
"772","bigcreek",2005,2005-07-10,191,18.34,20.7,21.2,20.4,21.1,20.9,21.3,23.2,21.2571428571429,6,6,112,112,TRUE
"773","bigcreek",2005,2005-07-11,192,18.84,23.6,20.7,21.2,20.4,21.1,20.9,21.3,21.3142857142857,6,6,112,112,TRUE
"774","bigcreek",2005,2005-07-12,193,19.38,25.5,23.6,20.7,21.2,20.4,21.1,20.9,21.9142857142857,6,6,112,112,TRUE
"775","bigcreek",2005,2005-07-13,194,19.89,26.4,25.5,23.6,20.7,21.2,20.4,21.1,22.7,6,6,112,112,TRUE
"776","bigcreek",2005,2005-07-14,195,20.22,26.8,26.4,25.5,23.6,20.7,21.2,20.4,23.5142857142857,6,6,112,112,TRUE
"777","bigcreek",2005,2005-07-15,196,20.49,26.6,26.8,26.4,25.5,23.6,20.7,21.2,24.4,6,6,112,112,TRUE
"778","bigcreek",2005,2005-07-16,197,20.55,25.5,26.6,26.8,26.4,25.5,23.6,20.7,25.0142857142857,6,6,112,112,TRUE
"779","bigcreek",2005,2005-07-17,198,20.16,24.8,25.5,26.6,26.8,26.4,25.5,23.6,25.6,6,6,112,112,TRUE
"780","bigcreek",2005,2005-07-18,199,20.3,25.8,24.8,25.5,26.6,26.8,26.4,25.5,25.9142857142857,6,6,112,112,TRUE
"781","bigcreek",2005,2005-07-19,200,20.09,23,25.8,24.8,25.5,26.6,26.8,26.4,25.5571428571429,6,6,112,112,TRUE
"782","bigcreek",2005,2005-07-20,201,20.18,21.8,23,25.8,24.8,25.5,26.6,26.8,24.9,6,6,112,112,TRUE
"783","bigcreek",2005,2005-07-21,202,20.46,25.4,21.8,23,25.8,24.8,25.5,26.6,24.7,6,6,112,112,TRUE
"784","bigcreek",2005,2005-07-22,203,19.94,22.2,25.4,21.8,23,25.8,24.8,25.5,24.0714285714286,6,6,112,112,TRUE
"785","bigcreek",2006,2006-04-02,92,8.28,4.9,6.7,11.5,6.9,5.2,4.8,2.2,6.02857142857143,7,7,112,112,TRUE
"786","bigcreek",2006,2006-04-03,93,8.72,9.9,4.9,6.7,11.5,6.9,5.2,4.8,7.12857142857143,7,7,112,112,TRUE
"787","bigcreek",2006,2006-04-04,94,7.52,1.2,9.9,4.9,6.7,11.5,6.9,5.2,6.61428571428571,7,7,112,112,TRUE
"788","bigcreek",2006,2006-04-05,95,5.45,0,1.2,9.9,4.9,6.7,11.5,6.9,5.87142857142857,7,7,112,112,TRUE
"789","bigcreek",2006,2006-04-06,96,5.58,6.1,0,1.2,9.9,4.9,6.7,11.5,5.75714285714286,7,7,112,112,TRUE
"790","bigcreek",2006,2006-04-07,97,6.53,4.1,6.1,0,1.2,9.9,4.9,6.7,4.7,7,7,112,112,TRUE
"791","bigcreek",2006,2006-04-08,98,6.42,1.5,4.1,6.1,0,1.2,9.9,4.9,3.95714285714286,7,7,112,112,TRUE
"792","bigcreek",2006,2006-04-09,99,6.36,1.6,1.5,4.1,6.1,0,1.2,9.9,3.48571428571429,7,7,112,112,TRUE
"793","bigcreek",2006,2006-04-10,100,7.07,4.6,1.6,1.5,4.1,6.1,0,1.2,2.72857142857143,7,7,112,112,TRUE
"794","bigcreek",2006,2006-04-11,101,8.15,9.2,4.6,1.6,1.5,4.1,6.1,0,3.87142857142857,7,7,112,112,TRUE
"795","bigcreek",2006,2006-04-12,102,9.21,11.7,9.2,4.6,1.6,1.5,4.1,6.1,5.54285714285714,7,7,112,112,TRUE
"796","bigcreek",2006,2006-04-13,103,10.33,14.1,11.7,9.2,4.6,1.6,1.5,4.1,6.68571428571429,7,7,112,112,TRUE
"797","bigcreek",2006,2006-04-14,104,11.39,13.8,14.1,11.7,9.2,4.6,1.6,1.5,8.07142857142857,7,7,112,112,TRUE
"798","bigcreek",2006,2006-04-15,105,11.9,9.5,13.8,14.1,11.7,9.2,4.6,1.6,9.21428571428571,7,7,112,112,TRUE
"799","bigcreek",2006,2006-04-16,106,11.61,8.1,9.5,13.8,14.1,11.7,9.2,4.6,10.1428571428571,7,7,112,112,TRUE
"800","bigcreek",2006,2006-04-17,107,11.26,8.1,8.1,9.5,13.8,14.1,11.7,9.2,10.6428571428571,7,7,112,112,TRUE
"801","bigcreek",2006,2006-04-18,108,11.2,10,8.1,8.1,9.5,13.8,14.1,11.7,10.7571428571429,7,7,112,112,TRUE
"802","bigcreek",2006,2006-04-19,109,11.87,12.1,10,8.1,8.1,9.5,13.8,14.1,10.8142857142857,7,7,112,112,TRUE
"803","bigcreek",2006,2006-04-20,110,12.56,13.3,12.1,10,8.1,8.1,9.5,13.8,10.7,7,7,112,112,TRUE
"804","bigcreek",2006,2006-04-21,111,12.82,13.7,13.3,12.1,10,8.1,8.1,9.5,10.6857142857143,7,7,112,112,TRUE
"805","bigcreek",2006,2006-04-22,112,12.26,12.6,13.7,13.3,12.1,10,8.1,8.1,11.1285714285714,7,7,112,112,TRUE
"806","bigcreek",2006,2006-04-23,113,11.11,8.6,12.6,13.7,13.3,12.1,10,8.1,11.2,7,7,112,112,TRUE
"807","bigcreek",2006,2006-04-24,114,9.84,8.4,8.6,12.6,13.7,13.3,12.1,10,11.2428571428571,7,7,112,112,TRUE
"808","bigcreek",2006,2006-04-25,115,8.95,3.3,8.4,8.6,12.6,13.7,13.3,12.1,10.2857142857143,7,7,112,112,TRUE
"809","bigcreek",2006,2006-04-26,116,8.5,3.8,3.3,8.4,8.6,12.6,13.7,13.3,9.1,7,7,112,112,TRUE
"810","bigcreek",2006,2006-04-27,117,9.22,7.7,3.8,3.3,8.4,8.6,12.6,13.7,8.3,7,7,112,112,TRUE
"811","bigcreek",2006,2006-04-28,118,9.55,6.4,7.7,3.8,3.3,8.4,8.6,12.6,7.25714285714286,7,7,112,112,TRUE
"812","bigcreek",2006,2006-04-29,119,10.16,8.2,6.4,7.7,3.8,3.3,8.4,8.6,6.62857142857143,7,7,112,112,TRUE
"813","bigcreek",2006,2006-04-30,120,11.08,13.8,8.2,6.4,7.7,3.8,3.3,8.4,7.37142857142857,7,7,112,112,TRUE
"814","bigcreek",2006,2006-05-01,121,11.97,13.2,13.8,8.2,6.4,7.7,3.8,3.3,8.05714285714286,7,7,112,112,TRUE
"815","bigcreek",2006,2006-05-02,122,12.78,13.3,13.2,13.8,8.2,6.4,7.7,3.8,9.48571428571429,7,7,112,112,TRUE
"816","bigcreek",2006,2006-05-03,123,13.96,14.6,13.3,13.2,13.8,8.2,6.4,7.7,11.0285714285714,7,7,112,112,TRUE
"817","bigcreek",2006,2006-05-04,124,14.16,13.9,14.6,13.3,13.2,13.8,8.2,6.4,11.9142857142857,7,7,112,112,TRUE
"818","bigcreek",2006,2006-05-05,125,13.42,10.6,13.9,14.6,13.3,13.2,13.8,8.2,12.5142857142857,7,7,112,112,TRUE
"819","bigcreek",2006,2006-05-06,126,12.48,5.7,10.6,13.9,14.6,13.3,13.2,13.8,12.1571428571429,7,7,112,112,TRUE
"820","bigcreek",2006,2006-05-07,127,11.27,7.6,5.7,10.6,13.9,14.6,13.3,13.2,11.2714285714286,7,7,112,112,TRUE
"821","bigcreek",2006,2006-05-08,128,12.2,11.5,7.6,5.7,10.6,13.9,14.6,13.3,11.0285714285714,7,7,112,112,TRUE
"822","bigcreek",2006,2006-05-09,129,13.19,12.9,11.5,7.6,5.7,10.6,13.9,14.6,10.9714285714286,7,7,112,112,TRUE
"823","bigcreek",2006,2006-05-10,130,14.01,14.9,12.9,11.5,7.6,5.7,10.6,13.9,11.0142857142857,7,7,112,112,TRUE
"824","bigcreek",2006,2006-05-11,131,14.21,14.8,14.9,12.9,11.5,7.6,5.7,10.6,11.1428571428571,7,7,112,112,TRUE
"825","bigcreek",2006,2006-05-12,132,12.78,11.6,14.8,14.9,12.9,11.5,7.6,5.7,11.2857142857143,7,7,112,112,TRUE
"826","bigcreek",2006,2006-05-13,133,12.34,13,11.6,14.8,14.9,12.9,11.5,7.6,12.3285714285714,7,7,112,112,TRUE
"827","bigcreek",2006,2006-05-14,134,12.79,13.4,13,11.6,14.8,14.9,12.9,11.5,13.1571428571429,7,7,112,112,TRUE
"828","bigcreek",2006,2006-05-15,135,13.12,12.8,13.4,13,11.6,14.8,14.9,12.9,13.3428571428571,7,7,112,112,TRUE
"829","bigcreek",2006,2006-05-16,136,12.46,12.8,12.8,13.4,13,11.6,14.8,14.9,13.3285714285714,7,7,112,112,TRUE
"830","bigcreek",2006,2006-05-17,137,12.59,13.4,12.8,12.8,13.4,13,11.6,14.8,13.1142857142857,7,7,112,112,TRUE
"831","bigcreek",2006,2006-05-18,138,12.72,9.2,13.4,12.8,12.8,13.4,13,11.6,12.3142857142857,7,7,112,112,TRUE
"832","bigcreek",2006,2006-05-19,139,11.62,8.6,9.2,13.4,12.8,12.8,13.4,13,11.8857142857143,7,7,112,112,TRUE
"833","bigcreek",2006,2006-05-20,140,11.61,11.8,8.6,9.2,13.4,12.8,12.8,13.4,11.7142857142857,7,7,112,112,TRUE
"834","bigcreek",2006,2006-05-21,141,11.49,7.2,11.8,8.6,9.2,13.4,12.8,12.8,10.8285714285714,7,7,112,112,TRUE
"835","bigcreek",2006,2006-05-22,142,10.06,4.5,7.2,11.8,8.6,9.2,13.4,12.8,9.64285714285714,7,7,112,112,TRUE
"836","bigcreek",2006,2006-05-23,143,9.47,8.2,4.5,7.2,11.8,8.6,9.2,13.4,8.98571428571429,7,7,112,112,TRUE
"837","bigcreek",2006,2006-05-24,144,11.03,12.9,8.2,4.5,7.2,11.8,8.6,9.2,8.91428571428571,7,7,112,112,TRUE
"838","bigcreek",2006,2006-05-25,145,12.93,17.8,12.9,8.2,4.5,7.2,11.8,8.6,10.1428571428571,7,7,112,112,TRUE
"839","bigcreek",2006,2006-05-26,146,13.83,16,17.8,12.9,8.2,4.5,7.2,11.8,11.2,7,7,112,112,TRUE
"840","bigcreek",2006,2006-05-27,147,14.3,18.9,16,17.8,12.9,8.2,4.5,7.2,12.2142857142857,7,7,112,112,TRUE
"841","bigcreek",2006,2006-05-28,148,15.6,19.4,18.9,16,17.8,12.9,8.2,4.5,13.9571428571429,7,7,112,112,TRUE
"842","bigcreek",2006,2006-05-29,149,17.11,24.6,19.4,18.9,16,17.8,12.9,8.2,16.8285714285714,7,7,112,112,TRUE
"843","bigcreek",2006,2006-05-30,150,18.66,24.5,24.6,19.4,18.9,16,17.8,12.9,19.1571428571429,7,7,112,112,TRUE
"844","bigcreek",2006,2006-05-31,151,19.43,24.1,24.5,24.6,19.4,18.9,16,17.8,20.7571428571429,7,7,112,112,TRUE
"845","bigcreek",2006,2006-06-01,152,19.11,20.4,24.1,24.5,24.6,19.4,18.9,16,21.1285714285714,7,7,112,112,TRUE
"846","bigcreek",2006,2006-06-02,153,17.4,18.5,20.4,24.1,24.5,24.6,19.4,18.9,21.4857142857143,7,7,112,112,TRUE
"847","bigcreek",2006,2006-06-03,154,15.96,17.4,18.5,20.4,24.1,24.5,24.6,19.4,21.2714285714286,7,7,112,112,TRUE
"848","bigcreek",2006,2006-06-04,155,14.88,17,17.4,18.5,20.4,24.1,24.5,24.6,20.9285714285714,7,7,112,112,TRUE
"849","bigcreek",2006,2006-06-05,156,14.96,17.8,17,17.4,18.5,20.4,24.1,24.5,19.9571428571429,7,7,112,112,TRUE
"850","bigcreek",2006,2006-06-06,157,15.83,18.8,17.8,17,17.4,18.5,20.4,24.1,19.1428571428571,7,7,112,112,TRUE
"851","bigcreek",2006,2006-06-07,158,16.73,19.7,18.8,17.8,17,17.4,18.5,20.4,18.5142857142857,7,7,112,112,TRUE
"852","bigcreek",2006,2006-06-08,159,16.83,19.6,19.7,18.8,17.8,17,17.4,18.5,18.4,7,7,112,112,TRUE
"853","bigcreek",2006,2006-06-09,160,16.12,14.8,19.6,19.7,18.8,17.8,17,17.4,17.8714285714286,7,7,112,112,TRUE
"854","bigcreek",2006,2006-06-10,161,15.09,12.3,14.8,19.6,19.7,18.8,17.8,17,17.1428571428571,7,7,112,112,TRUE
"855","bigcreek",2006,2006-06-11,162,14.16,12,12.3,14.8,19.6,19.7,18.8,17.8,16.4285714285714,7,7,112,112,TRUE
"856","bigcreek",2006,2006-06-12,163,13.96,14.7,12,12.3,14.8,19.6,19.7,18.8,15.9857142857143,7,7,112,112,TRUE
"857","bigcreek",2006,2006-06-13,164,14.01,15.1,14.7,12,12.3,14.8,19.6,19.7,15.4571428571429,7,7,112,112,TRUE
"858","bigcreek",2006,2006-06-14,165,14.78,18.2,15.1,14.7,12,12.3,14.8,19.6,15.2428571428571,7,7,112,112,TRUE
"859","bigcreek",2006,2006-06-15,166,15.26,17.7,18.2,15.1,14.7,12,12.3,14.8,14.9714285714286,7,7,112,112,TRUE
"860","bigcreek",2006,2006-06-16,167,15.74,17,17.7,18.2,15.1,14.7,12,12.3,15.2857142857143,7,7,112,112,TRUE
"861","bigcreek",2006,2006-06-17,168,17.12,24.5,17,17.7,18.2,15.1,14.7,12,17.0285714285714,7,7,112,112,TRUE
"862","bigcreek",2006,2006-06-18,169,18.34,25,24.5,17,17.7,18.2,15.1,14.7,18.8857142857143,7,7,112,112,TRUE
"863","bigcreek",2006,2006-06-19,170,18.9,21.4,25,24.5,17,17.7,18.2,15.1,19.8428571428571,7,7,112,112,TRUE
"864","bigcreek",2006,2006-06-20,171,18.09,17,21.4,25,24.5,17,17.7,18.2,20.1142857142857,7,7,112,112,TRUE
"865","bigcreek",2006,2006-06-21,172,16.85,15.7,17,21.4,25,24.5,17,17.7,19.7571428571429,7,7,112,112,TRUE
"866","bigcreek",2006,2006-06-22,173,17.31,23.2,15.7,17,21.4,25,24.5,17,20.5428571428571,7,7,112,112,TRUE
"867","bigcreek",2006,2006-06-23,174,18.02,19.5,23.2,15.7,17,21.4,25,24.5,20.9,7,7,112,112,TRUE
"868","bigcreek",2006,2006-06-24,175,17.4,17.8,19.5,23.2,15.7,17,21.4,25,19.9428571428571,7,7,112,112,TRUE
"869","bigcreek",2006,2006-06-25,176,17.4,19.5,17.8,19.5,23.2,15.7,17,21.4,19.1571428571429,7,7,112,112,TRUE
"870","bigcreek",2006,2006-06-26,177,17.65,21.1,19.5,17.8,19.5,23.2,15.7,17,19.1142857142857,7,7,112,112,TRUE
"871","bigcreek",2006,2006-06-27,178,17.66,21.7,21.1,19.5,17.8,19.5,23.2,15.7,19.7857142857143,7,7,112,112,TRUE
"872","bigcreek",2006,2006-06-28,179,18.09,21.4,21.7,21.1,19.5,17.8,19.5,23.2,20.6,7,7,112,112,TRUE
"873","bigcreek",2006,2006-06-29,180,17.93,17.6,21.4,21.7,21.1,19.5,17.8,19.5,19.8,7,7,112,112,TRUE
"874","bigcreek",2006,2006-06-30,181,16.99,19.1,17.6,21.4,21.7,21.1,19.5,17.8,19.7428571428571,7,7,112,112,TRUE
"875","bigcreek",2006,2006-07-01,182,17.64,20.8,19.1,17.6,21.4,21.7,21.1,19.5,20.1714285714286,7,7,112,112,TRUE
"876","bigcreek",2006,2006-07-02,183,19.2,24.7,20.8,19.1,17.6,21.4,21.7,21.1,20.9142857142857,7,7,112,112,TRUE
"877","bigcreek",2006,2006-07-03,184,19.21,23.8,24.7,20.8,19.1,17.6,21.4,21.7,21.3,7,7,112,112,TRUE
"878","bigcreek",2006,2006-07-04,185,19.15,21.4,23.8,24.7,20.8,19.1,17.6,21.4,21.2571428571429,7,7,112,112,TRUE
"879","bigcreek",2006,2006-07-05,186,18.24,17.1,21.4,23.8,24.7,20.8,19.1,17.6,20.6428571428571,7,7,112,112,TRUE
"880","bigcreek",2006,2006-07-06,187,16.58,15.9,17.1,21.4,23.8,24.7,20.8,19.1,20.4,7,7,112,112,TRUE
"881","bigcreek",2006,2006-07-07,188,16.62,18.4,15.9,17.1,21.4,23.8,24.7,20.8,20.3,7,7,112,112,TRUE
"882","bigcreek",2006,2006-07-08,189,17.16,19.2,18.4,15.9,17.1,21.4,23.8,24.7,20.0714285714286,7,7,112,112,TRUE
"883","bigcreek",2006,2006-07-09,190,17.32,19.5,19.2,18.4,15.9,17.1,21.4,23.8,19.3285714285714,7,7,112,112,TRUE
"884","bigcreek",2006,2006-07-10,191,17.57,20.6,19.5,19.2,18.4,15.9,17.1,21.4,18.8714285714286,7,7,112,112,TRUE
"885","bigcreek",2006,2006-07-11,192,17.61,20.3,20.6,19.5,19.2,18.4,15.9,17.1,18.7142857142857,7,7,112,112,TRUE
"886","bigcreek",2006,2006-07-12,193,18.19,22.3,20.3,20.6,19.5,19.2,18.4,15.9,19.4571428571429,7,7,112,112,TRUE
"887","bigcreek",2006,2006-07-13,194,18.57,22.5,22.3,20.3,20.6,19.5,19.2,18.4,20.4,7,7,112,112,TRUE
"888","bigcreek",2006,2006-07-14,195,19.19,23.8,22.5,22.3,20.3,20.6,19.5,19.2,21.1714285714286,7,7,112,112,TRUE
"889","bigcreek",2006,2006-07-15,196,20.35,25.4,23.8,22.5,22.3,20.3,20.6,19.5,22.0571428571429,7,7,112,112,TRUE
"890","bigcreek",2006,2006-07-16,197,20.5,26.4,25.4,23.8,22.5,22.3,20.3,20.6,23.0428571428571,7,7,112,112,TRUE
"891","bigcreek",2006,2006-07-17,198,21.03,26.4,26.4,25.4,23.8,22.5,22.3,20.3,23.8714285714286,7,7,112,112,TRUE
"892","bigcreek",2006,2006-07-18,199,21.33,23.1,26.4,26.4,25.4,23.8,22.5,22.3,24.2714285714286,7,7,112,112,TRUE
"893","bigcreek",2006,2006-07-19,200,20.52,21.9,23.1,26.4,26.4,25.4,23.8,22.5,24.2142857142857,7,7,112,112,TRUE
"894","bigcreek",2006,2006-07-20,201,19.81,22.8,21.9,23.1,26.4,26.4,25.4,23.8,24.2571428571429,7,7,112,112,TRUE
"895","bigcreek",2006,2006-07-21,202,19.68,24.5,22.8,21.9,23.1,26.4,26.4,25.4,24.3571428571429,7,7,112,112,TRUE
"896","bigcreek",2006,2006-07-22,203,18.89,17.4,24.5,22.8,21.9,23.1,26.4,26.4,23.2142857142857,7,7,112,112,TRUE
"897","bigcreek",2007,2007-04-02,92,8.96,8.8,11,6.6,6.2,4.3,5,15.5,8.2,8,8,112,112,TRUE
"898","bigcreek",2007,2007-04-03,93,8.91,7.3,8.8,11,6.6,6.2,4.3,5,7.02857142857143,8,8,112,112,TRUE
"899","bigcreek",2007,2007-04-04,94,8.74,2.5,7.3,8.8,11,6.6,6.2,4.3,6.67142857142857,8,8,112,112,TRUE
"900","bigcreek",2007,2007-04-05,95,6.09,-4.8,2.5,7.3,8.8,11,6.6,6.2,5.37142857142857,8,8,112,112,TRUE
"901","bigcreek",2007,2007-04-06,96,4.09,-4.8,-4.8,2.5,7.3,8.8,11,6.6,3.8,8,8,112,112,TRUE
"902","bigcreek",2007,2007-04-07,97,3.02,-5,-4.8,-4.8,2.5,7.3,8.8,11,2.14285714285714,8,8,112,112,TRUE
"903","bigcreek",2007,2007-04-08,98,2.82,-3.2,-5,-4.8,-4.8,2.5,7.3,8.8,0.114285714285714,8,8,112,112,TRUE
"904","bigcreek",2007,2007-04-09,99,3.79,0.1,-3.2,-5,-4.8,-4.8,2.5,7.3,-1.12857142857143,8,8,112,112,TRUE
"905","bigcreek",2007,2007-04-10,100,4.75,0.2,0.1,-3.2,-5,-4.8,-4.8,2.5,-2.14285714285714,8,8,112,112,TRUE
"906","bigcreek",2007,2007-04-11,101,5.17,0.6,0.2,0.1,-3.2,-5,-4.8,-4.8,-2.41428571428571,8,8,112,112,TRUE
"907","bigcreek",2007,2007-04-12,102,6.08,5.1,0.6,0.2,0.1,-3.2,-5,-4.8,-1,8,8,112,112,TRUE
"908","bigcreek",2007,2007-04-13,103,5.87,0.9,5.1,0.6,0.2,0.1,-3.2,-5,-0.185714285714286,8,8,112,112,TRUE
"909","bigcreek",2007,2007-04-14,104,5.22,0.6,0.9,5.1,0.6,0.2,0.1,-3.2,0.614285714285714,8,8,112,112,TRUE
"910","bigcreek",2007,2007-04-15,105,5.6,3.6,0.6,0.9,5.1,0.6,0.2,0.1,1.58571428571429,8,8,112,112,TRUE
"911","bigcreek",2007,2007-04-16,106,5.61,3.7,3.6,0.6,0.9,5.1,0.6,0.2,2.1,8,8,112,112,TRUE
"912","bigcreek",2007,2007-04-17,107,5.76,5.6,3.7,3.6,0.6,0.9,5.1,0.6,2.87142857142857,8,8,112,112,TRUE
"913","bigcreek",2007,2007-04-18,108,6.54,4.3,5.6,3.7,3.6,0.6,0.9,5.1,3.4,8,8,112,112,TRUE
"914","bigcreek",2007,2007-04-19,109,7.42,8.1,4.3,5.6,3.7,3.6,0.6,0.9,3.82857142857143,8,8,112,112,TRUE
"915","bigcreek",2007,2007-04-20,110,9.29,10.5,8.1,4.3,5.6,3.7,3.6,0.6,5.2,8,8,112,112,TRUE
"916","bigcreek",2007,2007-04-21,111,10.99,11.6,10.5,8.1,4.3,5.6,3.7,3.6,6.77142857142857,8,8,112,112,TRUE
"917","bigcreek",2007,2007-04-22,112,12.25,12.7,11.6,10.5,8.1,4.3,5.6,3.7,8.07142857142857,8,8,112,112,TRUE
"918","bigcreek",2007,2007-04-23,113,13.21,15.5,12.7,11.6,10.5,8.1,4.3,5.6,9.75714285714286,8,8,112,112,TRUE
"919","bigcreek",2007,2007-04-24,114,13.38,9.1,15.5,12.7,11.6,10.5,8.1,4.3,10.2571428571429,8,8,112,112,TRUE
"920","bigcreek",2007,2007-04-25,115,12.21,7.5,9.1,15.5,12.7,11.6,10.5,8.1,10.7142857142857,8,8,112,112,TRUE
"921","bigcreek",2007,2007-04-26,116,10.66,8.7,7.5,9.1,15.5,12.7,11.6,10.5,10.8,8,8,112,112,TRUE
"922","bigcreek",2007,2007-04-27,117,10.44,11,8.7,7.5,9.1,15.5,12.7,11.6,10.8714285714286,8,8,112,112,TRUE
"923","bigcreek",2007,2007-04-28,118,10.59,8.5,11,8.7,7.5,9.1,15.5,12.7,10.4285714285714,8,8,112,112,TRUE
"924","bigcreek",2007,2007-04-29,119,10.73,11.7,8.5,11,8.7,7.5,9.1,15.5,10.2857142857143,8,8,112,112,TRUE
"925","bigcreek",2007,2007-04-30,120,12.92,11.9,11.7,8.5,11,8.7,7.5,9.1,9.77142857142857,8,8,112,112,TRUE
"926","bigcreek",2007,2007-05-01,121,12.92,8.7,11.9,11.7,8.5,11,8.7,7.5,9.71428571428571,8,8,112,112,TRUE
"927","bigcreek",2007,2007-05-02,122,12.13,9.9,8.7,11.9,11.7,8.5,11,8.7,10.0571428571429,8,8,112,112,TRUE
"928","bigcreek",2007,2007-05-03,123,12.51,10.5,9.9,8.7,11.9,11.7,8.5,11,10.3142857142857,8,8,112,112,TRUE
"929","bigcreek",2007,2007-05-04,124,12.79,10.6,10.5,9.9,8.7,11.9,11.7,8.5,10.2571428571429,8,8,112,112,TRUE
"930","bigcreek",2007,2007-05-05,125,13.38,12.1,10.6,10.5,9.9,8.7,11.9,11.7,10.7714285714286,8,8,112,112,TRUE
"931","bigcreek",2007,2007-05-06,126,13.33,8.4,12.1,10.6,10.5,9.9,8.7,11.9,10.3,8,8,112,112,TRUE
"932","bigcreek",2007,2007-05-07,127,12.98,10.1,8.4,12.1,10.6,10.5,9.9,8.7,10.0428571428571,8,8,112,112,TRUE
"933","bigcreek",2007,2007-05-08,128,13.93,14.7,10.1,8.4,12.1,10.6,10.5,9.9,10.9,8,8,112,112,TRUE
"934","bigcreek",2007,2007-05-09,129,15.36,18.9,14.7,10.1,8.4,12.1,10.6,10.5,12.1857142857143,8,8,112,112,TRUE
"935","bigcreek",2007,2007-05-10,130,16.33,18.1,18.9,14.7,10.1,8.4,12.1,10.6,13.2714285714286,8,8,112,112,TRUE
"936","bigcreek",2007,2007-05-11,131,16.97,18.5,18.1,18.9,14.7,10.1,8.4,12.1,14.4,8,8,112,112,TRUE
"937","bigcreek",2007,2007-05-12,132,16.5,11.2,18.5,18.1,18.9,14.7,10.1,8.4,14.2714285714286,8,8,112,112,TRUE
"938","bigcreek",2007,2007-05-13,133,14.31,9.6,11.2,18.5,18.1,18.9,14.7,10.1,14.4428571428571,8,8,112,112,TRUE
"939","bigcreek",2007,2007-05-14,134,12.8,9.8,9.6,11.2,18.5,18.1,18.9,14.7,14.4,8,8,112,112,TRUE
"940","bigcreek",2007,2007-05-15,135,13.8,22.2,9.8,9.6,11.2,18.5,18.1,18.9,15.4714285714286,8,8,112,112,TRUE
"941","bigcreek",2007,2007-05-16,136,15.21,11.1,22.2,9.8,9.6,11.2,18.5,18.1,14.3571428571429,8,8,112,112,TRUE
"942","bigcreek",2007,2007-05-17,137,13.24,8.1,11.1,22.2,9.8,9.6,11.2,18.5,12.9285714285714,8,8,112,112,TRUE
"943","bigcreek",2007,2007-05-18,138,12.49,9.5,8.1,11.1,22.2,9.8,9.6,11.2,11.6428571428571,8,8,112,112,TRUE
"944","bigcreek",2007,2007-05-19,139,12.92,12.1,9.5,8.1,11.1,22.2,9.8,9.6,11.7714285714286,8,8,112,112,TRUE
"945","bigcreek",2007,2007-05-20,140,13.92,9.3,12.1,9.5,8.1,11.1,22.2,9.8,11.7285714285714,8,8,112,112,TRUE
"946","bigcreek",2007,2007-05-21,141,12.92,9.9,9.3,12.1,9.5,8.1,11.1,22.2,11.7428571428571,8,8,112,112,TRUE
"947","bigcreek",2007,2007-05-22,142,13.55,14.8,9.9,9.3,12.1,9.5,8.1,11.1,10.6857142857143,8,8,112,112,TRUE
"948","bigcreek",2007,2007-05-23,143,15.09,19.7,14.8,9.9,9.3,12.1,9.5,8.1,11.9142857142857,8,8,112,112,TRUE
"949","bigcreek",2007,2007-05-24,144,16.86,22.5,19.7,14.8,9.9,9.3,12.1,9.5,13.9714285714286,8,8,112,112,TRUE
"950","bigcreek",2007,2007-05-25,145,18.19,22.8,22.5,19.7,14.8,9.9,9.3,12.1,15.8714285714286,8,8,112,112,TRUE
"951","bigcreek",2007,2007-05-26,146,17.77,15.8,22.8,22.5,19.7,14.8,9.9,9.3,16.4,8,8,112,112,TRUE
"952","bigcreek",2007,2007-05-27,147,16.45,17.4,15.8,22.8,22.5,19.7,14.8,9.9,17.5571428571429,8,8,112,112,TRUE
"953","bigcreek",2007,2007-05-28,148,16.49,14.8,17.4,15.8,22.8,22.5,19.7,14.8,18.2571428571429,8,8,112,112,TRUE
"954","bigcreek",2007,2007-05-29,149,16.34,16.5,14.8,17.4,15.8,22.8,22.5,19.7,18.5,8,8,112,112,TRUE
"955","bigcreek",2007,2007-05-30,150,16.89,21.2,16.5,14.8,17.4,15.8,22.8,22.5,18.7142857142857,8,8,112,112,TRUE
"956","bigcreek",2007,2007-05-31,151,18.14,23.6,21.2,16.5,14.8,17.4,15.8,22.8,18.8714285714286,8,8,112,112,TRUE
"957","bigcreek",2007,2007-06-01,152,18.64,22.8,23.6,21.2,16.5,14.8,17.4,15.8,18.8714285714286,8,8,112,112,TRUE
"958","bigcreek",2007,2007-06-02,153,18.83,23.2,22.8,23.6,21.2,16.5,14.8,17.4,19.9285714285714,8,8,112,112,TRUE
"959","bigcreek",2007,2007-06-03,154,19.2,21.7,23.2,22.8,23.6,21.2,16.5,14.8,20.5428571428571,8,8,112,112,TRUE
"960","bigcreek",2007,2007-06-04,155,18.33,20.5,21.7,23.2,22.8,23.6,21.2,16.5,21.3571428571429,8,8,112,112,TRUE
"961","bigcreek",2007,2007-06-05,156,17.09,12.9,20.5,21.7,23.2,22.8,23.6,21.2,20.8428571428571,8,8,112,112,TRUE
"962","bigcreek",2007,2007-06-06,157,15.13,13,12.9,20.5,21.7,23.2,22.8,23.6,19.6714285714286,8,8,112,112,TRUE
"963","bigcreek",2007,2007-06-07,158,15.61,20,13,12.9,20.5,21.7,23.2,22.8,19.1571428571429,8,8,112,112,TRUE
"964","bigcreek",2007,2007-06-08,159,18.12,21.4,20,13,12.9,20.5,21.7,23.2,18.9571428571429,8,8,112,112,TRUE
"965","bigcreek",2007,2007-06-09,160,18.02,15.6,21.4,20,13,12.9,20.5,21.7,17.8714285714286,8,8,112,112,TRUE
"966","bigcreek",2007,2007-06-10,161,17.28,16.4,15.6,21.4,20,13,12.9,20.5,17.1142857142857,8,8,112,112,TRUE
"967","bigcreek",2007,2007-06-11,162,17.36,18.7,16.4,15.6,21.4,20,13,12.9,16.8571428571429,8,8,112,112,TRUE
"968","bigcreek",2007,2007-06-12,163,17.91,22.4,18.7,16.4,15.6,21.4,20,13,18.2142857142857,8,8,112,112,TRUE
"969","bigcreek",2007,2007-06-13,164,18.87,24.9,22.4,18.7,16.4,15.6,21.4,20,19.9142857142857,8,8,112,112,TRUE
"970","bigcreek",2007,2007-06-14,165,19.49,21,24.9,22.4,18.7,16.4,15.6,21.4,20.0571428571429,8,8,112,112,TRUE
"971","bigcreek",2007,2007-06-15,166,19.18,19.1,21,24.9,22.4,18.7,16.4,15.6,19.7285714285714,8,8,112,112,TRUE
"972","bigcreek",2007,2007-06-16,167,18.79,19.7,19.1,21,24.9,22.4,18.7,16.4,20.3142857142857,8,8,112,112,TRUE
"973","bigcreek",2007,2007-06-17,168,19.43,23,19.7,19.1,21,24.9,22.4,18.7,21.2571428571429,8,8,112,112,TRUE
"974","bigcreek",2007,2007-06-18,169,19.75,22.6,23,19.7,19.1,21,24.9,22.4,21.8142857142857,8,8,112,112,TRUE
"975","bigcreek",2007,2007-06-19,170,20.3,20.5,22.6,23,19.7,19.1,21,24.9,21.5428571428571,8,8,112,112,TRUE
"976","bigcreek",2007,2007-06-20,171,19.35,16.7,20.5,22.6,23,19.7,19.1,21,20.3714285714286,8,8,112,112,TRUE
"977","bigcreek",2007,2007-06-21,172,18.59,19.7,16.7,20.5,22.6,23,19.7,19.1,20.1857142857143,8,8,112,112,TRUE
"978","bigcreek",2007,2007-06-22,173,17.8,16.1,19.7,16.7,20.5,22.6,23,19.7,19.7571428571429,8,8,112,112,TRUE
"979","bigcreek",2007,2007-06-23,174,16.81,14.6,16.1,19.7,16.7,20.5,22.6,23,19.0285714285714,8,8,112,112,TRUE
"980","bigcreek",2007,2007-06-24,175,17.07,18.6,14.6,16.1,19.7,16.7,20.5,22.6,18.4,8,8,112,112,TRUE
"981","bigcreek",2007,2007-06-25,176,18.32,21.9,18.6,14.6,16.1,19.7,16.7,20.5,18.3,8,8,112,112,TRUE
"982","bigcreek",2007,2007-06-26,177,19.72,23.8,21.9,18.6,14.6,16.1,19.7,16.7,18.7714285714286,8,8,112,112,TRUE
"983","bigcreek",2007,2007-06-27,178,21.06,25.5,23.8,21.9,18.6,14.6,16.1,19.7,20.0285714285714,8,8,112,112,TRUE
"984","bigcreek",2007,2007-06-28,179,21.46,20.8,25.5,23.8,21.9,18.6,14.6,16.1,20.1857142857143,8,8,112,112,TRUE
"985","bigcreek",2007,2007-06-29,180,19.93,18,20.8,25.5,23.8,21.9,18.6,14.6,20.4571428571429,8,8,112,112,TRUE
"986","bigcreek",2007,2007-06-30,181,18.38,16,18,20.8,25.5,23.8,21.9,18.6,20.6571428571429,8,8,112,112,TRUE
"987","bigcreek",2007,2007-07-01,182,17.15,14.9,16,18,20.8,25.5,23.8,21.9,20.1285714285714,8,8,112,112,TRUE
"988","bigcreek",2007,2007-07-02,183,16.13,14.9,14.9,16,18,20.8,25.5,23.8,19.1285714285714,8,8,112,112,TRUE
"989","bigcreek",2007,2007-07-03,184,16.59,17.7,14.9,14.9,16,18,20.8,25.5,18.2571428571429,8,8,112,112,TRUE
"990","bigcreek",2007,2007-07-04,185,16.6,17.3,17.7,14.9,14.9,16,18,20.8,17.0857142857143,8,8,112,112,TRUE
"991","bigcreek",2007,2007-07-05,186,16.56,21.4,17.3,17.7,14.9,14.9,16,18,17.1714285714286,8,8,112,112,TRUE
"992","bigcreek",2007,2007-07-06,187,17.82,20.7,21.4,17.3,17.7,14.9,14.9,16,17.5571428571429,8,8,112,112,TRUE
"993","bigcreek",2007,2007-07-07,188,18.55,20.9,20.7,21.4,17.3,17.7,14.9,14.9,18.2571428571429,8,8,112,112,TRUE
"994","bigcreek",2007,2007-07-08,189,19.01,23.9,20.9,20.7,21.4,17.3,17.7,14.9,19.5428571428571,8,8,112,112,TRUE
"995","bigcreek",2007,2007-07-09,190,20.45,26.2,23.9,20.9,20.7,21.4,17.3,17.7,21.1571428571429,8,8,112,112,TRUE
"996","bigcreek",2007,2007-07-10,191,21.34,24.8,26.2,23.9,20.9,20.7,21.4,17.3,22.1714285714286,8,8,112,112,TRUE
"997","bigcreek",2007,2007-07-11,192,21.61,17.5,24.8,26.2,23.9,20.9,20.7,21.4,22.2,8,8,112,112,TRUE
"998","bigcreek",2007,2007-07-12,193,19.23,17.4,17.5,24.8,26.2,23.9,20.9,20.7,21.6285714285714,8,8,112,112,TRUE
"999","bigcreek",2007,2007-07-13,194,17.87,16.1,17.4,17.5,24.8,26.2,23.9,20.9,20.9714285714286,8,8,112,112,TRUE
"1000","bigcreek",2007,2007-07-14,195,16.87,15.9,16.1,17.4,17.5,24.8,26.2,23.9,20.2571428571429,8,8,112,112,TRUE
"1001","bigcreek",2007,2007-07-15,196,16.92,18.3,15.9,16.1,17.4,17.5,24.8,26.2,19.4571428571429,8,8,112,112,TRUE
"1002","bigcreek",2007,2007-07-16,197,17.7,20.6,18.3,15.9,16.1,17.4,17.5,24.8,18.6571428571429,8,8,112,112,TRUE
"1003","bigcreek",2007,2007-07-17,198,17.58,18.1,20.6,18.3,15.9,16.1,17.4,17.5,17.7,8,8,112,112,TRUE
"1004","bigcreek",2007,2007-07-18,199,17.54,21.1,18.1,20.6,18.3,15.9,16.1,17.4,18.2142857142857,8,8,112,112,TRUE
"1005","bigcreek",2007,2007-07-19,200,18.57,20.4,21.1,18.1,20.6,18.3,15.9,16.1,18.6428571428571,8,8,112,112,TRUE
"1006","bigcreek",2007,2007-07-20,201,18.25,17.8,20.4,21.1,18.1,20.6,18.3,15.9,18.8857142857143,8,8,112,112,TRUE
"1007","bigcreek",2007,2007-07-21,202,17.58,18.5,17.8,20.4,21.1,18.1,20.6,18.3,19.2571428571429,8,8,112,112,TRUE
"1008","bigcreek",2007,2007-07-22,203,17.5,18.7,18.5,17.8,20.4,21.1,18.1,20.6,19.3142857142857,8,8,112,112,TRUE
"1009","bigcreek",2008,2008-04-01,92,5.81,6.3,7.4,1.3,-1.9,-1.4,2.2,2.5,2.34285714285714,9,9,112,112,TRUE
"1010","bigcreek",2008,2008-04-02,93,4.68,0.5,6.3,7.4,1.3,-1.9,-1.4,2.2,2.05714285714286,9,9,112,112,TRUE
"1011","bigcreek",2008,2008-04-03,94,4.44,2.8,0.5,6.3,7.4,1.3,-1.9,-1.4,2.14285714285714,9,9,112,112,TRUE
"1012","bigcreek",2008,2008-04-04,95,5.54,2.9,2.8,0.5,6.3,7.4,1.3,-1.9,2.75714285714286,9,9,112,112,TRUE
"1013","bigcreek",2008,2008-04-05,96,5.86,5.2,2.9,2.8,0.5,6.3,7.4,1.3,3.77142857142857,9,9,112,112,TRUE
"1014","bigcreek",2008,2008-04-06,97,7.07,6.8,5.2,2.9,2.8,0.5,6.3,7.4,4.55714285714286,9,9,112,112,TRUE
"1015","bigcreek",2008,2008-04-07,98,8.44,9,6.8,5.2,2.9,2.8,0.5,6.3,4.78571428571429,9,9,112,112,TRUE
"1016","bigcreek",2008,2008-04-08,99,9.74,11.7,9,6.8,5.2,2.9,2.8,0.5,5.55714285714286,9,9,112,112,TRUE
"1017","bigcreek",2008,2008-04-09,100,10.95,9.3,11.7,9,6.8,5.2,2.9,2.8,6.81428571428571,9,9,112,112,TRUE
"1018","bigcreek",2008,2008-04-10,101,10.81,6.3,9.3,11.7,9,6.8,5.2,2.9,7.31428571428571,9,9,112,112,TRUE
"1019","bigcreek",2008,2008-04-11,102,9.91,9.9,6.3,9.3,11.7,9,6.8,5.2,8.31428571428571,9,9,112,112,TRUE
"1020","bigcreek",2008,2008-04-12,103,9.41,6,9.9,6.3,9.3,11.7,9,6.8,8.42857142857143,9,9,112,112,TRUE
"1021","bigcreek",2008,2008-04-13,104,8.32,3.8,6,9.9,6.3,9.3,11.7,9,8,9,9,112,112,TRUE
"1022","bigcreek",2008,2008-04-14,105,8.01,4.8,3.8,6,9.9,6.3,9.3,11.7,7.4,9,9,112,112,TRUE
"1023","bigcreek",2008,2008-04-15,106,8.44,3.6,4.8,3.8,6,9.9,6.3,9.3,6.24285714285714,9,9,112,112,TRUE
"1024","bigcreek",2008,2008-04-16,107,9.34,8.3,3.6,4.8,3.8,6,9.9,6.3,6.1,9,9,112,112,TRUE
"1025","bigcreek",2008,2008-04-17,108,10.49,11.5,8.3,3.6,4.8,3.8,6,9.9,6.84285714285714,9,9,112,112,TRUE
"1026","bigcreek",2008,2008-04-18,109,12.25,14.6,11.5,8.3,3.6,4.8,3.8,6,7.51428571428571,9,9,112,112,TRUE
"1027","bigcreek",2008,2008-04-19,110,13.67,17.1,14.6,11.5,8.3,3.6,4.8,3.8,9.1,9,9,112,112,TRUE
"1028","bigcreek",2008,2008-04-20,111,14.33,14.4,17.1,14.6,11.5,8.3,3.6,4.8,10.6142857142857,9,9,112,112,TRUE
"1029","bigcreek",2008,2008-04-21,112,14.66,15.1,14.4,17.1,14.6,11.5,8.3,3.6,12.0857142857143,9,9,112,112,TRUE
"1030","bigcreek",2008,2008-04-22,113,15.3,15,15.1,14.4,17.1,14.6,11.5,8.3,13.7142857142857,9,9,112,112,TRUE
"1031","bigcreek",2008,2008-04-23,114,15.95,13.8,15,15.1,14.4,17.1,14.6,11.5,14.5,9,9,112,112,TRUE
"1032","bigcreek",2008,2008-04-24,115,14.6,11.3,13.8,15,15.1,14.4,17.1,14.6,14.4714285714286,9,9,112,112,TRUE
"1033","bigcreek",2008,2008-04-25,116,14.13,16.7,11.3,13.8,15,15.1,14.4,17.1,14.7714285714286,9,9,112,112,TRUE
"1034","bigcreek",2008,2008-04-26,117,14.59,13.4,16.7,11.3,13.8,15,15.1,14.4,14.2428571428571,9,9,112,112,TRUE
"1035","bigcreek",2008,2008-04-27,118,13.54,9.5,13.4,16.7,11.3,13.8,15,15.1,13.5428571428571,9,9,112,112,TRUE
"1036","bigcreek",2008,2008-04-28,119,12.42,6,9.5,13.4,16.7,11.3,13.8,15,12.2428571428571,9,9,112,112,TRUE
"1037","bigcreek",2008,2008-04-29,120,10.31,3.3,6,9.5,13.4,16.7,11.3,13.8,10.5714285714286,9,9,112,112,TRUE
"1038","bigcreek",2008,2008-04-30,121,9.48,2.4,3.3,6,9.5,13.4,16.7,11.3,8.94285714285714,9,9,112,112,TRUE
"1039","bigcreek",2008,2008-05-01,122,9.35,6.4,2.4,3.3,6,9.5,13.4,16.7,8.24285714285714,9,9,112,112,TRUE
"1040","bigcreek",2008,2008-05-02,123,10.07,11.4,6.4,2.4,3.3,6,9.5,13.4,7.48571428571429,9,9,112,112,TRUE
"1041","bigcreek",2008,2008-05-03,124,10.85,14.2,11.4,6.4,2.4,3.3,6,9.5,7.6,9,9,112,112,TRUE
"1042","bigcreek",2008,2008-05-04,125,11.51,8,14.2,11.4,6.4,2.4,3.3,6,7.38571428571429,9,9,112,112,TRUE
"1043","bigcreek",2008,2008-05-05,126,12,10.6,8,14.2,11.4,6.4,2.4,3.3,8.04285714285714,9,9,112,112,TRUE
"1044","bigcreek",2008,2008-05-06,127,13.14,12,10.6,8,14.2,11.4,6.4,2.4,9.28571428571429,9,9,112,112,TRUE
"1045","bigcreek",2008,2008-05-07,128,13.12,13.9,12,10.6,8,14.2,11.4,6.4,10.9285714285714,9,9,112,112,TRUE
"1046","bigcreek",2008,2008-05-08,129,13.23,10.6,13.9,12,10.6,8,14.2,11.4,11.5285714285714,9,9,112,112,TRUE
"1047","bigcreek",2008,2008-05-09,130,13.07,10.3,10.6,13.9,12,10.6,8,14.2,11.3714285714286,9,9,112,112,TRUE
"1048","bigcreek",2008,2008-05-10,131,13.74,13.4,10.3,10.6,13.9,12,10.6,8,11.2571428571429,9,9,112,112,TRUE
"1049","bigcreek",2008,2008-05-11,132,13.34,11.2,13.4,10.3,10.6,13.9,12,10.6,11.7142857142857,9,9,112,112,TRUE
"1050","bigcreek",2008,2008-05-12,133,12.34,10.7,11.2,13.4,10.3,10.6,13.9,12,11.7285714285714,9,9,112,112,TRUE
"1051","bigcreek",2008,2008-05-13,134,12.37,12,10.7,11.2,13.4,10.3,10.6,13.9,11.7285714285714,9,9,112,112,TRUE
"1052","bigcreek",2008,2008-05-14,135,12.93,11.6,12,10.7,11.2,13.4,10.3,10.6,11.4,9,9,112,112,TRUE
"1053","bigcreek",2008,2008-05-15,136,12.68,9.5,11.6,12,10.7,11.2,13.4,10.3,11.2428571428571,9,9,112,112,TRUE
"1054","bigcreek",2008,2008-05-16,137,13.02,13.1,9.5,11.6,12,10.7,11.2,13.4,11.6428571428571,9,9,112,112,TRUE
"1055","bigcreek",2008,2008-05-17,138,13.12,11.2,13.1,9.5,11.6,12,10.7,11.2,11.3285714285714,9,9,112,112,TRUE
"1056","bigcreek",2008,2008-05-18,139,12.55,7.4,11.2,13.1,9.5,11.6,12,10.7,10.7857142857143,9,9,112,112,TRUE
"1057","bigcreek",2008,2008-05-19,140,11.03,7.2,7.4,11.2,13.1,9.5,11.6,12,10.2857142857143,9,9,112,112,TRUE
"1058","bigcreek",2008,2008-05-20,141,10.72,9.7,7.2,7.4,11.2,13.1,9.5,11.6,9.95714285714286,9,9,112,112,TRUE
"1059","bigcreek",2008,2008-05-21,142,11.05,6.7,9.7,7.2,7.4,11.2,13.1,9.5,9.25714285714286,9,9,112,112,TRUE
"1060","bigcreek",2008,2008-05-22,143,10.57,8.6,6.7,9.7,7.2,7.4,11.2,13.1,9.12857142857143,9,9,112,112,TRUE
"1061","bigcreek",2008,2008-05-23,144,10.83,10.2,8.6,6.7,9.7,7.2,7.4,11.2,8.71428571428571,9,9,112,112,TRUE
"1062","bigcreek",2008,2008-05-24,145,12.14,13.1,10.2,8.6,6.7,9.7,7.2,7.4,8.98571428571429,9,9,112,112,TRUE
"1063","bigcreek",2008,2008-05-25,146,13.57,12,13.1,10.2,8.6,6.7,9.7,7.2,9.64285714285714,9,9,112,112,TRUE
"1064","bigcreek",2008,2008-05-26,147,15.05,18.2,12,13.1,10.2,8.6,6.7,9.7,11.2142857142857,9,9,112,112,TRUE
"1065","bigcreek",2008,2008-05-27,148,15.96,11,18.2,12,13.1,10.2,8.6,6.7,11.4,9,9,112,112,TRUE
"1066","bigcreek",2008,2008-05-28,149,14.15,9.5,11,18.2,12,13.1,10.2,8.6,11.8,9,9,112,112,TRUE
"1067","bigcreek",2008,2008-05-29,150,13.86,12,9.5,11,18.2,12,13.1,10.2,12.2857142857143,9,9,112,112,TRUE
"1068","bigcreek",2008,2008-05-30,151,13.75,13.6,12,9.5,11,18.2,12,13.1,12.7714285714286,9,9,112,112,TRUE
"1069","bigcreek",2008,2008-05-31,152,14.65,18,13.6,12,9.5,11,18.2,12,13.4714285714286,9,9,112,112,TRUE
"1070","bigcreek",2008,2008-06-01,153,15.01,14.5,18,13.6,12,9.5,11,18.2,13.8285714285714,9,9,112,112,TRUE
"1071","bigcreek",2008,2008-06-02,154,14.97,17.1,14.5,18,13.6,12,9.5,11,13.6714285714286,9,9,112,112,TRUE
"1072","bigcreek",2008,2008-06-03,155,15.6,16.8,17.1,14.5,18,13.6,12,9.5,14.5,9,9,112,112,TRUE
"1073","bigcreek",2008,2008-06-04,156,15.41,15.7,16.8,17.1,14.5,18,13.6,12,15.3857142857143,9,9,112,112,TRUE
"1074","bigcreek",2008,2008-06-05,157,15.92,20.7,15.7,16.8,17.1,14.5,18,13.6,16.6285714285714,9,9,112,112,TRUE
"1075","bigcreek",2008,2008-06-06,158,17.89,26.3,20.7,15.7,16.8,17.1,14.5,18,18.4428571428571,9,9,112,112,TRUE
"1076","bigcreek",2008,2008-06-07,159,19.88,24.8,26.3,20.7,15.7,16.8,17.1,14.5,19.4142857142857,9,9,112,112,TRUE
"1077","bigcreek",2008,2008-06-08,160,20.77,24.9,24.8,26.3,20.7,15.7,16.8,17.1,20.9,9,9,112,112,TRUE
"1078","bigcreek",2008,2008-06-09,161,21.35,24.4,24.9,24.8,26.3,20.7,15.7,16.8,21.9428571428571,9,9,112,112,TRUE
"1079","bigcreek",2008,2008-06-10,162,20.92,18.7,24.4,24.9,24.8,26.3,20.7,15.7,22.2142857142857,9,9,112,112,TRUE
"1080","bigcreek",2008,2008-06-11,163,19.61,20.5,18.7,24.4,24.9,24.8,26.3,20.7,22.9,9,9,112,112,TRUE
"1081","bigcreek",2008,2008-06-12,164,19.4,20.5,20.5,18.7,24.4,24.9,24.8,26.3,22.8714285714286,9,9,112,112,TRUE
"1082","bigcreek",2008,2008-06-13,165,19.57,22.2,20.5,20.5,18.7,24.4,24.9,24.8,22.2857142857143,9,9,112,112,TRUE
"1083","bigcreek",2008,2008-06-14,166,20.05,21.3,22.2,20.5,20.5,18.7,24.4,24.9,21.7857142857143,9,9,112,112,TRUE
"1084","bigcreek",2008,2008-06-15,167,19.43,19.9,21.3,22.2,20.5,20.5,18.7,24.4,21.0714285714286,9,9,112,112,TRUE
"1085","bigcreek",2008,2008-06-16,168,19.28,18.8,19.9,21.3,22.2,20.5,20.5,18.7,20.2714285714286,9,9,112,112,TRUE
"1086","bigcreek",2008,2008-06-17,169,17.56,14.2,18.8,19.9,21.3,22.2,20.5,20.5,19.6285714285714,9,9,112,112,TRUE
"1087","bigcreek",2008,2008-06-18,170,16.01,13.7,14.2,18.8,19.9,21.3,22.2,20.5,18.6571428571429,9,9,112,112,TRUE
"1088","bigcreek",2008,2008-06-19,171,15.21,14,13.7,14.2,18.8,19.9,21.3,22.2,17.7285714285714,9,9,112,112,TRUE
"1089","bigcreek",2008,2008-06-20,172,15.3,17.9,14,13.7,14.2,18.8,19.9,21.3,17.1142857142857,9,9,112,112,TRUE
"1090","bigcreek",2008,2008-06-21,173,16.09,17.4,17.9,14,13.7,14.2,18.8,19.9,16.5571428571429,9,9,112,112,TRUE
"1091","bigcreek",2008,2008-06-22,174,16.79,19.2,17.4,17.9,14,13.7,14.2,18.8,16.4571428571429,9,9,112,112,TRUE
"1092","bigcreek",2008,2008-06-23,175,17.51,17.6,19.2,17.4,17.9,14,13.7,14.2,16.2857142857143,9,9,112,112,TRUE
"1093","bigcreek",2008,2008-06-24,176,17.23,18.4,17.6,19.2,17.4,17.9,14,13.7,16.8857142857143,9,9,112,112,TRUE
"1094","bigcreek",2008,2008-06-25,177,17.65,18.9,18.4,17.6,19.2,17.4,17.9,14,17.6285714285714,9,9,112,112,TRUE
"1095","bigcreek",2008,2008-06-26,178,18.59,22.3,18.9,18.4,17.6,19.2,17.4,17.9,18.8142857142857,9,9,112,112,TRUE
"1096","bigcreek",2008,2008-06-27,179,19.15,23.7,22.3,18.9,18.4,17.6,19.2,17.4,19.6428571428571,9,9,112,112,TRUE
"1097","bigcreek",2008,2008-06-28,180,19.32,21.4,23.7,22.3,18.9,18.4,17.6,19.2,20.2142857142857,9,9,112,112,TRUE
"1098","bigcreek",2008,2008-06-29,181,19.01,18.7,21.4,23.7,22.3,18.9,18.4,17.6,20.1428571428571,9,9,112,112,TRUE
"1099","bigcreek",2008,2008-06-30,182,18.17,17.1,18.7,21.4,23.7,22.3,18.9,18.4,20.0714285714286,9,9,112,112,TRUE
"1100","bigcreek",2008,2008-07-01,183,17.57,17.2,17.1,18.7,21.4,23.7,22.3,18.9,19.9,9,9,112,112,TRUE
"1101","bigcreek",2008,2008-07-02,184,17.96,21.3,17.2,17.1,18.7,21.4,23.7,22.3,20.2428571428571,9,9,112,112,TRUE
"1102","bigcreek",2008,2008-07-03,185,18.66,17,21.3,17.2,17.1,18.7,21.4,23.7,19.4857142857143,9,9,112,112,TRUE
"1103","bigcreek",2008,2008-07-04,186,18.05,16.8,17,21.3,17.2,17.1,18.7,21.4,18.5,9,9,112,112,TRUE
"1104","bigcreek",2008,2008-07-05,187,18,18.8,16.8,17,21.3,17.2,17.1,18.7,18.1285714285714,9,9,112,112,TRUE
"1105","bigcreek",2008,2008-07-06,188,18.42,20.1,18.8,16.8,17,21.3,17.2,17.1,18.3285714285714,9,9,112,112,TRUE
"1106","bigcreek",2008,2008-07-07,189,19.1,21.7,20.1,18.8,16.8,17,21.3,17.2,18.9857142857143,9,9,112,112,TRUE
"1107","bigcreek",2008,2008-07-08,190,20.24,25.2,21.7,20.1,18.8,16.8,17,21.3,20.1285714285714,9,9,112,112,TRUE
"1108","bigcreek",2008,2008-07-09,191,20.97,20.9,25.2,21.7,20.1,18.8,16.8,17,20.0714285714286,9,9,112,112,TRUE
"1109","bigcreek",2008,2008-07-10,192,20.12,19.3,20.9,25.2,21.7,20.1,18.8,16.8,20.4,9,9,112,112,TRUE
"1110","bigcreek",2008,2008-07-11,193,19.85,22.4,19.3,20.9,25.2,21.7,20.1,18.8,21.2,9,9,112,112,TRUE
"1111","bigcreek",2008,2008-07-12,194,19.68,23.3,22.4,19.3,20.9,25.2,21.7,20.1,21.8428571428571,9,9,112,112,TRUE
"1112","bigcreek",2008,2008-07-13,195,20.08,21.5,23.3,22.4,19.3,20.9,25.2,21.7,22.0428571428571,9,9,112,112,TRUE
"1113","bigcreek",2008,2008-07-14,196,19.67,18.6,21.5,23.3,22.4,19.3,20.9,25.2,21.6,9,9,112,112,TRUE
"1114","bigcreek",2008,2008-07-15,197,18.57,18.4,18.6,21.5,23.3,22.4,19.3,20.9,20.6285714285714,9,9,112,112,TRUE
"1115","bigcreek",2008,2008-07-16,198,19.15,23.1,18.4,18.6,21.5,23.3,22.4,19.3,20.9428571428571,9,9,112,112,TRUE
"1116","bigcreek",2008,2008-07-17,199,20.7,25.1,23.1,18.4,18.6,21.5,23.3,22.4,21.7714285714286,9,9,112,112,TRUE
"1117","bigcreek",2008,2008-07-18,200,21.39,25.9,25.1,23.1,18.4,18.6,21.5,23.3,22.2714285714286,9,9,112,112,TRUE
"1118","bigcreek",2008,2008-07-19,201,21.23,25.6,25.9,25.1,23.1,18.4,18.6,21.5,22.6,9,9,112,112,TRUE
"1119","bigcreek",2008,2008-07-20,202,20.66,22.4,25.6,25.9,25.1,23.1,18.4,18.6,22.7285714285714,9,9,112,112,TRUE
"1120","bigcreek",2008,2008-07-21,203,20.1,21.8,22.4,25.6,25.9,25.1,23.1,18.4,23.1857142857143,9,9,112,112,TRUE
"1121","genesee",2011,2011-04-02,92,4.3,5.55,3.6,2.8,1.95,0.55,-2.75,-4.45,1.03571428571429,14,14,112,112,TRUE
"1122","genesee",2011,2011-04-03,93,4.8,5.6,5.55,3.6,2.8,1.95,0.55,-2.75,2.47142857142857,14,14,112,112,TRUE
"1123","genesee",2011,2011-04-04,94,5.6,11.1,5.6,5.55,3.6,2.8,1.95,0.55,4.45,14,14,112,112,TRUE
"1124","genesee",2011,2011-04-05,95,6.6,3.9,11.1,5.6,5.55,3.6,2.8,1.95,4.92857142857143,14,14,112,112,TRUE
"1125","genesee",2011,2011-04-06,96,6,2.8,3.9,11.1,5.6,5.55,3.6,2.8,5.05,14,14,112,112,TRUE
"1126","genesee",2011,2011-04-07,97,4.9,4.45,2.8,3.9,11.1,5.6,5.55,3.6,5.28571428571429,14,14,112,112,TRUE
"1127","genesee",2011,2011-04-08,98,5.6,5.55,4.45,2.8,3.9,11.1,5.6,5.55,5.56428571428571,14,14,112,112,TRUE
"1128","genesee",2011,2011-04-09,99,6.3,8.35,5.55,4.45,2.8,3.9,11.1,5.6,5.96428571428571,14,14,112,112,TRUE
"1129","genesee",2011,2011-04-10,100,7,14.45,8.35,5.55,4.45,2.8,3.9,11.1,7.22857142857143,14,14,112,112,TRUE
"1130","genesee",2011,2011-04-11,101,7.7,17.8,14.45,8.35,5.55,4.45,2.8,3.9,8.18571428571429,14,14,112,112,TRUE
"1131","genesee",2011,2011-04-12,102,8,7.8,17.8,14.45,8.35,5.55,4.45,2.8,8.74285714285714,14,14,112,112,TRUE
"1132","genesee",2011,2011-04-13,103,7.7,6.65,7.8,17.8,14.45,8.35,5.55,4.45,9.29285714285714,14,14,112,112,TRUE
"1133","genesee",2011,2011-04-14,104,7.8,6.95,6.65,7.8,17.8,14.45,8.35,5.55,9.65,14,14,112,112,TRUE
"1134","genesee",2011,2011-04-15,105,8.1,3.35,6.95,6.65,7.8,17.8,14.45,8.35,9.33571428571429,14,14,112,112,TRUE
"1135","genesee",2011,2011-04-16,106,8.5,6.95,3.35,6.95,6.65,7.8,17.8,14.45,9.13571428571429,14,14,112,112,TRUE
"1136","genesee",2011,2011-04-17,107,8.3,5.25,6.95,3.35,6.95,6.65,7.8,17.8,7.82142857142857,14,14,112,112,TRUE
"1137","genesee",2011,2011-04-18,108,8,1.65,5.25,6.95,3.35,6.95,6.65,7.8,5.51428571428571,14,14,112,112,TRUE
"1138","genesee",2011,2011-04-19,109,7.5,2.2,1.65,5.25,6.95,3.35,6.95,6.65,4.71428571428571,14,14,112,112,TRUE
"1139","genesee",2011,2011-04-20,110,7.1,10.55,2.2,1.65,5.25,6.95,3.35,6.95,5.27142857142857,14,14,112,112,TRUE
"1140","genesee",2011,2011-04-21,111,7.4,3.05,10.55,2.2,1.65,5.25,6.95,3.35,4.71428571428571,14,14,112,112,TRUE
"1141","genesee",2011,2011-04-22,112,7.6,4.75,3.05,10.55,2.2,1.65,5.25,6.95,4.91428571428571,14,14,112,112,TRUE
"1142","genesee",2011,2011-04-23,113,7.7,13.05,4.75,3.05,10.55,2.2,1.65,5.25,5.78571428571429,14,14,112,112,TRUE
"1143","genesee",2011,2011-04-24,114,8.6,8.1,13.05,4.75,3.05,10.55,2.2,1.65,6.19285714285714,14,14,112,112,TRUE
"1144","genesee",2011,2011-04-25,115,9.3,10,8.1,13.05,4.75,3.05,10.55,2.2,7.38571428571429,14,14,112,112,TRUE
"1145","genesee",2011,2011-04-26,116,9.7,13.9,10,8.1,13.05,4.75,3.05,10.55,9.05714285714286,14,14,112,112,TRUE
"1146","genesee",2011,2011-04-27,117,11.6,20,13.9,10,8.1,13.05,4.75,3.05,10.4071428571429,14,14,112,112,TRUE
"1147","genesee",2011,2011-04-28,118,14.3,15.3,20,13.9,10,8.1,13.05,4.75,12.1571428571429,14,14,112,112,TRUE
"1148","genesee",2011,2011-04-29,119,14.1,8.05,15.3,20,13.9,10,8.1,13.05,12.6285714285714,14,14,112,112,TRUE
"1149","genesee",2011,2011-04-30,120,11.9,9.2,8.05,15.3,20,13.9,10,8.1,12.0785714285714,14,14,112,112,TRUE
"1150","genesee",2011,2011-05-01,121,11.7,14.4,9.2,8.05,15.3,20,13.9,10,12.9785714285714,14,14,112,112,TRUE
"1151","genesee",2011,2011-05-02,122,11.6,13.05,14.4,9.2,8.05,15.3,20,13.9,13.4142857142857,14,14,112,112,TRUE
"1152","genesee",2011,2011-05-03,123,11.4,6.95,13.05,14.4,9.2,8.05,15.3,20,12.4214285714286,14,14,112,112,TRUE
"1153","genesee",2011,2011-05-04,124,10.1,6.65,6.95,13.05,14.4,9.2,8.05,15.3,10.5142857142857,14,14,112,112,TRUE
"1154","genesee",2011,2011-05-05,125,9.8,10,6.65,6.95,13.05,14.4,9.2,8.05,9.75714285714286,14,14,112,112,TRUE
"1155","genesee",2011,2011-05-06,126,11.2,11.65,10,6.65,6.95,13.05,14.4,9.2,10.2714285714286,14,14,112,112,TRUE
"1156","genesee",2011,2011-05-07,127,11.8,12.25,11.65,10,6.65,6.95,13.05,14.4,10.7071428571429,14,14,112,112,TRUE
"1157","genesee",2011,2011-05-08,128,12.1,11.15,12.25,11.65,10,6.65,6.95,13.05,10.2428571428571,14,14,112,112,TRUE
"1158","genesee",2011,2011-05-09,129,12.2,10.85,11.15,12.25,11.65,10,6.65,6.95,9.92857142857143,14,14,112,112,TRUE
"1159","genesee",2011,2011-05-10,130,12.1,10.55,10.85,11.15,12.25,11.65,10,6.65,10.4428571428571,14,14,112,112,TRUE
"1160","genesee",2011,2011-05-11,131,12.2,12.8,10.55,10.85,11.15,12.25,11.65,10,11.3214285714286,14,14,112,112,TRUE
"1161","genesee",2011,2011-05-12,132,12.9,17.5,12.8,10.55,10.85,11.15,12.25,11.65,12.3928571428571,14,14,112,112,TRUE
"1162","genesee",2011,2011-05-13,133,13.8,20.8,17.5,12.8,10.55,10.85,11.15,12.25,13.7,14,14,112,112,TRUE
"1163","genesee",2011,2011-05-14,134,14.4,15,20.8,17.5,12.8,10.55,10.85,11.15,14.0928571428571,14,14,112,112,TRUE
"1164","genesee",2011,2011-05-15,135,14.2,8.35,15,20.8,17.5,12.8,10.55,10.85,13.6928571428571,14,14,112,112,TRUE
"1165","genesee",2011,2011-05-16,136,11.9,6.95,8.35,15,20.8,17.5,12.8,10.55,13.1357142857143,14,14,112,112,TRUE
"1166","genesee",2011,2011-05-17,137,10.9,7.8,6.95,8.35,15,20.8,17.5,12.8,12.7428571428571,14,14,112,112,TRUE
"1167","genesee",2011,2011-05-18,138,12.1,16.1,7.8,6.95,8.35,15,20.8,17.5,13.2142857142857,14,14,112,112,TRUE
"1168","genesee",2011,2011-05-19,139,13.9,16.4,16.1,7.8,6.95,8.35,15,20.8,13.0571428571429,14,14,112,112,TRUE
"1169","genesee",2011,2011-05-20,140,14.7,17.25,16.4,16.1,7.8,6.95,8.35,15,12.55,14,14,112,112,TRUE
"1170","genesee",2011,2011-05-21,141,15.3,18.3,17.25,16.4,16.1,7.8,6.95,8.35,13.0214285714286,14,14,112,112,TRUE
"1171","genesee",2011,2011-05-22,142,15.4,18.35,18.3,17.25,16.4,16.1,7.8,6.95,14.45,14,14,112,112,TRUE
"1172","genesee",2011,2011-05-23,143,15.3,21.95,18.35,18.3,17.25,16.4,16.1,7.8,16.5928571428571,14,14,112,112,TRUE
"1173","genesee",2011,2011-05-24,144,15.9,17.25,21.95,18.35,18.3,17.25,16.4,16.1,17.9428571428571,14,14,112,112,TRUE
"1174","genesee",2011,2011-05-25,145,16.8,15.3,17.25,21.95,18.35,18.3,17.25,16.4,17.8285714285714,14,14,112,112,TRUE
"1175","genesee",2011,2011-05-26,146,17.4,21.1,15.3,17.25,21.95,18.35,18.3,17.25,18.5,14,14,112,112,TRUE
"1176","genesee",2011,2011-05-27,147,17.1,14.2,21.1,15.3,17.25,21.95,18.35,18.3,18.0642857142857,14,14,112,112,TRUE
"1177","genesee",2011,2011-05-28,148,16.5,18.35,14.2,21.1,15.3,17.25,21.95,18.35,18.0714285714286,14,14,112,112,TRUE
"1178","genesee",2011,2011-05-29,149,17.4,22.8,18.35,14.2,21.1,15.3,17.25,21.95,18.7071428571429,14,14,112,112,TRUE
"1179","genesee",2011,2011-05-30,150,18.8,22.5,22.8,18.35,14.2,21.1,15.3,17.25,18.7857142857143,14,14,112,112,TRUE
"1180","genesee",2011,2011-05-31,151,19.6,25,22.5,22.8,18.35,14.2,21.1,15.3,19.8928571428571,14,14,112,112,TRUE
"1181","genesee",2011,2011-06-01,152,20.3,20.55,25,22.5,22.8,18.35,14.2,21.1,20.6428571428571,14,14,112,112,TRUE
"1182","genesee",2011,2011-06-02,153,19.6,15,20.55,25,22.5,22.8,18.35,14.2,19.7714285714286,14,14,112,112,TRUE
"1183","genesee",2011,2011-06-03,154,19.2,14.45,15,20.55,25,22.5,22.8,18.35,19.8071428571429,14,14,112,112,TRUE
"1184","genesee",2011,2011-06-04,155,19.2,15.85,14.45,15,20.55,25,22.5,22.8,19.45,14,14,112,112,TRUE
"1185","genesee",2011,2011-06-05,156,19.6,19.15,15.85,14.45,15,20.55,25,22.5,18.9285714285714,14,14,112,112,TRUE
"1186","genesee",2011,2011-06-06,157,20.5,20,19.15,15.85,14.45,15,20.55,25,18.5714285714286,14,14,112,112,TRUE
"1187","genesee",2011,2011-06-07,158,20.6,21.65,20,19.15,15.85,14.45,15,20.55,18.0928571428571,14,14,112,112,TRUE
"1188","genesee",2011,2011-06-08,159,21,26.4,21.65,20,19.15,15.85,14.45,15,18.9285714285714,14,14,112,112,TRUE
"1189","genesee",2011,2011-06-09,160,21.8,23.05,26.4,21.65,20,19.15,15.85,14.45,20.0785714285714,14,14,112,112,TRUE
"1190","genesee",2011,2011-06-10,161,22.2,17.8,23.05,26.4,21.65,20,19.15,15.85,20.5571428571429,14,14,112,112,TRUE
"1191","genesee",2011,2011-06-11,162,22.3,20.6,17.8,23.05,26.4,21.65,20,19.15,21.2357142857143,14,14,112,112,TRUE
"1192","genesee",2011,2011-06-12,163,22.2,16.4,20.6,17.8,23.05,26.4,21.65,20,20.8428571428571,14,14,112,112,TRUE
"1193","genesee",2011,2011-06-13,164,21.2,17.25,16.4,20.6,17.8,23.05,26.4,21.65,20.45,14,14,112,112,TRUE
"1194","genesee",2011,2011-06-14,165,20.3,14.45,17.25,16.4,20.6,17.8,23.05,26.4,19.4214285714286,14,14,112,112,TRUE
"1195","genesee",2011,2011-06-15,166,20.2,18.6,14.45,17.25,16.4,20.6,17.8,23.05,18.3071428571429,14,14,112,112,TRUE
"1196","genesee",2011,2011-06-16,167,20.1,20.3,18.6,14.45,17.25,16.4,20.6,17.8,17.9142857142857,14,14,112,112,TRUE
"1197","genesee",2011,2011-06-17,168,20.5,20.25,20.3,18.6,14.45,17.25,16.4,20.6,18.2642857142857,14,14,112,112,TRUE
"1198","genesee",2011,2011-06-18,169,20.8,21.1,20.25,20.3,18.6,14.45,17.25,16.4,18.3357142857143,14,14,112,112,TRUE
"1199","genesee",2011,2011-06-19,170,21.4,18.05,21.1,20.25,20.3,18.6,14.45,17.25,18.5714285714286,14,14,112,112,TRUE
"1200","genesee",2011,2011-06-20,171,21.9,18.6,18.05,21.1,20.25,20.3,18.6,14.45,18.7642857142857,14,14,112,112,TRUE
"1201","genesee",2011,2011-06-21,172,22.5,21.4,18.6,18.05,21.1,20.25,20.3,18.6,19.7571428571429,14,14,112,112,TRUE
"1202","genesee",2011,2011-06-22,173,22.7,21.95,21.4,18.6,18.05,21.1,20.25,20.3,20.2357142857143,14,14,112,112,TRUE
"1203","genesee",2011,2011-06-23,174,23.1,23.85,21.95,21.4,18.6,18.05,21.1,20.25,20.7428571428571,14,14,112,112,TRUE
"1204","genesee",2011,2011-06-24,175,23,20.85,23.85,21.95,21.4,18.6,18.05,21.1,20.8285714285714,14,14,112,112,TRUE
"1205","genesee",2011,2011-06-25,176,22.5,18.9,20.85,23.85,21.95,21.4,18.6,18.05,20.5142857142857,14,14,112,112,TRUE
"1206","genesee",2011,2011-06-26,177,21.7,18.6,18.9,20.85,23.85,21.95,21.4,18.6,20.5928571428571,14,14,112,112,TRUE
"1207","genesee",2011,2011-06-27,178,21.4,20.8,18.6,18.9,20.85,23.85,21.95,21.4,20.9071428571429,14,14,112,112,TRUE
"1208","genesee",2011,2011-06-28,179,21.8,23.9,20.8,18.6,18.9,20.85,23.85,21.95,21.2642857142857,14,14,112,112,TRUE
"1209","genesee",2011,2011-06-29,180,21.5,18.35,23.9,20.8,18.6,18.9,20.85,23.85,20.75,14,14,112,112,TRUE
"1210","genesee",2011,2011-06-30,181,21.4,18.6,18.35,23.9,20.8,18.6,18.9,20.85,20,14,14,112,112,TRUE
"1211","genesee",2011,2011-07-01,182,21.7,18.9,18.6,18.35,23.9,20.8,18.6,18.9,19.7214285714286,14,14,112,112,TRUE
"1212","genesee",2011,2011-07-02,183,22.4,21.95,18.9,18.6,18.35,23.9,20.8,18.6,20.1571428571429,14,14,112,112,TRUE
"1213","genesee",2011,2011-07-03,184,23.4,24.7,21.95,18.9,18.6,18.35,23.9,20.8,21.0285714285714,14,14,112,112,TRUE
"1214","genesee",2011,2011-07-04,185,23.9,21.95,24.7,21.95,18.9,18.6,18.35,23.9,21.1928571428571,14,14,112,112,TRUE
"1215","genesee",2011,2011-07-05,186,24.1,21.65,21.95,24.7,21.95,18.9,18.6,18.35,20.8714285714286,14,14,112,112,TRUE
"1216","genesee",2011,2011-07-06,187,24.8,24.75,21.65,21.95,24.7,21.95,18.9,18.6,21.7857142857143,14,14,112,112,TRUE
"1217","genesee",2011,2011-07-07,188,25.3,21.7,24.75,21.65,21.95,24.7,21.95,18.9,22.2285714285714,14,14,112,112,TRUE
"1218","genesee",2011,2011-07-08,189,25.3,21.7,21.7,24.75,21.65,21.95,24.7,21.95,22.6285714285714,14,14,112,112,TRUE
"1219","genesee",2011,2011-07-09,190,25.4,20.85,21.7,21.7,24.75,21.65,21.95,24.7,22.4714285714286,14,14,112,112,TRUE
"1220","genesee",2011,2011-07-10,191,25.2,23.65,20.85,21.7,21.7,24.75,21.65,21.95,22.3214285714286,14,14,112,112,TRUE
"1221","genesee",2011,2011-07-11,192,25.5,27.2,23.65,20.85,21.7,21.7,24.75,21.65,23.0714285714286,14,14,112,112,TRUE
"1222","genesee",2011,2011-07-12,193,25.7,26.7,27.2,23.65,20.85,21.7,21.7,24.75,23.7928571428571,14,14,112,112,TRUE
"1223","genesee",2011,2011-07-13,194,26,21.7,26.7,27.2,23.65,20.85,21.7,21.7,23.3571428571429,14,14,112,112,TRUE
"1224","genesee",2011,2011-07-14,195,26,20,21.7,26.7,27.2,23.65,20.85,21.7,23.1142857142857,14,14,112,112,TRUE
"1225","genesee",2011,2011-07-15,196,25.8,20.3,20,21.7,26.7,27.2,23.65,20.85,22.9142857142857,14,14,112,112,TRUE
"1226","genesee",2011,2011-07-16,197,25.9,23.3,20.3,20,21.7,26.7,27.2,23.65,23.2642857142857,14,14,112,112,TRUE
"1227","genesee",2011,2011-07-17,198,26.2,25.55,23.3,20.3,20,21.7,26.7,27.2,23.5357142857143,14,14,112,112,TRUE
"1228","genesee",2011,2011-07-18,199,26.5,26.7,25.55,23.3,20.3,20,21.7,26.7,23.4642857142857,14,14,112,112,TRUE
"1229","genesee",2011,2011-07-19,200,27.1,24.45,26.7,25.55,23.3,20.3,20,21.7,23.1428571428571,14,14,112,112,TRUE
"1230","genesee",2011,2011-07-20,201,27.2,26.65,24.45,26.7,25.55,23.3,20.3,20,23.85,14,14,112,112,TRUE
"1231","genesee",2011,2011-07-21,202,27.6,30,26.65,24.45,26.7,25.55,23.3,20.3,25.2785714285714,14,14,112,112,TRUE
"1232","genesee",2011,2011-07-22,203,28.6,28.05,30,26.65,24.45,26.7,25.55,23.3,26.3857142857143,14,14,112,112,TRUE
"1233","genesee",2012,2012-04-01,92,7.9,1.1,2.5,2.25,3.6,12.8,1.95,3.35,3.93571428571429,15,15,112,112,TRUE
"1234","genesee",2012,2012-04-02,93,7.2,5.3,1.1,2.5,2.25,3.6,12.8,1.95,4.21428571428571,15,15,112,112,TRUE
"1235","genesee",2012,2012-04-03,94,7.3,5.3,5.3,1.1,2.5,2.25,3.6,12.8,4.69285714285714,15,15,112,112,TRUE
"1236","genesee",2012,2012-04-04,95,7.8,7.25,5.3,5.3,1.1,2.5,2.25,3.6,3.9,15,15,112,112,TRUE
"1237","genesee",2012,2012-04-05,96,8.5,3.9,7.25,5.3,5.3,1.1,2.5,2.25,3.94285714285714,15,15,112,112,TRUE
"1238","genesee",2012,2012-04-06,97,8.8,4.7,3.9,7.25,5.3,5.3,1.1,2.5,4.29285714285714,15,15,112,112,TRUE
"1239","genesee",2012,2012-04-07,98,9.2,5.85,4.7,3.9,7.25,5.3,5.3,1.1,4.77142857142857,15,15,112,112,TRUE
"1240","genesee",2012,2012-04-08,99,9.6,9.2,5.85,4.7,3.9,7.25,5.3,5.3,5.92857142857143,15,15,112,112,TRUE
"1241","genesee",2012,2012-04-09,100,9.5,8.3,9.2,5.85,4.7,3.9,7.25,5.3,6.35714285714286,15,15,112,112,TRUE
"1242","genesee",2012,2012-04-10,101,9.6,6.4,8.3,9.2,5.85,4.7,3.9,7.25,6.51428571428571,15,15,112,112,TRUE
"1243","genesee",2012,2012-04-11,102,9.4,6.95,6.4,8.3,9.2,5.85,4.7,3.9,6.47142857142857,15,15,112,112,TRUE
"1244","genesee",2012,2012-04-12,103,9.9,10,6.95,6.4,8.3,9.2,5.85,4.7,7.34285714285714,15,15,112,112,TRUE
"1245","genesee",2012,2012-04-13,104,10.1,7.8,10,6.95,6.4,8.3,9.2,5.85,7.78571428571429,15,15,112,112,TRUE
"1246","genesee",2012,2012-04-14,105,10.4,11.1,7.8,10,6.95,6.4,8.3,9.2,8.53571428571429,15,15,112,112,TRUE
"1247","genesee",2012,2012-04-15,106,10.9,16.95,11.1,7.8,10,6.95,6.4,8.3,9.64285714285714,15,15,112,112,TRUE
"1248","genesee",2012,2012-04-16,107,11.9,21.95,16.95,11.1,7.8,10,6.95,6.4,11.5928571428571,15,15,112,112,TRUE
"1249","genesee",2012,2012-04-17,108,12.9,8.05,21.95,16.95,11.1,7.8,10,6.95,11.8285714285714,15,15,112,112,TRUE
"1250","genesee",2012,2012-04-18,109,13.3,5.55,8.05,21.95,16.95,11.1,7.8,10,11.6285714285714,15,15,112,112,TRUE
"1251","genesee",2012,2012-04-19,110,13.9,12.2,5.55,8.05,21.95,16.95,11.1,7.8,11.9428571428571,15,15,112,112,TRUE
"1252","genesee",2012,2012-04-20,111,14.9,18.9,12.2,5.55,8.05,21.95,16.95,11.1,13.5285714285714,15,15,112,112,TRUE
"1253","genesee",2012,2012-04-21,112,14.8,8.9,18.9,12.2,5.55,8.05,21.95,16.95,13.2142857142857,15,15,112,112,TRUE
"1254","genesee",2012,2012-04-22,113,13.7,4.45,8.9,18.9,12.2,5.55,8.05,21.95,11.4285714285714,15,15,112,112,TRUE
"1255","genesee",2012,2012-04-23,114,11.2,2.25,4.45,8.9,18.9,12.2,5.55,8.05,8.61428571428571,15,15,112,112,TRUE
"1256","genesee",2012,2012-04-24,115,8.4,4.15,2.25,4.45,8.9,18.9,12.2,5.55,8.05714285714286,15,15,112,112,TRUE
"1257","genesee",2012,2012-04-25,116,7.1,7.5,4.15,2.25,4.45,8.9,18.9,12.2,8.33571428571429,15,15,112,112,TRUE
"1258","genesee",2012,2012-04-26,117,8,8.9,7.5,4.15,2.25,4.45,8.9,18.9,7.86428571428571,15,15,112,112,TRUE
"1259","genesee",2012,2012-04-27,118,8.3,3.35,8.9,7.5,4.15,2.25,4.45,8.9,5.64285714285714,15,15,112,112,TRUE
"1260","genesee",2012,2012-04-28,119,8.2,3.05,3.35,8.9,7.5,4.15,2.25,4.45,4.80714285714286,15,15,112,112,TRUE
"1261","genesee",2012,2012-04-29,120,8.6,5,3.05,3.35,8.9,7.5,4.15,2.25,4.88571428571429,15,15,112,112,TRUE
"1262","genesee",2012,2012-04-30,121,8.9,6.65,5,3.05,3.35,8.9,7.5,4.15,5.51428571428571,15,15,112,112,TRUE
"1263","genesee",2012,2012-05-01,122,9.5,11.9,6.65,5,3.05,3.35,8.9,7.5,6.62142857142857,15,15,112,112,TRUE
"1264","genesee",2012,2012-05-02,123,11,15.85,11.9,6.65,5,3.05,3.35,8.9,7.81428571428571,15,15,112,112,TRUE
"1265","genesee",2012,2012-05-03,124,12.9,19.7,15.85,11.9,6.65,5,3.05,3.35,9.35714285714286,15,15,112,112,TRUE
"1266","genesee",2012,2012-05-04,125,15.2,18.3,19.7,15.85,11.9,6.65,5,3.05,11.4928571428571,15,15,112,112,TRUE
"1267","genesee",2012,2012-05-05,126,17.1,10.85,18.3,19.7,15.85,11.9,6.65,5,12.6071428571429,15,15,112,112,TRUE
"1268","genesee",2012,2012-05-06,127,17,10.55,10.85,18.3,19.7,15.85,11.9,6.65,13.4,15,15,112,112,TRUE
"1269","genesee",2012,2012-05-07,128,16.1,14.45,10.55,10.85,18.3,19.7,15.85,11.9,14.5142857142857,15,15,112,112,TRUE
"1270","genesee",2012,2012-05-08,129,15.3,15.55,14.45,10.55,10.85,18.3,19.7,15.85,15.0357142857143,15,15,112,112,TRUE
"1271","genesee",2012,2012-05-09,130,15.5,14.7,15.55,14.45,10.55,10.85,18.3,19.7,14.8714285714286,15,15,112,112,TRUE
"1272","genesee",2012,2012-05-10,131,15.4,11.4,14.7,15.55,14.45,10.55,10.85,18.3,13.6857142857143,15,15,112,112,TRUE
"1273","genesee",2012,2012-05-11,132,15.2,13.05,11.4,14.7,15.55,14.45,10.55,10.85,12.9357142857143,15,15,112,112,TRUE
"1274","genesee",2012,2012-05-12,133,15.4,15.25,13.05,11.4,14.7,15.55,14.45,10.55,13.5642857142857,15,15,112,112,TRUE
"1275","genesee",2012,2012-05-13,134,16.1,16.4,15.25,13.05,11.4,14.7,15.55,14.45,14.4,15,15,112,112,TRUE
"1276","genesee",2012,2012-05-14,135,17.2,17.2,16.4,15.25,13.05,11.4,14.7,15.55,14.7928571428571,15,15,112,112,TRUE
"1277","genesee",2012,2012-05-15,136,18.2,17.5,17.2,16.4,15.25,13.05,11.4,14.7,15.0714285714286,15,15,112,112,TRUE
"1278","genesee",2012,2012-05-16,137,18.7,15,17.5,17.2,16.4,15.25,13.05,11.4,15.1142857142857,15,15,112,112,TRUE
"1279","genesee",2012,2012-05-17,138,18.6,10,15,17.5,17.2,16.4,15.25,13.05,14.9142857142857,15,15,112,112,TRUE
"1280","genesee",2012,2012-05-18,139,18.6,13.3,10,15,17.5,17.2,16.4,15.25,14.95,15,15,112,112,TRUE
"1281","genesee",2012,2012-05-19,140,18.9,18.6,13.3,10,15,17.5,17.2,16.4,15.4285714285714,15,15,112,112,TRUE
"1282","genesee",2012,2012-05-20,141,19.6,20.55,18.6,13.3,10,15,17.5,17.2,16.0214285714286,15,15,112,112,TRUE
"1283","genesee",2012,2012-05-21,142,20.6,21.65,20.55,18.6,13.3,10,15,17.5,16.6571428571429,15,15,112,112,TRUE
"1284","genesee",2012,2012-05-22,143,21.4,20.3,21.65,20.55,18.6,13.3,10,15,17.0571428571429,15,15,112,112,TRUE
"1285","genesee",2012,2012-05-23,144,21.7,20.55,20.3,21.65,20.55,18.6,13.3,10,17.85,15,15,112,112,TRUE
"1286","genesee",2012,2012-05-24,145,21.9,21.35,20.55,20.3,21.65,20.55,18.6,13.3,19.4714285714286,15,15,112,112,TRUE
"1287","genesee",2012,2012-05-25,146,22.5,25.55,21.35,20.55,20.3,21.65,20.55,18.6,21.2214285714286,15,15,112,112,TRUE
"1288","genesee",2012,2012-05-26,147,23.1,21.4,25.55,21.35,20.55,20.3,21.65,20.55,21.6214285714286,15,15,112,112,TRUE
"1289","genesee",2012,2012-05-27,148,23.3,20,21.4,25.55,21.35,20.55,20.3,21.65,21.5428571428571,15,15,112,112,TRUE
"1290","genesee",2012,2012-05-28,149,23.3,24.15,20,21.4,25.55,21.35,20.55,20.3,21.9,15,15,112,112,TRUE
"1291","genesee",2012,2012-05-29,150,24,24.75,24.15,20,21.4,25.55,21.35,20.55,22.5357142857143,15,15,112,112,TRUE
"1292","genesee",2012,2012-05-30,151,24,19.15,24.75,24.15,20,21.4,25.55,21.35,22.3357142857143,15,15,112,112,TRUE
"1293","genesee",2012,2012-05-31,152,23.3,15.3,19.15,24.75,24.15,20,21.4,25.55,21.4714285714286,15,15,112,112,TRUE
"1294","genesee",2012,2012-06-01,153,21.8,14.45,15.3,19.15,24.75,24.15,20,21.4,19.8857142857143,15,15,112,112,TRUE
"1295","genesee",2012,2012-06-02,154,20.7,15.55,14.45,15.3,19.15,24.75,24.15,20,19.05,15,15,112,112,TRUE
"1296","genesee",2012,2012-06-03,155,19.6,15.8,15.55,14.45,15.3,19.15,24.75,24.15,18.45,15,15,112,112,TRUE
"1297","genesee",2012,2012-06-04,156,18,12.25,15.8,15.55,14.45,15.3,19.15,24.75,16.75,15,15,112,112,TRUE
"1298","genesee",2012,2012-06-05,157,17,15,12.25,15.8,15.55,14.45,15.3,19.15,15.3571428571429,15,15,112,112,TRUE
"1299","genesee",2012,2012-06-06,158,17.1,15.8,15,12.25,15.8,15.55,14.45,15.3,14.8785714285714,15,15,112,112,TRUE
"1300","genesee",2012,2012-06-07,159,17.8,18.05,15.8,15,12.25,15.8,15.55,14.45,15.2714285714286,15,15,112,112,TRUE
"1301","genesee",2012,2012-06-08,160,18.9,19.45,18.05,15.8,15,12.25,15.8,15.55,15.9857142857143,15,15,112,112,TRUE
"1302","genesee",2012,2012-06-09,161,19.8,20,19.45,18.05,15.8,15,12.25,15.8,16.6214285714286,15,15,112,112,TRUE
"1303","genesee",2012,2012-06-10,162,20.8,23.9,20,19.45,18.05,15.8,15,12.25,17.7785714285714,15,15,112,112,TRUE
"1304","genesee",2012,2012-06-11,163,22,24.7,23.9,20,19.45,18.05,15.8,15,19.5571428571429,15,15,112,112,TRUE
"1305","genesee",2012,2012-06-12,164,23,20.25,24.7,23.9,20,19.45,18.05,15.8,20.3071428571429,15,15,112,112,TRUE
"1306","genesee",2012,2012-06-13,165,22.4,15.6,20.25,24.7,23.9,20,19.45,18.05,20.2785714285714,15,15,112,112,TRUE
"1307","genesee",2012,2012-06-14,166,21.5,16.65,15.6,20.25,24.7,23.9,20,19.45,20.0785714285714,15,15,112,112,TRUE
"1308","genesee",2012,2012-06-15,167,20.9,18.9,16.65,15.6,20.25,24.7,23.9,20,20,15,15,112,112,TRUE
"1309","genesee",2012,2012-06-16,168,21,21.95,18.9,16.65,15.6,20.25,24.7,23.9,20.2785714285714,15,15,112,112,TRUE
"1310","genesee",2012,2012-06-17,169,22.4,23.85,21.95,18.9,16.65,15.6,20.25,24.7,20.2714285714286,15,15,112,112,TRUE
"1311","genesee",2012,2012-06-18,170,23.1,23.3,23.85,21.95,18.9,16.65,15.6,20.25,20.0714285714286,15,15,112,112,TRUE
"1312","genesee",2012,2012-06-19,171,23.8,25,23.3,23.85,21.95,18.9,16.65,15.6,20.75,15,15,112,112,TRUE
"1313","genesee",2012,2012-06-20,172,24.8,27.2,25,23.3,23.85,21.95,18.9,16.65,22.4071428571429,15,15,112,112,TRUE
"1314","genesee",2012,2012-06-21,173,25.6,26.4,27.2,25,23.3,23.85,21.95,18.9,23.8,15,15,112,112,TRUE
"1315","genesee",2012,2012-06-22,174,26.2,22.5,26.4,27.2,25,23.3,23.85,21.95,24.3142857142857,15,15,112,112,TRUE
"1316","genesee",2012,2012-06-23,175,26.2,20,22.5,26.4,27.2,25,23.3,23.85,24.0357142857143,15,15,112,112,TRUE
"1317","genesee",2012,2012-06-24,176,25.9,20.85,20,22.5,26.4,27.2,25,23.3,23.6071428571429,15,15,112,112,TRUE
"1318","genesee",2012,2012-06-25,177,25.3,17.8,20.85,20,22.5,26.4,27.2,25,22.8214285714286,15,15,112,112,TRUE
"1319","genesee",2012,2012-06-26,178,24.4,18.05,17.8,20.85,20,22.5,26.4,27.2,21.8285714285714,15,15,112,112,TRUE
"1320","genesee",2012,2012-06-27,179,23.8,20.3,18.05,17.8,20.85,20,22.5,26.4,20.8428571428571,15,15,112,112,TRUE
"1321","genesee",2012,2012-06-28,180,23.5,23.05,20.3,18.05,17.8,20.85,20,22.5,20.3642857142857,15,15,112,112,TRUE
"1322","genesee",2012,2012-06-29,181,24.4,25.85,23.05,20.3,18.05,17.8,20.85,20,20.8428571428571,15,15,112,112,TRUE
"1323","genesee",2012,2012-06-30,182,24.9,24.45,25.85,23.05,20.3,18.05,17.8,20.85,21.4785714285714,15,15,112,112,TRUE
"1324","genesee",2012,2012-07-01,183,25.4,23.05,24.45,25.85,23.05,20.3,18.05,17.8,21.7928571428571,15,15,112,112,TRUE
"1325","genesee",2012,2012-07-02,184,25.6,22.5,23.05,24.45,25.85,23.05,20.3,18.05,22.4642857142857,15,15,112,112,TRUE
"1326","genesee",2012,2012-07-03,185,25.7,23.35,22.5,23.05,24.45,25.85,23.05,20.3,23.2214285714286,15,15,112,112,TRUE
"1327","genesee",2012,2012-07-04,186,26.1,26.4,23.35,22.5,23.05,24.45,25.85,23.05,24.0928571428571,15,15,112,112,TRUE
"1328","genesee",2012,2012-07-05,187,27,23.9,26.4,23.35,22.5,23.05,24.45,25.85,24.2142857142857,15,15,112,112,TRUE
"1329","genesee",2012,2012-07-06,188,27.2,26.35,23.9,26.4,23.35,22.5,23.05,24.45,24.2857142857143,15,15,112,112,TRUE
"1330","genesee",2012,2012-07-07,189,27.4,23.3,26.35,23.9,26.4,23.35,22.5,23.05,24.1214285714286,15,15,112,112,TRUE
"1331","genesee",2012,2012-07-08,190,27.4,23.05,23.3,26.35,23.9,26.4,23.35,22.5,24.1214285714286,15,15,112,112,TRUE
"1332","genesee",2012,2012-07-09,191,27.4,21.95,23.05,23.3,26.35,23.9,26.4,23.35,24.0428571428571,15,15,112,112,TRUE
"1333","genesee",2012,2012-07-10,192,27.2,21.65,21.95,23.05,23.3,26.35,23.9,26.4,23.8,15,15,112,112,TRUE
"1334","genesee",2012,2012-07-11,193,26.9,20.8,21.65,21.95,23.05,23.3,26.35,23.9,23,15,15,112,112,TRUE
"1335","genesee",2012,2012-07-12,194,27,22.75,20.8,21.65,21.95,23.05,23.3,26.35,22.8357142857143,15,15,112,112,TRUE
"1336","genesee",2012,2012-07-13,195,27.3,25.3,22.75,20.8,21.65,21.95,23.05,23.3,22.6857142857143,15,15,112,112,TRUE
"1337","genesee",2012,2012-07-14,196,27.4,25.8,25.3,22.75,20.8,21.65,21.95,23.05,23.0428571428571,15,15,112,112,TRUE
"1338","genesee",2012,2012-07-15,197,27.7,25,25.8,25.3,22.75,20.8,21.65,21.95,23.3214285714286,15,15,112,112,TRUE
"1339","genesee",2012,2012-07-16,198,27.7,25.8,25,25.8,25.3,22.75,20.8,21.65,23.8714285714286,15,15,112,112,TRUE
"1340","genesee",2012,2012-07-17,199,27.8,29.45,25.8,25,25.8,25.3,22.75,20.8,24.9857142857143,15,15,112,112,TRUE
"1341","genesee",2012,2012-07-18,200,28.2,23.3,29.45,25.8,25,25.8,25.3,22.75,25.3428571428571,15,15,112,112,TRUE
"1342","genesee",2012,2012-07-19,201,27.7,20.3,23.3,29.45,25.8,25,25.8,25.3,24.9928571428571,15,15,112,112,TRUE
"1343","genesee",2012,2012-07-20,202,26.2,20.25,20.3,23.3,29.45,25.8,25,25.8,24.2714285714286,15,15,112,112,TRUE
"1344","genesee",2012,2012-07-21,203,26,21.35,20.25,20.3,23.3,29.45,25.8,25,23.6357142857143,15,15,112,112,TRUE
"1345","genesee",2013,2013-04-02,92,5.3,-1.9,2,7.2,4.75,6.1,4.15,4.15,3.77857142857143,11,11,112,112,TRUE
"1346","genesee",2013,2013-04-03,93,4.5,0.0499999999999998,-1.9,2,7.2,4.75,6.1,4.15,3.19285714285714,11,11,112,112,TRUE
"1347","genesee",2013,2013-04-04,94,3.9,3.9,0.0499999999999998,-1.9,2,7.2,4.75,6.1,3.15714285714286,11,11,112,112,TRUE
"1348","genesee",2013,2013-04-05,95,4.4,3.1,3.9,0.0499999999999998,-1.9,2,7.2,4.75,2.72857142857143,11,11,112,112,TRUE
"1349","genesee",2013,2013-04-06,96,4.8,2,3.1,3.9,0.0499999999999998,-1.9,2,7.2,2.33571428571429,11,11,112,112,TRUE
"1350","genesee",2013,2013-04-07,97,6.3,14.15,2,3.1,3.9,0.0499999999999998,-1.9,2,3.32857142857143,11,11,112,112,TRUE
"1351","genesee",2013,2013-04-08,98,7.6,10,14.15,2,3.1,3.9,0.0499999999999998,-1.9,4.47142857142857,11,11,112,112,TRUE
"1352","genesee",2013,2013-04-09,99,9.1,11.7,10,14.15,2,3.1,3.9,0.0499999999999998,6.41428571428571,11,11,112,112,TRUE
"1353","genesee",2013,2013-04-10,100,9.9,6.1,11.7,10,14.15,2,3.1,3.9,7.27857142857143,11,11,112,112,TRUE
"1354","genesee",2013,2013-04-11,101,8.7,2.8,6.1,11.7,10,14.15,2,3.1,7.12142857142857,11,11,112,112,TRUE
"1355","genesee",2013,2013-04-12,102,6.1,6.95,2.8,6.1,11.7,10,14.15,2,7.67142857142857,11,11,112,112,TRUE
"1356","genesee",2013,2013-04-13,103,6,5.85,6.95,2.8,6.1,11.7,10,14.15,8.22142857142857,11,11,112,112,TRUE
"1357","genesee",2013,2013-04-14,104,6.4,5,5.85,6.95,2.8,6.1,11.7,10,6.91428571428571,11,11,112,112,TRUE
"1358","genesee",2013,2013-04-15,105,7.2,12.75,5,5.85,6.95,2.8,6.1,11.7,7.30714285714286,11,11,112,112,TRUE
"1359","genesee",2013,2013-04-16,106,8.5,12.8,12.75,5,5.85,6.95,2.8,6.1,7.46428571428571,11,11,112,112,TRUE
"1360","genesee",2013,2013-04-17,107,8.8,6.95,12.8,12.75,5,5.85,6.95,2.8,7.58571428571429,11,11,112,112,TRUE
"1361","genesee",2013,2013-04-18,108,9.5,16.1,6.95,12.8,12.75,5,5.85,6.95,9.48571428571429,11,11,112,112,TRUE
"1362","genesee",2013,2013-04-19,109,10.2,14.45,16.1,6.95,12.8,12.75,5,5.85,10.5571428571429,11,11,112,112,TRUE
"1363","genesee",2013,2013-04-20,110,9.5,3.05,14.45,16.1,6.95,12.8,12.75,5,10.1571428571429,11,11,112,112,TRUE
"1364","genesee",2013,2013-04-21,111,9.3,1.45,3.05,14.45,16.1,6.95,12.8,12.75,9.65,11,11,112,112,TRUE
"1365","genesee",2013,2013-04-22,112,10.1,7.3,1.45,3.05,14.45,16.1,6.95,12.8,8.87142857142857,11,11,112,112,TRUE
"1366","genesee",2013,2013-04-23,113,11,11.4,7.3,1.45,3.05,14.45,16.1,6.95,8.67142857142857,11,11,112,112,TRUE
"1367","genesee",2013,2013-04-24,114,10.5,11.95,11.4,7.3,1.45,3.05,14.45,16.1,9.38571428571429,11,11,112,112,TRUE
"1368","genesee",2013,2013-04-25,115,10.8,7.2,11.95,11.4,7.3,1.45,3.05,14.45,8.11428571428571,11,11,112,112,TRUE
"1369","genesee",2013,2013-04-26,116,11.7,7.5,7.2,11.95,11.4,7.3,1.45,3.05,7.12142857142857,11,11,112,112,TRUE
"1370","genesee",2013,2013-04-27,117,12.2,11.1,7.5,7.2,11.95,11.4,7.3,1.45,8.27142857142857,11,11,112,112,TRUE
"1371","genesee",2013,2013-04-28,118,12.9,15.3,11.1,7.5,7.2,11.95,11.4,7.3,10.25,11,11,112,112,TRUE
"1372","genesee",2013,2013-04-29,119,13.4,14.45,15.3,11.1,7.5,7.2,11.95,11.4,11.2714285714286,11,11,112,112,TRUE
"1373","genesee",2013,2013-04-30,120,14.3,18.6,14.45,15.3,11.1,7.5,7.2,11.95,12.3,11,11,112,112,TRUE
"1374","genesee",2013,2013-05-01,121,15.4,20.3,18.6,14.45,15.3,11.1,7.5,7.2,13.4928571428571,11,11,112,112,TRUE
"1375","genesee",2013,2013-05-02,122,16.4,18.85,20.3,18.6,14.45,15.3,11.1,7.5,15.1571428571429,11,11,112,112,TRUE
"1376","genesee",2013,2013-05-03,123,17.4,17.8,18.85,20.3,18.6,14.45,15.3,11.1,16.6285714285714,11,11,112,112,TRUE
"1377","genesee",2013,2013-05-04,124,18.1,17.8,17.8,18.85,20.3,18.6,14.45,15.3,17.5857142857143,11,11,112,112,TRUE
"1378","genesee",2013,2013-05-05,125,18.5,16.35,17.8,17.8,18.85,20.3,18.6,14.45,17.7357142857143,11,11,112,112,TRUE
"1379","genesee",2013,2013-05-06,126,18.7,16.65,16.35,17.8,17.8,18.85,20.3,18.6,18.05,11,11,112,112,TRUE
"1380","genesee",2013,2013-05-07,127,19.2,17.8,16.65,16.35,17.8,17.8,18.85,20.3,17.9357142857143,11,11,112,112,TRUE
"1381","genesee",2013,2013-05-08,128,19.4,16.95,17.8,16.65,16.35,17.8,17.8,18.85,17.4571428571429,11,11,112,112,TRUE
"1382","genesee",2013,2013-05-09,129,19.4,17.8,16.95,17.8,16.65,16.35,17.8,17.8,17.3071428571429,11,11,112,112,TRUE
"1383","genesee",2013,2013-05-10,130,18.8,17.75,17.8,16.95,17.8,16.65,16.35,17.8,17.3,11,11,112,112,TRUE
"1384","genesee",2013,2013-05-11,131,18,11.7,17.75,17.8,16.95,17.8,16.65,16.35,16.4285714285714,11,11,112,112,TRUE
"1385","genesee",2013,2013-05-12,132,16.6,6.95,11.7,17.75,17.8,16.95,17.8,16.65,15.0857142857143,11,11,112,112,TRUE
"1386","genesee",2013,2013-05-13,133,14.7,5.85,6.95,11.7,17.75,17.8,16.95,17.8,13.5428571428571,11,11,112,112,TRUE
"1387","genesee",2013,2013-05-14,134,13.6,7.8,5.85,6.95,11.7,17.75,17.8,16.95,12.1142857142857,11,11,112,112,TRUE
"1388","genesee",2013,2013-05-15,135,13.7,17.75,7.8,5.85,6.95,11.7,17.75,17.8,12.2285714285714,11,11,112,112,TRUE
"1389","genesee",2013,2013-05-16,136,14.8,17.2,17.75,7.8,5.85,6.95,11.7,17.75,12.1428571428571,11,11,112,112,TRUE
"1390","genesee",2013,2013-05-17,137,15.5,11.95,17.2,17.75,7.8,5.85,6.95,11.7,11.3142857142857,11,11,112,112,TRUE
"1391","genesee",2013,2013-05-18,138,16.1,13.9,11.95,17.2,17.75,7.8,5.85,6.95,11.6285714285714,11,11,112,112,TRUE
"1392","genesee",2013,2013-05-19,139,17.3,21.1,13.9,11.95,17.2,17.75,7.8,5.85,13.65,11,11,112,112,TRUE
"1393","genesee",2013,2013-05-20,140,18.8,22.75,21.1,13.9,11.95,17.2,17.75,7.8,16.0642857142857,11,11,112,112,TRUE
"1394","genesee",2013,2013-05-21,141,20.2,23.6,22.75,21.1,13.9,11.95,17.2,17.75,18.3214285714286,11,11,112,112,TRUE
"1395","genesee",2013,2013-05-22,142,21,23.9,23.6,22.75,21.1,13.9,11.95,17.2,19.2,11,11,112,112,TRUE
"1396","genesee",2013,2013-05-23,143,21.7,15.85,23.9,23.6,22.75,21.1,13.9,11.95,19.0071428571429,11,11,112,112,TRUE
"1397","genesee",2013,2013-05-24,144,20.4,7.5,15.85,23.9,23.6,22.75,21.1,13.9,18.3714285714286,11,11,112,112,TRUE
"1398","genesee",2013,2013-05-25,145,19.4,9.7,7.5,15.85,23.9,23.6,22.75,21.1,17.7714285714286,11,11,112,112,TRUE
"1399","genesee",2013,2013-05-26,146,18.2,11.95,9.7,7.5,15.85,23.9,23.6,22.75,16.4642857142857,11,11,112,112,TRUE
"1400","genesee",2013,2013-05-27,147,17.9,13.05,11.95,9.7,7.5,15.85,23.9,23.6,15.0785714285714,11,11,112,112,TRUE
"1401","genesee",2013,2013-05-28,148,17.4,13.9,13.05,11.95,9.7,7.5,15.85,23.9,13.6928571428571,11,11,112,112,TRUE
"1402","genesee",2013,2013-05-29,149,17.4,21.95,13.9,13.05,11.95,9.7,7.5,15.85,13.4142857142857,11,11,112,112,TRUE
"1403","genesee",2013,2013-05-30,150,18.4,24.15,21.95,13.9,13.05,11.95,9.7,7.5,14.6,11,11,112,112,TRUE
"1404","genesee",2013,2013-05-31,151,19.5,26.1,24.15,21.95,13.9,13.05,11.95,9.7,17.2571428571429,11,11,112,112,TRUE
"1405","genesee",2013,2013-06-01,152,20.7,25.55,26.1,24.15,21.95,13.9,13.05,11.95,19.5214285714286,11,11,112,112,TRUE
"1406","genesee",2013,2013-06-02,153,22.1,19.15,25.55,26.1,24.15,21.95,13.9,13.05,20.55,11,11,112,112,TRUE
"1407","genesee",2013,2013-06-03,154,21.9,14.45,19.15,25.55,26.1,24.15,21.95,13.9,20.75,11,11,112,112,TRUE
"1408","genesee",2013,2013-06-04,155,20.9,14.15,14.45,19.15,25.55,26.1,24.15,21.95,20.7857142857143,11,11,112,112,TRUE
"1409","genesee",2013,2013-06-05,156,20.1,15,14.15,14.45,19.15,25.55,26.1,24.15,19.7928571428571,11,11,112,112,TRUE
"1410","genesee",2013,2013-06-06,157,19,13.9,15,14.15,14.45,19.15,25.55,26.1,18.3285714285714,11,11,112,112,TRUE
"1411","genesee",2013,2013-06-07,158,16.7,15.25,13.9,15,14.15,14.45,19.15,25.55,16.7785714285714,11,11,112,112,TRUE
"1412","genesee",2013,2013-06-08,159,15.8,15.8,15.25,13.9,15,14.15,14.45,19.15,15.3857142857143,11,11,112,112,TRUE
"1413","genesee",2013,2013-06-09,160,16.4,18.05,15.8,15.25,13.9,15,14.15,14.45,15.2285714285714,11,11,112,112,TRUE
"1414","genesee",2013,2013-06-10,161,17.2,19.45,18.05,15.8,15.25,13.9,15,14.15,15.9428571428571,11,11,112,112,TRUE
"1415","genesee",2013,2013-06-11,162,17.7,17.8,19.45,18.05,15.8,15.25,13.9,15,16.4642857142857,11,11,112,112,TRUE
"1416","genesee",2013,2013-06-12,163,18.4,17.8,17.8,19.45,18.05,15.8,15.25,13.9,16.8642857142857,11,11,112,112,TRUE
"1417","genesee",2013,2013-06-13,164,18.5,16.1,17.8,17.8,19.45,18.05,15.8,15.25,17.1785714285714,11,11,112,112,TRUE
"1418","genesee",2013,2013-06-14,165,17.5,17.2,16.1,17.8,17.8,19.45,18.05,15.8,17.4571428571429,11,11,112,112,TRUE
"1419","genesee",2013,2013-06-15,166,18.1,17.5,17.2,16.1,17.8,17.8,19.45,18.05,17.7,11,11,112,112,TRUE
"1420","genesee",2013,2013-06-16,167,18.2,20.55,17.5,17.2,16.1,17.8,17.8,19.45,18.0571428571429,11,11,112,112,TRUE
"1421","genesee",2013,2013-06-17,168,18.7,20.85,20.55,17.5,17.2,16.1,17.8,17.8,18.2571428571429,11,11,112,112,TRUE
"1422","genesee",2013,2013-06-18,169,19.4,16.95,20.85,20.55,17.5,17.2,16.1,17.8,18.1357142857143,11,11,112,112,TRUE
"1423","genesee",2013,2013-06-19,170,19.6,14.7,16.95,20.85,20.55,17.5,17.2,16.1,17.6928571428571,11,11,112,112,TRUE
"1424","genesee",2013,2013-06-20,171,19.8,16.1,14.7,16.95,20.85,20.55,17.5,17.2,17.6928571428571,11,11,112,112,TRUE
"1425","genesee",2013,2013-06-21,172,20.1,19.45,16.1,14.7,16.95,20.85,20.55,17.5,18.0142857142857,11,11,112,112,TRUE
"1426","genesee",2013,2013-06-22,173,20.8,22.8,19.45,16.1,14.7,16.95,20.85,20.55,18.7714285714286,11,11,112,112,TRUE
"1427","genesee",2013,2013-06-23,174,21.9,26.95,22.8,19.45,16.1,14.7,16.95,20.85,19.6857142857143,11,11,112,112,TRUE
"1428","genesee",2013,2013-06-24,175,23.1,25.85,26.95,22.8,19.45,16.1,14.7,16.95,20.4,11,11,112,112,TRUE
"1429","genesee",2013,2013-06-25,176,23.8,24.7,25.85,26.95,22.8,19.45,16.1,14.7,21.5071428571429,11,11,112,112,TRUE
"1430","genesee",2013,2013-06-26,177,24.4,25,24.7,25.85,26.95,22.8,19.45,16.1,22.9785714285714,11,11,112,112,TRUE
"1431","genesee",2013,2013-06-27,178,24.9,22.75,25,24.7,25.85,26.95,22.8,19.45,23.9285714285714,11,11,112,112,TRUE
"1432","genesee",2013,2013-06-28,179,23.9,18.35,22.75,25,24.7,25.85,26.95,22.8,23.7714285714286,11,11,112,112,TRUE
"1433","genesee",2013,2013-06-29,180,21.9,20.85,18.35,22.75,25,24.7,25.85,26.95,23.4928571428571,11,11,112,112,TRUE
"1434","genesee",2013,2013-06-30,181,21.1,20.3,20.85,18.35,22.75,25,24.7,25.85,22.5428571428571,11,11,112,112,TRUE
"1435","genesee",2013,2013-07-01,182,21.1,18.35,20.3,20.85,18.35,22.75,25,24.7,21.4714285714286,11,11,112,112,TRUE
"1436","genesee",2013,2013-07-02,183,20.8,21.15,18.35,20.3,20.85,18.35,22.75,25,20.9642857142857,11,11,112,112,TRUE
"1437","genesee",2013,2013-07-03,184,21.6,25,21.15,18.35,20.3,20.85,18.35,22.75,20.9642857142857,11,11,112,112,TRUE
"1438","genesee",2013,2013-07-04,185,22.2,25.55,25,21.15,18.35,20.3,20.85,18.35,21.3642857142857,11,11,112,112,TRUE
"1439","genesee",2013,2013-07-05,186,23.1,25.85,25.55,25,21.15,18.35,20.3,20.85,22.4357142857143,11,11,112,112,TRUE
"1440","genesee",2013,2013-07-06,187,23.9,25,25.85,25.55,25,21.15,18.35,20.3,23.0285714285714,11,11,112,112,TRUE
"1441","genesee",2013,2013-07-07,188,24.6,25,25,25.85,25.55,25,21.15,18.35,23.7,11,11,112,112,TRUE
"1442","genesee",2013,2013-07-08,189,24.9,25.25,25,25,25.85,25.55,25,21.15,24.6857142857143,11,11,112,112,TRUE
"1443","genesee",2013,2013-07-09,190,25.1,25,25.25,25,25,25.85,25.55,25,25.2357142857143,11,11,112,112,TRUE
"1444","genesee",2013,2013-07-10,191,25.3,25.85,25,25.25,25,25,25.85,25.55,25.3571428571429,11,11,112,112,TRUE
"1445","genesee",2013,2013-07-11,192,24.8,21.4,25.85,25,25.25,25,25,25.85,24.7642857142857,11,11,112,112,TRUE
"1446","genesee",2013,2013-07-12,193,24.4,20.25,21.4,25.85,25,25.25,25,25,23.9642857142857,11,11,112,112,TRUE
"1447","genesee",2013,2013-07-13,194,24,21.4,20.25,21.4,25.85,25,25.25,25,23.45,11,11,112,112,TRUE
"1448","genesee",2013,2013-07-14,195,24.5,26.1,21.4,20.25,21.4,25.85,25,25.25,23.6071428571429,11,11,112,112,TRUE
"1449","genesee",2013,2013-07-15,196,25,26.7,26.1,21.4,20.25,21.4,25.85,25,23.8142857142857,11,11,112,112,TRUE
"1450","genesee",2013,2013-07-16,197,25.7,26.4,26.7,26.1,21.4,20.25,21.4,25.85,24.0142857142857,11,11,112,112,TRUE
"1451","genesee",2013,2013-07-17,198,26.5,27.8,26.4,26.7,26.1,21.4,20.25,21.4,24.2928571428571,11,11,112,112,TRUE
"1452","genesee",2013,2013-07-18,199,27.1,28.3,27.8,26.4,26.7,26.1,21.4,20.25,25.2785714285714,11,11,112,112,TRUE
"1453","genesee",2013,2013-07-19,200,27.7,27.5,28.3,27.8,26.4,26.7,26.1,21.4,26.3142857142857,11,11,112,112,TRUE
"1454","genesee",2013,2013-07-20,201,27.4,23.35,27.5,28.3,27.8,26.4,26.7,26.1,26.5928571428571,11,11,112,112,TRUE
"1455","genesee",2013,2013-07-21,202,26.7,20.55,23.35,27.5,28.3,27.8,26.4,26.7,25.8,11,11,112,112,TRUE
"1456","genesee",2013,2013-07-22,203,25.9,21.95,20.55,23.35,27.5,28.3,27.8,26.4,25.1214285714286,11,11,112,112,TRUE
"1457","genesee",2017,2017-04-02,92,5.5,7,3.35,4.7,2.8,5.3,8.1,11.65,6.12857142857143,13,13,112,112,TRUE
"1458","genesee",2017,2017-04-03,93,6.4,10.55,7,3.35,4.7,2.8,5.3,8.1,5.97142857142857,13,13,112,112,TRUE
"1459","genesee",2017,2017-04-04,94,7.9,13.05,10.55,7,3.35,4.7,2.8,5.3,6.67857142857143,13,13,112,112,TRUE
"1460","genesee",2017,2017-04-05,95,8.4,7.8,13.05,10.55,7,3.35,4.7,2.8,7.03571428571429,13,13,112,112,TRUE
"1461","genesee",2017,2017-04-06,96,8.2,5.85,7.8,13.05,10.55,7,3.35,4.7,7.47142857142857,13,13,112,112,TRUE
"1462","genesee",2017,2017-04-07,97,6.9,1.7,5.85,7.8,13.05,10.55,7,3.35,7.04285714285714,13,13,112,112,TRUE
"1463","genesee",2017,2017-04-08,98,5.6,5.05,1.7,5.85,7.8,13.05,10.55,7,7.28571428571429,13,13,112,112,TRUE
"1464","genesee",2017,2017-04-09,99,6.5,12.5,5.05,1.7,5.85,7.8,13.05,10.55,8.07142857142857,13,13,112,112,TRUE
"1465","genesee",2017,2017-04-10,100,9.1,20,12.5,5.05,1.7,5.85,7.8,13.05,9.42142857142857,13,13,112,112,TRUE
"1466","genesee",2017,2017-04-11,101,10.6,16.4,20,12.5,5.05,1.7,5.85,7.8,9.9,13,13,112,112,TRUE
"1467","genesee",2017,2017-04-12,102,10.3,8.6,16.4,20,12.5,5.05,1.7,5.85,10.0142857142857,13,13,112,112,TRUE
"1468","genesee",2017,2017-04-13,103,9.2,6.95,8.6,16.4,20,12.5,5.05,1.7,10.1714285714286,13,13,112,112,TRUE
"1469","genesee",2017,2017-04-14,104,9,9.45,6.95,8.6,16.4,20,12.5,5.05,11.2785714285714,13,13,112,112,TRUE
"1470","genesee",2017,2017-04-15,105,9.2,12.5,9.45,6.95,8.6,16.4,20,12.5,12.3428571428571,13,13,112,112,TRUE
"1471","genesee",2017,2017-04-16,106,10.2,20.3,12.5,9.45,6.95,8.6,16.4,20,13.4571428571429,13,13,112,112,TRUE
"1472","genesee",2017,2017-04-17,107,11.6,9.45,20.3,12.5,9.45,6.95,8.6,16.4,11.95,13,13,112,112,TRUE
"1473","genesee",2017,2017-04-18,108,11.5,6.4,9.45,20.3,12.5,9.45,6.95,8.6,10.5214285714286,13,13,112,112,TRUE
"1474","genesee",2017,2017-04-19,109,11.2,11.4,6.4,9.45,20.3,12.5,9.45,6.95,10.9214285714286,13,13,112,112,TRUE
"1475","genesee",2017,2017-04-20,110,11.6,9.15,11.4,6.4,9.45,20.3,12.5,9.45,11.2357142857143,13,13,112,112,TRUE
"1476","genesee",2017,2017-04-21,111,11.3,11.65,9.15,11.4,6.4,9.45,20.3,12.5,11.55,13,13,112,112,TRUE
"1477","genesee",2017,2017-04-22,112,11.1,8.3,11.65,9.15,11.4,6.4,9.45,20.3,10.95,13,13,112,112,TRUE
"1478","genesee",2017,2017-04-23,113,11.1,11.1,8.3,11.65,9.15,11.4,6.4,9.45,9.63571428571429,13,13,112,112,TRUE
"1479","genesee",2017,2017-04-24,114,11.5,8.9,11.1,8.3,11.65,9.15,11.4,6.4,9.55714285714286,13,13,112,112,TRUE
"1480","genesee",2017,2017-04-25,115,12.1,11.95,8.9,11.1,8.3,11.65,9.15,11.4,10.35,13,13,112,112,TRUE
"1481","genesee",2017,2017-04-26,116,12.9,16.4,11.95,8.9,11.1,8.3,11.65,9.15,11.0642857142857,13,13,112,112,TRUE
"1482","genesee",2017,2017-04-27,117,14.2,21.95,16.4,11.95,8.9,11.1,8.3,11.65,12.8928571428571,13,13,112,112,TRUE
"1483","genesee",2017,2017-04-28,118,14.8,15.85,21.95,16.4,11.95,8.9,11.1,8.3,13.4928571428571,13,13,112,112,TRUE
"1484","genesee",2017,2017-04-29,119,14.8,12.5,15.85,21.95,16.4,11.95,8.9,11.1,14.0928571428571,13,13,112,112,TRUE
"1485","genesee",2017,2017-04-30,120,14.3,8.9,12.5,15.85,21.95,16.4,11.95,8.9,13.7785714285714,13,13,112,112,TRUE
"1486","genesee",2017,2017-05-01,121,14.6,13.6,8.9,12.5,15.85,21.95,16.4,11.95,14.45,13,13,112,112,TRUE
"1487","genesee",2017,2017-05-02,122,13.9,11.35,13.6,8.9,12.5,15.85,21.95,16.4,14.3642857142857,13,13,112,112,TRUE
"1488","genesee",2017,2017-05-03,123,13.3,9.75,11.35,13.6,8.9,12.5,15.85,21.95,13.4142857142857,13,13,112,112,TRUE
"1489","genesee",2017,2017-05-04,124,12.6,8.6,9.75,11.35,13.6,8.9,12.5,15.85,11.5071428571429,13,13,112,112,TRUE
"1490","genesee",2017,2017-05-05,125,11.7,11.9,8.6,9.75,11.35,13.6,8.9,12.5,10.9428571428571,13,13,112,112,TRUE
"1491","genesee",2017,2017-05-06,126,10.9,7.5,11.9,8.6,9.75,11.35,13.6,8.9,10.2285714285714,13,13,112,112,TRUE
"1492","genesee",2017,2017-05-07,127,10.1,6.1,7.5,11.9,8.6,9.75,11.35,13.6,9.82857142857143,13,13,112,112,TRUE
"1493","genesee",2017,2017-05-08,128,9.5,6.95,6.1,7.5,11.9,8.6,9.75,11.35,8.87857142857143,13,13,112,112,TRUE
"1494","genesee",2017,2017-05-09,129,9.8,6.7,6.95,6.1,7.5,11.9,8.6,9.75,8.21428571428571,13,13,112,112,TRUE
"1495","genesee",2017,2017-05-10,130,11,6.95,6.7,6.95,6.1,7.5,11.9,8.6,7.81428571428571,13,13,112,112,TRUE
"1496","genesee",2017,2017-05-11,131,11.3,10.3,6.95,6.7,6.95,6.1,7.5,11.9,8.05714285714286,13,13,112,112,TRUE
"1497","genesee",2017,2017-05-12,132,11.5,11.4,10.3,6.95,6.7,6.95,6.1,7.5,7.98571428571429,13,13,112,112,TRUE
"1498","genesee",2017,2017-05-13,133,12,12.5,11.4,10.3,6.95,6.7,6.95,6.1,8.7,13,13,112,112,TRUE
"1499","genesee",2017,2017-05-14,134,12.5,11.95,12.5,11.4,10.3,6.95,6.7,6.95,9.53571428571429,13,13,112,112,TRUE
"1500","genesee",2017,2017-05-15,135,13.2,13.9,11.95,12.5,11.4,10.3,6.95,6.7,10.5285714285714,13,13,112,112,TRUE
"1501","genesee",2017,2017-05-16,136,13.5,14.2,13.9,11.95,12.5,11.4,10.3,6.95,11.6,13,13,112,112,TRUE
"1502","genesee",2017,2017-05-17,137,14.7,21.1,14.2,13.9,11.95,12.5,11.4,10.3,13.6214285714286,13,13,112,112,TRUE
"1503","genesee",2017,2017-05-18,138,16.5,24.2,21.1,14.2,13.9,11.95,12.5,11.4,15.6071428571429,13,13,112,112,TRUE
"1504","genesee",2017,2017-05-19,139,17.3,16.15,24.2,21.1,14.2,13.9,11.95,12.5,16.2857142857143,13,13,112,112,TRUE
"1505","genesee",2017,2017-05-20,140,17.6,12.2,16.15,24.2,21.1,14.2,13.9,11.95,16.2428571428571,13,13,112,112,TRUE
"1506","genesee",2017,2017-05-21,141,17.7,17.5,12.2,16.15,24.2,21.1,14.2,13.9,17.0357142857143,13,13,112,112,TRUE
"1507","genesee",2017,2017-05-22,142,17.5,15,17.5,12.2,16.15,24.2,21.1,14.2,17.1928571428571,13,13,112,112,TRUE
"1508","genesee",2017,2017-05-23,143,17.3,16.65,15,17.5,12.2,16.15,24.2,21.1,17.5428571428571,13,13,112,112,TRUE
"1509","genesee",2017,2017-05-24,144,17.8,19.2,16.65,15,17.5,12.2,16.15,24.2,17.2714285714286,13,13,112,112,TRUE
"1510","genesee",2017,2017-05-25,145,17.7,16.4,19.2,16.65,15,17.5,12.2,16.15,16.1571428571429,13,13,112,112,TRUE
"1511","genesee",2017,2017-05-26,146,16.7,15.85,16.4,19.2,16.65,15,17.5,12.2,16.1142857142857,13,13,112,112,TRUE
"1512","genesee",2017,2017-05-27,147,15.9,15.55,15.85,16.4,19.2,16.65,15,17.5,16.5928571428571,13,13,112,112,TRUE
"1513","genesee",2017,2017-05-28,148,15.9,17.75,15.55,15.85,16.4,19.2,16.65,15,16.6285714285714,13,13,112,112,TRUE
"1514","genesee",2017,2017-05-29,149,17.3,20.55,17.75,15.55,15.85,16.4,19.2,16.65,17.4214285714286,13,13,112,112,TRUE
"1515","genesee",2017,2017-05-30,150,18.4,20.3,20.55,17.75,15.55,15.85,16.4,19.2,17.9428571428571,13,13,112,112,TRUE
"1516","genesee",2017,2017-05-31,151,18.8,19.15,20.3,20.55,17.75,15.55,15.85,16.4,17.9357142857143,13,13,112,112,TRUE
"1517","genesee",2017,2017-06-01,152,19.3,15.3,19.15,20.3,20.55,17.75,15.55,15.85,17.7785714285714,13,13,112,112,TRUE
"1518","genesee",2017,2017-06-02,153,19.1,14.15,15.3,19.15,20.3,20.55,17.75,15.55,17.5357142857143,13,13,112,112,TRUE
"1519","genesee",2017,2017-06-03,154,19,15,14.15,15.3,19.15,20.3,20.55,17.75,17.4571428571429,13,13,112,112,TRUE
"1520","genesee",2017,2017-06-04,155,18.6,14.7,15,14.15,15.3,19.15,20.3,20.55,17.0214285714286,13,13,112,112,TRUE
"1521","genesee",2017,2017-06-05,156,18.2,16.1,14.7,15,14.15,15.3,19.15,20.3,16.3857142857143,13,13,112,112,TRUE
"1522","genesee",2017,2017-06-06,157,17.7,15,16.1,14.7,15,14.15,15.3,19.15,15.6285714285714,13,13,112,112,TRUE
"1523","genesee",2017,2017-06-07,158,17.8,15.6,15,16.1,14.7,15,14.15,15.3,15.1214285714286,13,13,112,112,TRUE
"1524","genesee",2017,2017-06-08,159,18.4,16.9,15.6,15,16.1,14.7,15,14.15,15.35,13,13,112,112,TRUE
"1525","genesee",2017,2017-06-09,160,19.2,18.6,16.9,15.6,15,16.1,14.7,15,15.9857142857143,13,13,112,112,TRUE
"1526","genesee",2017,2017-06-10,161,20.1,22.75,18.6,16.9,15.6,15,16.1,14.7,17.0928571428571,13,13,112,112,TRUE
"1527","genesee",2017,2017-06-11,162,21.1,25,22.75,18.6,16.9,15.6,15,16.1,18.5642857142857,13,13,112,112,TRUE
"1528","genesee",2017,2017-06-12,163,22.3,25.8,25,22.75,18.6,16.9,15.6,15,19.95,13,13,112,112,TRUE
"1529","genesee",2017,2017-06-13,164,23.3,22.2,25.8,25,22.75,18.6,16.9,15.6,20.9785714285714,13,13,112,112,TRUE
"1530","genesee",2017,2017-06-14,165,23.5,18.05,22.2,25.8,25,22.75,18.6,16.9,21.3285714285714,13,13,112,112,TRUE
"1531","genesee",2017,2017-06-15,166,23,19.75,18.05,22.2,25.8,25,22.75,18.6,21.7357142857143,13,13,112,112,TRUE
"1532","genesee",2017,2017-06-16,167,22.2,25,19.75,18.05,22.2,25.8,25,22.75,22.65,13,13,112,112,TRUE
"1533","genesee",2017,2017-06-17,168,22.2,25.85,25,19.75,18.05,22.2,25.8,25,23.0928571428571,13,13,112,112,TRUE
"1534","genesee",2017,2017-06-18,169,22.8,26.95,25.85,25,19.75,18.05,22.2,25.8,23.3714285714286,13,13,112,112,TRUE
"1535","genesee",2017,2017-06-19,170,23.3,22.8,26.95,25.85,25,19.75,18.05,22.2,22.9428571428571,13,13,112,112,TRUE
"1536","genesee",2017,2017-06-20,171,23,20,22.8,26.95,25.85,25,19.75,18.05,22.6285714285714,13,13,112,112,TRUE
"1537","genesee",2017,2017-06-21,172,22.2,18.3,20,22.8,26.95,25.85,25,19.75,22.6642857142857,13,13,112,112,TRUE
"1538","genesee",2017,2017-06-22,173,21.6,20.3,18.3,20,22.8,26.95,25.85,25,22.7428571428571,13,13,112,112,TRUE
"1539","genesee",2017,2017-06-23,174,21.7,24.45,20.3,18.3,20,22.8,26.95,25.85,22.6642857142857,13,13,112,112,TRUE
"1540","genesee",2017,2017-06-24,175,22.1,20,24.45,20.3,18.3,20,22.8,26.95,21.8285714285714,13,13,112,112,TRUE
"1541","genesee",2017,2017-06-25,176,21.8,18.85,20,24.45,20.3,18.3,20,22.8,20.6714285714286,13,13,112,112,TRUE
"1542","genesee",2017,2017-06-26,177,21.7,17.75,18.85,20,24.45,20.3,18.3,20,19.95,13,13,112,112,TRUE
"1543","genesee",2017,2017-06-27,178,21.2,16.4,17.75,18.85,20,24.45,20.3,18.3,19.4357142857143,13,13,112,112,TRUE
"1544","genesee",2017,2017-06-28,179,20.5,18.05,16.4,17.75,18.85,20,24.45,20.3,19.4,13,13,112,112,TRUE
"1545","genesee",2017,2017-06-29,180,20.2,21.4,18.05,16.4,17.75,18.85,20,24.45,19.5571428571429,13,13,112,112,TRUE
"1546","genesee",2017,2017-06-30,181,20.4,23.9,21.4,18.05,16.4,17.75,18.85,20,19.4785714285714,13,13,112,112,TRUE
"1547","genesee",2017,2017-07-01,182,20.9,21.7,23.9,21.4,18.05,16.4,17.75,18.85,19.7214285714286,13,13,112,112,TRUE
"1548","genesee",2017,2017-07-02,183,21.1,21.7,21.7,23.9,21.4,18.05,16.4,17.75,20.1285714285714,13,13,112,112,TRUE
"1549","genesee",2017,2017-07-03,184,22,20,21.7,21.7,23.9,21.4,18.05,16.4,20.45,13,13,112,112,TRUE
"1550","genesee",2017,2017-07-04,185,22.3,20,20,21.7,21.7,23.9,21.4,18.05,20.9642857142857,13,13,112,112,TRUE
"1551","genesee",2017,2017-07-05,186,22.9,20.8,20,20,21.7,21.7,23.9,21.4,21.3571428571429,13,13,112,112,TRUE
"1552","genesee",2017,2017-07-06,187,23.3,25.3,20.8,20,20,21.7,21.7,23.9,21.9142857142857,13,13,112,112,TRUE
"1553","genesee",2017,2017-07-07,188,24.1,24.45,25.3,20.8,20,20,21.7,21.7,21.9928571428571,13,13,112,112,TRUE
"1554","genesee",2017,2017-07-08,189,24.2,18.6,24.45,25.3,20.8,20,20,21.7,21.55,13,13,112,112,TRUE
"1555","genesee",2017,2017-07-09,190,23.5,19.45,18.6,24.45,25.3,20.8,20,20,21.2285714285714,13,13,112,112,TRUE
"1556","genesee",2017,2017-07-10,191,23.3,22.2,19.45,18.6,24.45,25.3,20.8,20,21.5428571428571,13,13,112,112,TRUE
"1557","genesee",2017,2017-07-11,192,23.3,23.6,22.2,19.45,18.6,24.45,25.3,20.8,22.0571428571429,13,13,112,112,TRUE
"1558","genesee",2017,2017-07-12,193,23.5,23.05,23.6,22.2,19.45,18.6,24.45,25.3,22.3785714285714,13,13,112,112,TRUE
"1559","genesee",2017,2017-07-13,194,23,20.25,23.05,23.6,22.2,19.45,18.6,24.45,21.6571428571429,13,13,112,112,TRUE
"1560","genesee",2017,2017-07-14,195,21.7,23.6,20.25,23.05,23.6,22.2,19.45,18.6,21.5357142857143,13,13,112,112,TRUE
"1561","genesee",2017,2017-07-15,196,21.7,21.4,23.6,20.25,23.05,23.6,22.2,19.45,21.9357142857143,13,13,112,112,TRUE
"1562","genesee",2017,2017-07-16,197,21.9,22.2,21.4,23.6,20.25,23.05,23.6,22.2,22.3285714285714,13,13,112,112,TRUE
"1563","genesee",2017,2017-07-17,198,22.4,23.6,22.2,21.4,23.6,20.25,23.05,23.6,22.5285714285714,13,13,112,112,TRUE
"1564","genesee",2017,2017-07-18,199,22.8,21.7,23.6,22.2,21.4,23.6,20.25,23.05,22.2571428571429,13,13,112,112,TRUE
"1565","genesee",2017,2017-07-19,200,23.2,23.35,21.7,23.6,22.2,21.4,23.6,20.25,22.3,13,13,112,112,TRUE
"1566","genesee",2017,2017-07-20,201,23.1,22.5,23.35,21.7,23.6,22.2,21.4,23.6,22.6214285714286,13,13,112,112,TRUE
"1567","genesee",2017,2017-07-21,202,23,23.9,22.5,23.35,21.7,23.6,22.2,21.4,22.6642857142857,13,13,112,112,TRUE
"1568","genesee",2017,2017-07-22,203,22.9,22.5,23.9,22.5,23.35,21.7,23.6,22.2,22.8214285714286,13,13,112,112,TRUE
"1569","genesee",2019,2019-04-02,92,6.1,4.8,-0.2,0.0499999999999998,11.35,8.9,9.15,3.1,5.30714285714286,12,12,112,112,TRUE
"1570","genesee",2019,2019-04-03,93,5.3,4.2,4.8,-0.2,0.0499999999999998,11.35,8.9,9.15,5.46428571428571,12,12,112,112,TRUE
"1571","genesee",2019,2019-04-04,94,5.7,2.25,4.2,4.8,-0.2,0.0499999999999998,11.35,8.9,4.47857142857143,12,12,112,112,TRUE
"1572","genesee",2019,2019-04-05,95,5.7,3.35,2.25,4.2,4.8,-0.2,0.0499999999999998,11.35,3.68571428571429,12,12,112,112,TRUE
"1573","genesee",2019,2019-04-06,96,6.3,10.3,3.35,2.25,4.2,4.8,-0.2,0.0499999999999998,3.53571428571429,12,12,112,112,TRUE
"1574","genesee",2019,2019-04-07,97,7.3,11.95,10.3,3.35,2.25,4.2,4.8,-0.2,5.23571428571429,12,12,112,112,TRUE
"1575","genesee",2019,2019-04-08,98,8.6,12.5,11.95,10.3,3.35,2.25,4.2,4.8,7.05,12,12,112,112,TRUE
"1576","genesee",2019,2019-04-09,99,10.3,11.1,12.5,11.95,10.3,3.35,2.25,4.2,7.95,12,12,112,112,TRUE
"1577","genesee",2019,2019-04-10,100,10.8,4.15,11.1,12.5,11.95,10.3,3.35,2.25,7.94285714285714,12,12,112,112,TRUE
"1578","genesee",2019,2019-04-11,101,10.2,3.1,4.15,11.1,12.5,11.95,10.3,3.35,8.06428571428571,12,12,112,112,TRUE
"1579","genesee",2019,2019-04-12,102,9.5,13.9,3.1,4.15,11.1,12.5,11.95,10.3,9.57142857142857,12,12,112,112,TRUE
"1580","genesee",2019,2019-04-13,103,9.6,12.5,13.9,3.1,4.15,11.1,12.5,11.95,9.88571428571429,12,12,112,112,TRUE
"1581","genesee",2019,2019-04-14,104,9.7,5.55,12.5,13.9,3.1,4.15,11.1,12.5,8.97142857142857,12,12,112,112,TRUE
"1582","genesee",2019,2019-04-15,105,9.6,5.25,5.55,12.5,13.9,3.1,4.15,11.1,7.93571428571429,12,12,112,112,TRUE
"1583","genesee",2019,2019-04-16,106,8.3,6.15,5.25,5.55,12.5,13.9,3.1,4.15,7.22857142857143,12,12,112,112,TRUE
"1584","genesee",2019,2019-04-17,107,8.3,7.8,6.15,5.25,5.55,12.5,13.9,3.1,7.75,12,12,112,112,TRUE
"1585","genesee",2019,2019-04-18,108,9.1,18.05,7.8,6.15,5.25,5.55,12.5,13.9,9.88571428571429,12,12,112,112,TRUE
"1586","genesee",2019,2019-04-19,109,9.4,12.25,18.05,7.8,6.15,5.25,5.55,12.5,9.65,12,12,112,112,TRUE
"1587","genesee",2019,2019-04-20,110,9.7,6.4,12.25,18.05,7.8,6.15,5.25,5.55,8.77857142857143,12,12,112,112,TRUE
"1588","genesee",2019,2019-04-21,111,10.2,10.25,6.4,12.25,18.05,7.8,6.15,5.25,9.45,12,12,112,112,TRUE
"1589","genesee",2019,2019-04-22,112,10.8,12.5,10.25,6.4,12.25,18.05,7.8,6.15,10.4857142857143,12,12,112,112,TRUE
"1590","genesee",2019,2019-04-23,113,11.4,15.3,12.5,10.25,6.4,12.25,18.05,7.8,11.7928571428571,12,12,112,112,TRUE
"1591","genesee",2019,2019-04-24,114,11.6,8.6,15.3,12.5,10.25,6.4,12.25,18.05,11.9071428571429,12,12,112,112,TRUE
"1592","genesee",2019,2019-04-25,115,12.1,9.7,8.6,15.3,12.5,10.25,6.4,12.25,10.7142857142857,12,12,112,112,TRUE
"1593","genesee",2019,2019-04-26,116,12.6,13.35,9.7,8.6,15.3,12.5,10.25,6.4,10.8714285714286,12,12,112,112,TRUE
"1594","genesee",2019,2019-04-27,117,11.7,4.45,13.35,9.7,8.6,15.3,12.5,10.25,10.5928571428571,12,12,112,112,TRUE
"1595","genesee",2019,2019-04-28,118,10.5,6.1,4.45,13.35,9.7,8.6,15.3,12.5,10,12,12,112,112,TRUE
"1596","genesee",2019,2019-04-29,119,9.1,4.5,6.1,4.45,13.35,9.7,8.6,15.3,8.85714285714286,12,12,112,112,TRUE
"1597","genesee",2019,2019-04-30,120,8.8,8.35,4.5,6.1,4.45,13.35,9.7,8.6,7.86428571428571,12,12,112,112,TRUE
"1598","genesee",2019,2019-05-01,121,9.2,14.75,8.35,4.5,6.1,4.45,13.35,9.7,8.74285714285714,12,12,112,112,TRUE
"1599","genesee",2019,2019-05-02,122,10.7,11.1,14.75,8.35,4.5,6.1,4.45,13.35,8.94285714285714,12,12,112,112,TRUE
"1600","genesee",2019,2019-05-03,123,12.4,10,11.1,14.75,8.35,4.5,6.1,4.45,8.46428571428571,12,12,112,112,TRUE
"1601","genesee",2019,2019-05-04,124,13.3,9.75,10,11.1,14.75,8.35,4.5,6.1,9.22142857142857,12,12,112,112,TRUE
"1602","genesee",2019,2019-05-05,125,13.7,11.95,9.75,10,11.1,14.75,8.35,4.5,10.0571428571429,12,12,112,112,TRUE
"1603","genesee",2019,2019-05-06,126,13.8,15,11.95,9.75,10,11.1,14.75,8.35,11.5571428571429,12,12,112,112,TRUE
"1604","genesee",2019,2019-05-07,127,14.2,11.7,15,11.95,9.75,10,11.1,14.75,12.0357142857143,12,12,112,112,TRUE
"1605","genesee",2019,2019-05-08,128,14.1,8.9,11.7,15,11.95,9.75,10,11.1,11.2,12,12,112,112,TRUE
"1606","genesee",2019,2019-05-09,129,14.2,15.85,8.9,11.7,15,11.95,9.75,10,11.8785714285714,12,12,112,112,TRUE
"1607","genesee",2019,2019-05-10,130,14.6,14.45,15.85,8.9,11.7,15,11.95,9.75,12.5142857142857,12,12,112,112,TRUE
"1608","genesee",2019,2019-05-11,131,15,9.45,14.45,15.85,8.9,11.7,15,11.95,12.4714285714286,12,12,112,112,TRUE
"1609","genesee",2019,2019-05-12,132,14.1,7.75,9.45,14.45,15.85,8.9,11.7,15,11.8714285714286,12,12,112,112,TRUE
"1610","genesee",2019,2019-05-13,133,12.5,7.5,7.75,9.45,14.45,15.85,8.9,11.7,10.8,12,12,112,112,TRUE
"1611","genesee",2019,2019-05-14,134,11.4,7.5,7.5,7.75,9.45,14.45,15.85,8.9,10.2,12,12,112,112,TRUE
"1612","genesee",2019,2019-05-15,135,11.2,12.25,7.5,7.5,7.75,9.45,14.45,15.85,10.6785714285714,12,12,112,112,TRUE
"1613","genesee",2019,2019-05-16,136,11.9,11.65,12.25,7.5,7.5,7.75,9.45,14.45,10.0785714285714,12,12,112,112,TRUE
"1614","genesee",2019,2019-05-17,137,13,15.55,11.65,12.25,7.5,7.5,7.75,9.45,10.2357142857143,12,12,112,112,TRUE
"1615","genesee",2019,2019-05-18,138,13.4,11.95,15.55,11.65,12.25,7.5,7.5,7.75,10.5928571428571,12,12,112,112,TRUE
"1616","genesee",2019,2019-05-19,139,14.5,20,11.95,15.55,11.65,12.25,7.5,7.5,12.3428571428571,12,12,112,112,TRUE
"1617","genesee",2019,2019-05-20,140,16.1,15.3,20,11.95,15.55,11.65,12.25,7.5,13.4571428571429,12,12,112,112,TRUE
"1618","genesee",2019,2019-05-21,141,16.5,12.75,15.3,20,11.95,15.55,11.65,12.25,14.2071428571429,12,12,112,112,TRUE
"1619","genesee",2019,2019-05-22,142,16.9,13.05,12.75,15.3,20,11.95,15.55,11.65,14.3214285714286,12,12,112,112,TRUE
"1620","genesee",2019,2019-05-23,143,17,18.9,13.05,12.75,15.3,20,11.95,15.55,15.3571428571429,12,12,112,112,TRUE
"1621","genesee",2019,2019-05-24,144,16.8,16.7,18.9,13.05,12.75,15.3,20,11.95,15.5214285714286,12,12,112,112,TRUE
"1622","genesee",2019,2019-05-25,145,16.7,20.25,16.7,18.9,13.05,12.75,15.3,20,16.7071428571429,12,12,112,112,TRUE
"1623","genesee",2019,2019-05-26,146,17.7,19.45,20.25,16.7,18.9,13.05,12.75,15.3,16.6285714285714,12,12,112,112,TRUE
"1624","genesee",2019,2019-05-27,147,19,17.5,19.45,20.25,16.7,18.9,13.05,12.75,16.9428571428571,12,12,112,112,TRUE
"1625","genesee",2019,2019-05-28,148,19.2,12.8,17.5,19.45,20.25,16.7,18.9,13.05,16.95,12,12,112,112,TRUE
"1626","genesee",2019,2019-05-29,149,18.2,13.6,12.8,17.5,19.45,20.25,16.7,18.9,17.0285714285714,12,12,112,112,TRUE
"1627","genesee",2019,2019-05-30,150,17.6,16.65,13.6,12.8,17.5,19.45,20.25,16.7,16.7071428571429,12,12,112,112,TRUE
"1628","genesee",2019,2019-05-31,151,17.9,17.2,16.65,13.6,12.8,17.5,19.45,20.25,16.7785714285714,12,12,112,112,TRUE
"1629","genesee",2019,2019-06-01,152,18.3,20,17.2,16.65,13.6,12.8,17.5,19.45,16.7428571428571,12,12,112,112,TRUE
"1630","genesee",2019,2019-06-02,153,18.5,15.55,20,17.2,16.65,13.6,12.8,17.5,16.1857142857143,12,12,112,112,TRUE
"1631","genesee",2019,2019-06-03,154,18.2,11.65,15.55,20,17.2,16.65,13.6,12.8,15.35,12,12,112,112,TRUE
"1632","genesee",2019,2019-06-04,155,17.6,12.5,11.65,15.55,20,17.2,16.65,13.6,15.3071428571429,12,12,112,112,TRUE
"1633","genesee",2019,2019-06-05,156,17,20.25,12.5,11.65,15.55,20,17.2,16.65,16.2571428571429,12,12,112,112,TRUE
"1634","genesee",2019,2019-06-06,157,17.2,17.75,20.25,12.5,11.65,15.55,20,17.2,16.4142857142857,12,12,112,112,TRUE
"1635","genesee",2019,2019-06-07,158,18,18.35,17.75,20.25,12.5,11.65,15.55,20,16.5785714285714,12,12,112,112,TRUE
"1636","genesee",2019,2019-06-08,159,18.7,18.35,18.35,17.75,20.25,12.5,11.65,15.55,16.3428571428571,12,12,112,112,TRUE
"1637","genesee",2019,2019-06-09,160,19,20.25,18.35,18.35,17.75,20.25,12.5,11.65,17.0142857142857,12,12,112,112,TRUE
"1638","genesee",2019,2019-06-10,161,20.3,19.15,20.25,18.35,18.35,17.75,20.25,12.5,18.0857142857143,12,12,112,112,TRUE
"1639","genesee",2019,2019-06-11,162,20.6,17.25,19.15,20.25,18.35,18.35,17.75,20.25,18.7642857142857,12,12,112,112,TRUE
"1640","genesee",2019,2019-06-12,163,20.6,17.25,17.25,19.15,20.25,18.35,18.35,17.75,18.3357142857143,12,12,112,112,TRUE
"1641","genesee",2019,2019-06-13,164,20.3,16.65,17.25,17.25,19.15,20.25,18.35,18.35,18.1785714285714,12,12,112,112,TRUE
"1642","genesee",2019,2019-06-14,165,19.8,17.2,16.65,17.25,17.25,19.15,20.25,18.35,18.0142857142857,12,12,112,112,TRUE
"1643","genesee",2019,2019-06-15,166,19.4,20,17.2,16.65,17.25,17.25,19.15,20.25,18.25,12,12,112,112,TRUE
"1644","genesee",2019,2019-06-16,167,19,13.9,20,17.2,16.65,17.25,17.25,19.15,17.3428571428571,12,12,112,112,TRUE
"1645","genesee",2019,2019-06-17,168,18.6,16.35,13.9,20,17.2,16.65,17.25,17.25,16.9428571428571,12,12,112,112,TRUE
"1646","genesee",2019,2019-06-18,169,19,20.6,16.35,13.9,20,17.2,16.65,17.25,17.4214285714286,12,12,112,112,TRUE
"1647","genesee",2019,2019-06-19,170,19.5,20.55,20.6,16.35,13.9,20,17.2,16.65,17.8928571428571,12,12,112,112,TRUE
"1648","genesee",2019,2019-06-20,171,20,18.05,20.55,20.6,16.35,13.9,20,17.2,18.0928571428571,12,12,112,112,TRUE
"1649","genesee",2019,2019-06-21,172,19.5,20,18.05,20.55,20.6,16.35,13.9,20,18.4928571428571,12,12,112,112,TRUE
"1650","genesee",2019,2019-06-22,173,19,18.35,20,18.05,20.55,20.6,16.35,13.9,18.2571428571429,12,12,112,112,TRUE
"1651","genesee",2019,2019-06-23,174,19.3,19.45,18.35,20,18.05,20.55,20.6,16.35,19.05,12,12,112,112,TRUE
"1652","genesee",2019,2019-06-24,175,19.6,20.85,19.45,18.35,20,18.05,20.55,20.6,19.6928571428571,12,12,112,112,TRUE
"1653","genesee",2019,2019-06-25,176,20.1,22.25,20.85,19.45,18.35,20,18.05,20.55,19.9285714285714,12,12,112,112,TRUE
"1654","genesee",2019,2019-06-26,177,20.5,23.6,22.25,20.85,19.45,18.35,20,18.05,20.3642857142857,12,12,112,112,TRUE
"1655","genesee",2019,2019-06-27,178,20.9,22.8,23.6,22.25,20.85,19.45,18.35,20,21.0428571428571,12,12,112,112,TRUE
"1656","genesee",2019,2019-06-28,179,21.7,24.2,22.8,23.6,22.25,20.85,19.45,18.35,21.6428571428571,12,12,112,112,TRUE
"1657","genesee",2019,2019-06-29,180,22.4,24.45,24.2,22.8,23.6,22.25,20.85,19.45,22.5142857142857,12,12,112,112,TRUE
"1658","genesee",2019,2019-06-30,181,22.8,19.15,24.45,24.2,22.8,23.6,22.25,20.85,22.4714285714286,12,12,112,112,TRUE
"1659","genesee",2019,2019-07-01,182,23.2,20,19.15,24.45,24.2,22.8,23.6,22.25,22.35,12,12,112,112,TRUE
"1660","genesee",2019,2019-07-02,183,23.5,22.8,20,19.15,24.45,24.2,22.8,23.6,22.4285714285714,12,12,112,112,TRUE
"1661","genesee",2019,2019-07-03,184,23.6,24.15,22.8,20,19.15,24.45,24.2,22.8,22.5071428571429,12,12,112,112,TRUE
"1662","genesee",2019,2019-07-04,185,23.7,25.25,24.15,22.8,20,19.15,24.45,24.2,22.8571428571429,12,12,112,112,TRUE
"1663","genesee",2019,2019-07-05,186,24.7,26.95,25.25,24.15,22.8,20,19.15,24.45,23.25,12,12,112,112,TRUE
"1664","genesee",2019,2019-07-06,187,25.2,25.8,26.95,25.25,24.15,22.8,20,19.15,23.4428571428571,12,12,112,112,TRUE
"1665","genesee",2019,2019-07-07,188,25,19.4,25.8,26.95,25.25,24.15,22.8,20,23.4785714285714,12,12,112,112,TRUE
"1666","genesee",2019,2019-07-08,189,24,18.65,19.4,25.8,26.95,25.25,24.15,22.8,23.2857142857143,12,12,112,112,TRUE
"1667","genesee",2019,2019-07-09,190,23,20.55,18.65,19.4,25.8,26.95,25.25,24.15,22.9642857142857,12,12,112,112,TRUE
"1668","genesee",2019,2019-07-10,191,23.5,24.75,20.55,18.65,19.4,25.8,26.95,25.25,23.05,12,12,112,112,TRUE
"1669","genesee",2019,2019-07-11,192,24.3,25.3,24.75,20.55,18.65,19.4,25.8,26.95,23.0571428571429,12,12,112,112,TRUE
"1670","genesee",2019,2019-07-12,193,24.2,20.55,25.3,24.75,20.55,18.65,19.4,25.8,22.1428571428571,12,12,112,112,TRUE
"1671","genesee",2019,2019-07-13,194,24.1,22.8,20.55,25.3,24.75,20.55,18.65,19.4,21.7142857142857,12,12,112,112,TRUE
"1672","genesee",2019,2019-07-14,195,24.7,21.95,22.8,20.55,25.3,24.75,20.55,18.65,22.0785714285714,12,12,112,112,TRUE
"1673","genesee",2019,2019-07-15,196,24.7,21.4,21.95,22.8,20.55,25.3,24.75,20.55,22.4714285714286,12,12,112,112,TRUE
"1674","genesee",2019,2019-07-16,197,25.1,26.35,21.4,21.95,22.8,20.55,25.3,24.75,23.3,12,12,112,112,TRUE
"1675","genesee",2019,2019-07-17,198,25.2,25,26.35,21.4,21.95,22.8,20.55,25.3,23.3357142857143,12,12,112,112,TRUE
"1676","genesee",2019,2019-07-18,199,25.3,25.25,25,26.35,21.4,21.95,22.8,20.55,23.3285714285714,12,12,112,112,TRUE
"1677","genesee",2019,2019-07-19,200,25.6,27.25,25.25,25,26.35,21.4,21.95,22.8,24.2857142857143,12,12,112,112,TRUE
"1678","genesee",2019,2019-07-20,201,25.9,28.6,27.25,25.25,25,26.35,21.4,21.95,25.1142857142857,12,12,112,112,TRUE
"1679","genesee",2019,2019-07-21,202,26.1,24.15,28.6,27.25,25.25,25,26.35,21.4,25.4285714285714,12,12,112,112,TRUE
"1680","genesee",2019,2019-07-22,203,25.9,20.55,24.15,28.6,27.25,25.25,25,26.35,25.3071428571429,12,12,112,112,TRUE
"1681","humber",2000,2000-04-01,92,6.65,9.6,6.3,4.6,3.9,4.8,5.6,7.3,6.01428571428571,16,16,112,112,TRUE
"1682","humber",2000,2000-04-02,93,7.97,10.4,9.6,6.3,4.6,3.9,4.8,5.6,6.45714285714286,16,16,112,112,TRUE
"1683","humber",2000,2000-04-03,94,8.54,7.4,10.4,9.6,6.3,4.6,3.9,4.8,6.71428571428571,16,16,112,112,TRUE
"1684","humber",2000,2000-04-04,95,8.48,4.5,7.4,10.4,9.6,6.3,4.6,3.9,6.67142857142857,16,16,112,112,TRUE
"1685","humber",2000,2000-04-05,96,8.34,1.6,4.5,7.4,10.4,9.6,6.3,4.6,6.34285714285714,16,16,112,112,TRUE
"1686","humber",2000,2000-04-06,97,5.62,7.2,1.6,4.5,7.4,10.4,9.6,6.3,6.71428571428571,16,16,112,112,TRUE
"1687","humber",2000,2000-04-07,98,6.09,3.8,7.2,1.6,4.5,7.4,10.4,9.6,6.35714285714286,16,16,112,112,TRUE
"1688","humber",2000,2000-04-08,99,7.07,0.5,3.8,7.2,1.6,4.5,7.4,10.4,5.05714285714286,16,16,112,112,TRUE
"1689","humber",2000,2000-04-09,100,5.23,0.9,0.5,3.8,7.2,1.6,4.5,7.4,3.7,16,16,112,112,TRUE
"1690","humber",2000,2000-04-10,101,4.28,0.1,0.9,0.5,3.8,7.2,1.6,4.5,2.65714285714286,16,16,112,112,TRUE
"1691","humber",2000,2000-04-11,102,4.04,-0.5,0.1,0.9,0.5,3.8,7.2,1.6,1.94285714285714,16,16,112,112,TRUE
"1692","humber",2000,2000-04-12,103,2.86,1.2,-0.5,0.1,0.9,0.5,3.8,7.2,1.88571428571429,16,16,112,112,TRUE
"1693","humber",2000,2000-04-13,104,4.1,2.9,1.2,-0.5,0.1,0.9,0.5,3.8,1.27142857142857,16,16,112,112,TRUE
"1694","humber",2000,2000-04-14,105,5.96,10.9,2.9,1.2,-0.5,0.1,0.9,0.5,2.28571428571429,16,16,112,112,TRUE
"1695","humber",2000,2000-04-15,106,8.04,15.9,10.9,2.9,1.2,-0.5,0.1,0.9,4.48571428571429,16,16,112,112,TRUE
"1696","humber",2000,2000-04-16,107,11.45,7.7,15.9,10.9,2.9,1.2,-0.5,0.1,5.45714285714286,16,16,112,112,TRUE
"1697","humber",2000,2000-04-17,108,11,4.4,7.7,15.9,10.9,2.9,1.2,-0.5,6.07142857142857,16,16,112,112,TRUE
"1698","humber",2000,2000-04-18,109,7.83,4.9,4.4,7.7,15.9,10.9,2.9,1.2,6.84285714285714,16,16,112,112,TRUE
"1699","humber",2000,2000-04-19,110,6.84,9,4.9,4.4,7.7,15.9,10.9,2.9,7.95714285714286,16,16,112,112,TRUE
"1700","humber",2000,2000-04-20,111,8.55,8.5,9,4.9,4.4,7.7,15.9,10.9,8.75714285714286,16,16,112,112,TRUE
"1701","humber",2000,2000-04-21,112,9.12,7.9,8.5,9,4.9,4.4,7.7,15.9,8.32857142857143,16,16,112,112,TRUE
"1702","humber",2000,2000-04-22,113,8.38,7.3,7.9,8.5,9,4.9,4.4,7.7,7.1,16,16,112,112,TRUE
"1703","humber",2000,2000-04-23,114,7.94,10.7,7.3,7.9,8.5,9,4.9,4.4,7.52857142857143,16,16,112,112,TRUE
"1704","humber",2000,2000-04-24,115,7.61,11.3,10.7,7.3,7.9,8.5,9,4.9,8.51428571428571,16,16,112,112,TRUE
"1705","humber",2000,2000-04-25,116,9.64,7.5,11.3,10.7,7.3,7.9,8.5,9,8.88571428571429,16,16,112,112,TRUE
"1706","humber",2000,2000-04-26,117,11.3,6.5,7.5,11.3,10.7,7.3,7.9,8.5,8.52857142857143,16,16,112,112,TRUE
"1707","humber",2000,2000-04-27,118,11.46,7.2,6.5,7.5,11.3,10.7,7.3,7.9,8.34285714285714,16,16,112,112,TRUE
"1708","humber",2000,2000-04-28,119,12.13,11.2,7.2,6.5,7.5,11.3,10.7,7.3,8.81428571428571,16,16,112,112,TRUE
"1709","humber",2000,2000-04-29,120,12.99,11.7,11.2,7.2,6.5,7.5,11.3,10.7,9.44285714285714,16,16,112,112,TRUE
"1710","humber",2000,2000-04-30,121,14.2,8.6,11.7,11.2,7.2,6.5,7.5,11.3,9.14285714285714,16,16,112,112,TRUE
"1711","humber",2000,2000-05-01,122,13.71,11.1,8.6,11.7,11.2,7.2,6.5,7.5,9.11428571428571,16,16,112,112,TRUE
"1712","humber",2000,2000-05-02,123,12.2,10.6,11.1,8.6,11.7,11.2,7.2,6.5,9.55714285714286,16,16,112,112,TRUE
"1713","humber",2000,2000-05-03,124,13.45,10.6,10.6,11.1,8.6,11.7,11.2,7.2,10.1428571428571,16,16,112,112,TRUE
"1714","humber",2000,2000-05-04,125,14.26,15.2,10.6,10.6,11.1,8.6,11.7,11.2,11.2857142857143,16,16,112,112,TRUE
"1715","humber",2000,2000-05-05,126,14.12,22.3,15.2,10.6,10.6,11.1,8.6,11.7,12.8714285714286,16,16,112,112,TRUE
"1716","humber",2000,2000-05-06,127,18.19,23.2,22.3,15.2,10.6,10.6,11.1,8.6,14.5142857142857,16,16,112,112,TRUE
"1717","humber",2000,2000-05-07,128,20.93,24.5,23.2,22.3,15.2,10.6,10.6,11.1,16.7857142857143,16,16,112,112,TRUE
"1718","humber",2000,2000-05-08,129,22.33,22.8,24.5,23.2,22.3,15.2,10.6,10.6,18.4571428571429,16,16,112,112,TRUE
"1719","humber",2000,2000-05-09,130,22.03,19.8,22.8,24.5,23.2,22.3,15.2,10.6,19.7714285714286,16,16,112,112,TRUE
"1720","humber",2000,2000-05-10,131,22.13,14.6,19.8,22.8,24.5,23.2,22.3,15.2,20.3428571428571,16,16,112,112,TRUE
"1721","humber",2000,2000-05-11,132,17.75,12.5,14.6,19.8,22.8,24.5,23.2,22.3,19.9571428571429,16,16,112,112,TRUE
"1722","humber",2000,2000-05-12,133,16.25,14.1,12.5,14.6,19.8,22.8,24.5,23.2,18.7857142857143,16,16,112,112,TRUE
"1723","humber",2000,2000-05-13,134,14.52,15.8,14.1,12.5,14.6,19.8,22.8,24.5,17.7285714285714,16,16,112,112,TRUE
"1724","humber",2000,2000-05-14,135,15.54,9.1,15.8,14.1,12.5,14.6,19.8,22.8,15.5285714285714,16,16,112,112,TRUE
"1725","humber",2000,2000-05-15,136,14.6,10.3,9.1,15.8,14.1,12.5,14.6,19.8,13.7428571428571,16,16,112,112,TRUE
"1726","humber",2000,2000-05-16,137,13.83,10.6,10.3,9.1,15.8,14.1,12.5,14.6,12.4285714285714,16,16,112,112,TRUE
"1727","humber",2000,2000-05-17,138,12.08,13.9,10.6,10.3,9.1,15.8,14.1,12.5,12.3285714285714,16,16,112,112,TRUE
"1728","humber",2000,2000-05-18,139,13.74,12,13.9,10.6,10.3,9.1,15.8,14.1,12.2571428571429,16,16,112,112,TRUE
"1729","humber",2000,2000-05-19,140,14.08,8.2,12,13.9,10.6,10.3,9.1,15.8,11.4142857142857,16,16,112,112,TRUE
"1730","humber",2000,2000-05-20,141,12.49,9,8.2,12,13.9,10.6,10.3,9.1,10.4428571428571,16,16,112,112,TRUE
"1731","humber",2000,2000-05-21,142,11.63,11.8,9,8.2,12,13.9,10.6,10.3,10.8285714285714,16,16,112,112,TRUE
"1732","humber",2000,2000-05-22,143,12.93,12.6,11.8,9,8.2,12,13.9,10.6,11.1571428571429,16,16,112,112,TRUE
"1733","humber",2000,2000-05-23,144,14.87,11.7,12.6,11.8,9,8.2,12,13.9,11.3142857142857,16,16,112,112,TRUE
"1734","humber",2000,2000-05-24,145,13.81,17.2,11.7,12.6,11.8,9,8.2,12,11.7857142857143,16,16,112,112,TRUE
"1735","humber",2000,2000-05-25,146,14.89,12.6,17.2,11.7,12.6,11.8,9,8.2,11.8714285714286,16,16,112,112,TRUE
"1736","humber",2000,2000-05-26,147,15.41,12.5,12.6,17.2,11.7,12.6,11.8,9,12.4857142857143,16,16,112,112,TRUE
"1737","humber",2000,2000-05-27,148,14.2,13.3,12.5,12.6,17.2,11.7,12.6,11.8,13.1,16,16,112,112,TRUE
"1738","humber",2000,2000-05-28,149,15.26,12,13.3,12.5,12.6,17.2,11.7,12.6,13.1285714285714,16,16,112,112,TRUE
"1739","humber",2000,2000-05-29,150,15.99,13.2,12,13.3,12.5,12.6,17.2,11.7,13.2142857142857,16,16,112,112,TRUE
"1740","humber",2000,2000-05-30,151,16.7,15.9,13.2,12,13.3,12.5,12.6,17.2,13.8142857142857,16,16,112,112,TRUE
"1741","humber",2000,2000-05-31,152,17.75,19.1,15.9,13.2,12,13.3,12.5,12.6,14.0857142857143,16,16,112,112,TRUE
"1742","humber",2000,2000-06-01,153,18.26,17.8,19.1,15.9,13.2,12,13.3,12.5,14.8285714285714,16,16,112,112,TRUE
"1743","humber",2000,2000-06-02,154,17.86,17.4,17.8,19.1,15.9,13.2,12,13.3,15.5285714285714,16,16,112,112,TRUE
"1744","humber",2000,2000-06-03,155,17.64,14.4,17.4,17.8,19.1,15.9,13.2,12,15.6857142857143,16,16,112,112,TRUE
"1745","humber",2000,2000-06-04,156,18.27,14.5,14.4,17.4,17.8,19.1,15.9,13.2,16.0428571428571,16,16,112,112,TRUE
"1746","humber",2000,2000-06-05,157,18.39,11.8,14.5,14.4,17.4,17.8,19.1,15.9,15.8428571428571,16,16,112,112,TRUE
"1747","humber",2000,2000-06-06,158,16.06,14.4,11.8,14.5,14.4,17.4,17.8,19.1,15.6285714285714,16,16,112,112,TRUE
"1748","humber",2000,2000-06-07,159,14.81,17.1,14.4,11.8,14.5,14.4,17.4,17.8,15.3428571428571,16,16,112,112,TRUE
"1749","humber",2000,2000-06-08,160,17.08,21.4,17.1,14.4,11.8,14.5,14.4,17.4,15.8571428571429,16,16,112,112,TRUE
"1750","humber",2000,2000-06-09,161,19.7,19.2,21.4,17.1,14.4,11.8,14.5,14.4,16.1142857142857,16,16,112,112,TRUE
"1751","humber",2000,2000-06-10,162,19.72,21.6,19.2,21.4,17.1,14.4,11.8,14.5,17.1428571428571,16,16,112,112,TRUE
"1752","humber",2000,2000-06-11,163,21.46,19.2,21.6,19.2,21.4,17.1,14.4,11.8,17.8142857142857,16,16,112,112,TRUE
"1753","humber",2000,2000-06-12,164,21.32,14.1,19.2,21.6,19.2,21.4,17.1,14.4,18.1428571428571,16,16,112,112,TRUE
"1754","humber",2000,2000-06-13,165,18.07,13.7,14.1,19.2,21.6,19.2,21.4,17.1,18.0428571428571,16,16,112,112,TRUE
"1755","humber",2000,2000-06-14,166,15.66,19.4,13.7,14.1,19.2,21.6,19.2,21.4,18.3714285714286,16,16,112,112,TRUE
"1756","humber",2000,2000-06-15,167,16.47,21.9,19.4,13.7,14.1,19.2,21.6,19.2,18.4428571428571,16,16,112,112,TRUE
"1757","humber",2000,2000-06-16,168,18.7,22.3,21.9,19.4,13.7,14.1,19.2,21.6,18.8857142857143,16,16,112,112,TRUE
"1758","humber",2000,2000-06-17,169,20.56,17.6,22.3,21.9,19.4,13.7,14.1,19.2,18.3142857142857,16,16,112,112,TRUE
"1759","humber",2000,2000-06-18,170,21.24,13.8,17.6,22.3,21.9,19.4,13.7,14.1,17.5428571428571,16,16,112,112,TRUE
"1760","humber",2000,2000-06-19,171,17.95,18.2,13.8,17.6,22.3,21.9,19.4,13.7,18.1285714285714,16,16,112,112,TRUE
"1761","humber",2000,2000-06-20,172,17.91,19.8,18.2,13.8,17.6,22.3,21.9,19.4,19,16,16,112,112,TRUE
"1762","humber",2000,2000-06-21,173,20.35,22.7,19.8,18.2,13.8,17.6,22.3,21.9,19.4714285714286,16,16,112,112,TRUE
"1763","humber",2000,2000-06-22,174,20.87,19.8,22.7,19.8,18.2,13.8,17.6,22.3,19.1714285714286,16,16,112,112,TRUE
"1764","humber",2000,2000-06-23,175,20.78,18.8,19.8,22.7,19.8,18.2,13.8,17.6,18.6714285714286,16,16,112,112,TRUE
"1765","humber",2000,2000-06-24,176,20.91,19.6,18.8,19.8,22.7,19.8,18.2,13.8,18.9571428571429,16,16,112,112,TRUE
"1766","humber",2000,2000-06-25,177,20.27,23.5,19.6,18.8,19.8,22.7,19.8,18.2,20.3428571428571,16,16,112,112,TRUE
"1767","humber",2000,2000-06-26,178,19.91,22,23.5,19.6,18.8,19.8,22.7,19.8,20.8857142857143,16,16,112,112,TRUE
"1768","humber",2000,2000-06-27,179,20.49,19.6,22,23.5,19.6,18.8,19.8,22.7,20.8571428571429,16,16,112,112,TRUE
"1769","humber",2000,2000-06-28,180,20.72,18.1,19.6,22,23.5,19.6,18.8,19.8,20.2,16,16,112,112,TRUE
"1770","humber",2000,2000-06-29,181,19.94,15.5,18.1,19.6,22,23.5,19.6,18.8,19.5857142857143,16,16,112,112,TRUE
"1771","humber",2000,2000-06-30,182,18.72,17.4,15.5,18.1,19.6,22,23.5,19.6,19.3857142857143,16,16,112,112,TRUE
"1772","humber",2000,2000-07-01,183,18.05,21.2,17.4,15.5,18.1,19.6,22,23.5,19.6142857142857,16,16,112,112,TRUE
"1773","humber",2000,2000-07-02,184,19.32,23.3,21.2,17.4,15.5,18.1,19.6,22,19.5857142857143,16,16,112,112,TRUE
"1774","humber",2000,2000-07-03,185,21.1,21.2,23.3,21.2,17.4,15.5,18.1,19.6,19.4714285714286,16,16,112,112,TRUE
"1775","humber",2000,2000-07-04,186,21.13,21.1,21.2,23.3,21.2,17.4,15.5,18.1,19.6857142857143,16,16,112,112,TRUE
"1776","humber",2000,2000-07-05,187,21.57,19.1,21.1,21.2,23.3,21.2,17.4,15.5,19.8285714285714,16,16,112,112,TRUE
"1777","humber",2000,2000-07-06,188,21.49,17.9,19.1,21.1,21.2,23.3,21.2,17.4,20.1714285714286,16,16,112,112,TRUE
"1778","humber",2000,2000-07-07,189,20.67,16.9,17.9,19.1,21.1,21.2,23.3,21.2,20.1,16,16,112,112,TRUE
"1779","humber",2000,2000-07-08,190,20.52,18.7,16.9,17.9,19.1,21.1,21.2,23.3,19.7428571428571,16,16,112,112,TRUE
"1780","humber",2000,2000-07-09,191,21.37,19.9,18.7,16.9,17.9,19.1,21.1,21.2,19.2571428571429,16,16,112,112,TRUE
"1781","humber",2000,2000-07-10,192,19.96,20.4,19.9,18.7,16.9,17.9,19.1,21.1,19.1428571428571,16,16,112,112,TRUE
"1782","humber",2000,2000-07-11,193,21.25,19.7,20.4,19.9,18.7,16.9,17.9,19.1,18.9428571428571,16,16,112,112,TRUE
"1783","humber",2000,2000-07-12,194,21.82,19.8,19.7,20.4,19.9,18.7,16.9,17.9,19.0428571428571,16,16,112,112,TRUE
"1784","humber",2000,2000-07-13,195,22.27,21,19.8,19.7,20.4,19.9,18.7,16.9,19.4857142857143,16,16,112,112,TRUE
"1785","humber",2000,2000-07-14,196,22.46,19.9,21,19.8,19.7,20.4,19.9,18.7,19.9142857142857,16,16,112,112,TRUE
"1786","humber",2000,2000-07-15,197,21.13,20.3,19.9,21,19.8,19.7,20.4,19.9,20.1428571428571,16,16,112,112,TRUE
"1787","humber",2000,2000-07-16,198,19.85,20.5,20.3,19.9,21,19.8,19.7,20.4,20.2285714285714,16,16,112,112,TRUE
"1788","humber",2000,2000-07-17,199,19.36,23.1,20.5,20.3,19.9,21,19.8,19.7,20.6142857142857,16,16,112,112,TRUE
"1789","humber",2000,2000-07-18,200,19.61,17.1,23.1,20.5,20.3,19.9,21,19.8,20.2428571428571,16,16,112,112,TRUE
"1790","humber",2000,2000-07-19,201,20,16.4,17.1,23.1,20.5,20.3,19.9,21,19.7571428571429,16,16,112,112,TRUE
"1791","humber",2000,2000-07-20,202,19.07,17.8,16.4,17.1,23.1,20.5,20.3,19.9,19.3,16,16,112,112,TRUE
"1792","humber",2000,2000-07-21,203,18.98,18.2,17.8,16.4,17.1,23.1,20.5,20.3,19.0571428571429,16,16,112,112,TRUE
"1793","humber",2001,2001-04-02,92,3.3,3.2,1.7,2.8,3.8,3.7,2.8,-2,2.28571428571429,18,18,112,112,TRUE
"1794","humber",2001,2001-04-03,93,3.9,3.8,3.2,1.7,2.8,3.8,3.7,2.8,3.11428571428571,18,18,112,112,TRUE
"1795","humber",2001,2001-04-04,94,5.44,7.1,3.8,3.2,1.7,2.8,3.8,3.7,3.72857142857143,18,18,112,112,TRUE
"1796","humber",2001,2001-04-05,95,5.8,7,7.1,3.8,3.2,1.7,2.8,3.8,4.2,18,18,112,112,TRUE
"1797","humber",2001,2001-04-06,96,6.01,6.2,7,7.1,3.8,3.2,1.7,2.8,4.54285714285714,18,18,112,112,TRUE
"1798","humber",2001,2001-04-07,97,5.11,4.3,6.2,7,7.1,3.8,3.2,1.7,4.75714285714286,18,18,112,112,TRUE
"1799","humber",2001,2001-04-08,98,6.74,15.4,4.3,6.2,7,7.1,3.8,3.2,6.71428571428571,18,18,112,112,TRUE
"1800","humber",2001,2001-04-09,99,7.34,5,15.4,4.3,6.2,7,7.1,3.8,6.97142857142857,18,18,112,112,TRUE
"1801","humber",2001,2001-04-10,100,6.81,5.8,5,15.4,4.3,6.2,7,7.1,7.25714285714286,18,18,112,112,TRUE
"1802","humber",2001,2001-04-11,101,7.52,8.3,5.8,5,15.4,4.3,6.2,7,7.42857142857143,18,18,112,112,TRUE
"1803","humber",2001,2001-04-12,102,10.16,17.3,8.3,5.8,5,15.4,4.3,6.2,8.9,18,18,112,112,TRUE
"1804","humber",2001,2001-04-13,103,11,7.5,17.3,8.3,5.8,5,15.4,4.3,9.08571428571429,18,18,112,112,TRUE
"1805","humber",2001,2001-04-14,104,9.71,6.9,7.5,17.3,8.3,5.8,5,15.4,9.45714285714286,18,18,112,112,TRUE
"1806","humber",2001,2001-04-15,105,9.31,7.5,6.9,7.5,17.3,8.3,5.8,5,8.32857142857143,18,18,112,112,TRUE
"1807","humber",2001,2001-04-16,106,9.48,7.2,7.5,6.9,7.5,17.3,8.3,5.8,8.64285714285714,18,18,112,112,TRUE
"1808","humber",2001,2001-04-17,107,8.86,4.5,7.2,7.5,6.9,7.5,17.3,8.3,8.45714285714286,18,18,112,112,TRUE
"1809","humber",2001,2001-04-18,108,7.27,2.2,4.5,7.2,7.5,6.9,7.5,17.3,7.58571428571429,18,18,112,112,TRUE
"1810","humber",2001,2001-04-19,109,7.71,4,2.2,4.5,7.2,7.5,6.9,7.5,5.68571428571429,18,18,112,112,TRUE
"1811","humber",2001,2001-04-20,110,7.84,6.7,4,2.2,4.5,7.2,7.5,6.9,5.57142857142857,18,18,112,112,TRUE
"1812","humber",2001,2001-04-21,111,8.62,12.6,6.7,4,2.2,4.5,7.2,7.5,6.38571428571429,18,18,112,112,TRUE
"1813","humber",2001,2001-04-22,112,12.33,16.2,12.6,6.7,4,2.2,4.5,7.2,7.62857142857143,18,18,112,112,TRUE
"1814","humber",2001,2001-04-23,113,15.29,19.4,16.2,12.6,6.7,4,2.2,4.5,9.37142857142857,18,18,112,112,TRUE
"1815","humber",2001,2001-04-24,114,13.73,10.1,19.4,16.2,12.6,6.7,4,2.2,10.1714285714286,18,18,112,112,TRUE
"1816","humber",2001,2001-04-25,115,11.55,6.8,10.1,19.4,16.2,12.6,6.7,4,10.8285714285714,18,18,112,112,TRUE
"1817","humber",2001,2001-04-26,116,12.24,10.9,6.8,10.1,19.4,16.2,12.6,6.7,11.8142857142857,18,18,112,112,TRUE
"1818","humber",2001,2001-04-27,117,13.81,10.3,10.9,6.8,10.1,19.4,16.2,12.6,12.3285714285714,18,18,112,112,TRUE
"1819","humber",2001,2001-04-28,118,12.79,7.1,10.3,10.9,6.8,10.1,19.4,16.2,11.5428571428571,18,18,112,112,TRUE
"1820","humber",2001,2001-04-29,119,12.57,7.3,7.1,10.3,10.9,6.8,10.1,19.4,10.2714285714286,18,18,112,112,TRUE
"1821","humber",2001,2001-04-30,120,14.55,15.3,7.3,7.1,10.3,10.9,6.8,10.1,9.68571428571429,18,18,112,112,TRUE
"1822","humber",2001,2001-05-01,121,16.36,18.8,15.3,7.3,7.1,10.3,10.9,6.8,10.9285714285714,18,18,112,112,TRUE
"1823","humber",2001,2001-05-02,122,18.62,21.4,18.8,15.3,7.3,7.1,10.3,10.9,13.0142857142857,18,18,112,112,TRUE
"1824","humber",2001,2001-05-03,123,20.14,23.4,21.4,18.8,15.3,7.3,7.1,10.3,14.8,18,18,112,112,TRUE
"1825","humber",2001,2001-05-04,124,20.66,19.4,23.4,21.4,18.8,15.3,7.3,7.1,16.1,18,18,112,112,TRUE
"1826","humber",2001,2001-05-05,125,18.92,13.2,19.4,23.4,21.4,18.8,15.3,7.3,16.9714285714286,18,18,112,112,TRUE
"1827","humber",2001,2001-05-06,126,16.67,12.2,13.2,19.4,23.4,21.4,18.8,15.3,17.6714285714286,18,18,112,112,TRUE
"1828","humber",2001,2001-05-07,127,16.43,14.5,12.2,13.2,19.4,23.4,21.4,18.8,17.5571428571429,18,18,112,112,TRUE
"1829","humber",2001,2001-05-08,128,14.72,12.6,14.5,12.2,13.2,19.4,23.4,21.4,16.6714285714286,18,18,112,112,TRUE
"1830","humber",2001,2001-05-09,129,16.43,16.3,12.6,14.5,12.2,13.2,19.4,23.4,15.9428571428571,18,18,112,112,TRUE
"1831","humber",2001,2001-05-10,130,17.89,19,16.3,12.6,14.5,12.2,13.2,19.4,15.3142857142857,18,18,112,112,TRUE
"1832","humber",2001,2001-05-11,131,17.28,18.2,19,16.3,12.6,14.5,12.2,13.2,15.1428571428571,18,18,112,112,TRUE
"1833","humber",2001,2001-05-12,132,16.56,10.2,18.2,19,16.3,12.6,14.5,12.2,14.7142857142857,18,18,112,112,TRUE
"1834","humber",2001,2001-05-13,133,15.16,9.7,10.2,18.2,19,16.3,12.6,14.5,14.3571428571429,18,18,112,112,TRUE
"1835","humber",2001,2001-05-14,134,15.92,12.7,9.7,10.2,18.2,19,16.3,12.6,14.1,18,18,112,112,TRUE
"1836","humber",2001,2001-05-15,135,16.5,11.7,12.7,9.7,10.2,18.2,19,16.3,13.9714285714286,18,18,112,112,TRUE
"1837","humber",2001,2001-05-16,136,16.51,13,11.7,12.7,9.7,10.2,18.2,19,13.5,18,18,112,112,TRUE
"1838","humber",2001,2001-05-17,137,15.37,12.9,13,11.7,12.7,9.7,10.2,18.2,12.6285714285714,18,18,112,112,TRUE
"1839","humber",2001,2001-05-18,138,16.13,17.8,12.9,13,11.7,12.7,9.7,10.2,12.5714285714286,18,18,112,112,TRUE
"1840","humber",2001,2001-05-19,139,18.02,16.7,17.8,12.9,13,11.7,12.7,9.7,13.5,18,18,112,112,TRUE
"1841","humber",2001,2001-05-20,140,18.87,16.8,16.7,17.8,12.9,13,11.7,12.7,14.5142857142857,18,18,112,112,TRUE
"1842","humber",2001,2001-05-21,141,16.49,14.7,16.8,16.7,17.8,12.9,13,11.7,14.8,18,18,112,112,TRUE
"1843","humber",2001,2001-05-22,142,15.24,14.8,14.7,16.8,16.7,17.8,12.9,13,15.2428571428571,18,18,112,112,TRUE
"1844","humber",2001,2001-05-23,143,16.22,14.6,14.8,14.7,16.8,16.7,17.8,12.9,15.4714285714286,18,18,112,112,TRUE
"1845","humber",2001,2001-05-24,144,16.83,14.9,14.6,14.8,14.7,16.8,16.7,17.8,15.7571428571429,18,18,112,112,TRUE
"1846","humber",2001,2001-05-25,145,16.36,13.9,14.9,14.6,14.8,14.7,16.8,16.7,15.2,18,18,112,112,TRUE
"1847","humber",2001,2001-05-26,146,16.66,15.1,13.9,14.9,14.6,14.8,14.7,16.8,14.9714285714286,18,18,112,112,TRUE
"1848","humber",2001,2001-05-27,147,15.69,12.5,15.1,13.9,14.9,14.6,14.8,14.7,14.3571428571429,18,18,112,112,TRUE
"1849","humber",2001,2001-05-28,148,14.56,13.2,12.5,15.1,13.9,14.9,14.6,14.8,14.1428571428571,18,18,112,112,TRUE
"1850","humber",2001,2001-05-29,149,14.87,12.1,13.2,12.5,15.1,13.9,14.9,14.6,13.7571428571429,18,18,112,112,TRUE
"1851","humber",2001,2001-05-30,150,15.18,10.7,12.1,13.2,12.5,15.1,13.9,14.9,13.2,18,18,112,112,TRUE
"1852","humber",2001,2001-05-31,151,15.85,11.7,10.7,12.1,13.2,12.5,15.1,13.9,12.7428571428571,18,18,112,112,TRUE
"1853","humber",2001,2001-06-01,152,14.12,11.1,11.7,10.7,12.1,13.2,12.5,15.1,12.3428571428571,18,18,112,112,TRUE
"1854","humber",2001,2001-06-02,153,14.82,14.1,11.1,11.7,10.7,12.1,13.2,12.5,12.2,18,18,112,112,TRUE
"1855","humber",2001,2001-06-03,154,14.04,12.7,14.1,11.1,11.7,10.7,12.1,13.2,12.2285714285714,18,18,112,112,TRUE
"1856","humber",2001,2001-06-04,155,13.85,11.7,12.7,14.1,11.1,11.7,10.7,12.1,12.0142857142857,18,18,112,112,TRUE
"1857","humber",2001,2001-06-05,156,15.5,14.1,11.7,12.7,14.1,11.1,11.7,10.7,12.3,18,18,112,112,TRUE
"1858","humber",2001,2001-06-06,157,17.31,16.3,14.1,11.7,12.7,14.1,11.1,11.7,13.1,18,18,112,112,TRUE
"1859","humber",2001,2001-06-07,158,18.59,16.7,16.3,14.1,11.7,12.7,14.1,11.1,13.8142857142857,18,18,112,112,TRUE
"1860","humber",2001,2001-06-08,159,19.52,18.7,16.7,16.3,14.1,11.7,12.7,14.1,14.9,18,18,112,112,TRUE
"1861","humber",2001,2001-06-09,160,19.7,18.4,18.7,16.7,16.3,14.1,11.7,12.7,15.5142857142857,18,18,112,112,TRUE
"1862","humber",2001,2001-06-10,161,21.39,19.5,18.4,18.7,16.7,16.3,14.1,11.7,16.4857142857143,18,18,112,112,TRUE
"1863","humber",2001,2001-06-11,162,19.49,19.8,19.5,18.4,18.7,16.7,16.3,14.1,17.6428571428571,18,18,112,112,TRUE
"1864","humber",2001,2001-06-12,163,19.2,18.1,19.8,19.5,18.4,18.7,16.7,16.3,18.2142857142857,18,18,112,112,TRUE
"1865","humber",2001,2001-06-13,164,21.63,21.7,18.1,19.8,19.5,18.4,18.7,16.7,18.9857142857143,18,18,112,112,TRUE
"1866","humber",2001,2001-06-14,165,24.04,23.7,21.7,18.1,19.8,19.5,18.4,18.7,19.9857142857143,18,18,112,112,TRUE
"1867","humber",2001,2001-06-15,166,25.54,25.1,23.7,21.7,18.1,19.8,19.5,18.4,20.9,18,18,112,112,TRUE
"1868","humber",2001,2001-06-16,167,24.12,22.4,25.1,23.7,21.7,18.1,19.8,19.5,21.4714285714286,18,18,112,112,TRUE
"1869","humber",2001,2001-06-17,168,23.73,21.4,22.4,25.1,23.7,21.7,18.1,19.8,21.7428571428571,18,18,112,112,TRUE
"1870","humber",2001,2001-06-18,169,21.51,19.3,21.4,22.4,25.1,23.7,21.7,18.1,21.6714285714286,18,18,112,112,TRUE
"1871","humber",2001,2001-06-19,170,23.41,25.2,19.3,21.4,22.4,25.1,23.7,21.7,22.6857142857143,18,18,112,112,TRUE
"1872","humber",2001,2001-06-20,171,21.44,18.3,25.2,19.3,21.4,22.4,25.1,23.7,22.2,18,18,112,112,TRUE
"1873","humber",2001,2001-06-21,172,20.04,17.5,18.3,25.2,19.3,21.4,22.4,25.1,21.3142857142857,18,18,112,112,TRUE
"1874","humber",2001,2001-06-22,173,18.91,18.3,17.5,18.3,25.2,19.3,21.4,22.4,20.3428571428571,18,18,112,112,TRUE
"1875","humber",2001,2001-06-23,174,18.91,18.9,18.3,17.5,18.3,25.2,19.3,21.4,19.8428571428571,18,18,112,112,TRUE
"1876","humber",2001,2001-06-24,175,19.72,19.1,18.9,18.3,17.5,18.3,25.2,19.3,19.5142857142857,18,18,112,112,TRUE
"1877","humber",2001,2001-06-25,176,21.07,20.8,19.1,18.9,18.3,17.5,18.3,25.2,19.7285714285714,18,18,112,112,TRUE
"1878","humber",2001,2001-06-26,177,23.28,23.3,20.8,19.1,18.9,18.3,17.5,18.3,19.4571428571429,18,18,112,112,TRUE
"1879","humber",2001,2001-06-27,178,24.58,25.1,23.3,20.8,19.1,18.9,18.3,17.5,20.4285714285714,18,18,112,112,TRUE
"1880","humber",2001,2001-06-28,179,25.07,25.9,25.1,23.3,20.8,19.1,18.9,18.3,21.6285714285714,18,18,112,112,TRUE
"1881","humber",2001,2001-06-29,180,25.6,25.6,25.9,25.1,23.3,20.8,19.1,18.9,22.6714285714286,18,18,112,112,TRUE
"1882","humber",2001,2001-06-30,181,26.17,27.1,25.6,25.9,25.1,23.3,20.8,19.1,23.8428571428571,18,18,112,112,TRUE
"1883","humber",2001,2001-07-01,182,22.38,16.3,27.1,25.6,25.9,25.1,23.3,20.8,23.4428571428571,18,18,112,112,TRUE
"1884","humber",2001,2001-07-02,183,19.37,14.6,16.3,27.1,25.6,25.9,25.1,23.3,22.5571428571429,18,18,112,112,TRUE
"1885","humber",2001,2001-07-03,184,19.15,19.2,14.6,16.3,27.1,25.6,25.9,25.1,21.9714285714286,18,18,112,112,TRUE
"1886","humber",2001,2001-07-04,185,19.25,20.2,19.2,14.6,16.3,27.1,25.6,25.9,21.2714285714286,18,18,112,112,TRUE
"1887","humber",2001,2001-07-05,186,19.51,16.1,20.2,19.2,14.6,16.3,27.1,25.6,19.8714285714286,18,18,112,112,TRUE
"1888","humber",2001,2001-07-06,187,19.64,17,16.1,20.2,19.2,14.6,16.3,27.1,18.6428571428571,18,18,112,112,TRUE
"1889","humber",2001,2001-07-07,188,19.81,21,17,16.1,20.2,19.2,14.6,16.3,17.7714285714286,18,18,112,112,TRUE
"1890","humber",2001,2001-07-08,189,22.09,23.7,21,17,16.1,20.2,19.2,14.6,18.8285714285714,18,18,112,112,TRUE
"1891","humber",2001,2001-07-09,190,24.29,25.1,23.7,21,17,16.1,20.2,19.2,20.3285714285714,18,18,112,112,TRUE
"1892","humber",2001,2001-07-10,191,24.55,22.8,25.1,23.7,21,17,16.1,20.2,20.8428571428571,18,18,112,112,TRUE
"1893","humber",2001,2001-07-11,192,22.48,19.1,22.8,25.1,23.7,21,17,16.1,20.6857142857143,18,18,112,112,TRUE
"1894","humber",2001,2001-07-12,193,21.3,19.2,19.1,22.8,25.1,23.7,21,17,21.1285714285714,18,18,112,112,TRUE
"1895","humber",2001,2001-07-13,194,21.05,19.4,19.2,19.1,22.8,25.1,23.7,21,21.4714285714286,18,18,112,112,TRUE
"1896","humber",2001,2001-07-14,195,21.96,20.6,19.4,19.2,19.1,22.8,25.1,23.7,21.4142857142857,18,18,112,112,TRUE
"1897","humber",2001,2001-07-15,196,22.95,22,20.6,19.4,19.2,19.1,22.8,25.1,21.1714285714286,18,18,112,112,TRUE
"1898","humber",2001,2001-07-16,197,21.3,19.8,22,20.6,19.4,19.2,19.1,22.8,20.4142857142857,18,18,112,112,TRUE
"1899","humber",2001,2001-07-17,198,19.6,19.5,19.8,22,20.6,19.4,19.2,19.1,19.9428571428571,18,18,112,112,TRUE
"1900","humber",2001,2001-07-18,199,21.8,21.5,19.5,19.8,22,20.6,19.4,19.2,20.2857142857143,18,18,112,112,TRUE
"1901","humber",2001,2001-07-19,200,22.99,23.6,21.5,19.5,19.8,22,20.6,19.4,20.9142857142857,18,18,112,112,TRUE
"1902","humber",2001,2001-07-20,201,24.36,24.5,23.6,21.5,19.5,19.8,22,20.6,21.6428571428571,18,18,112,112,TRUE
"1903","humber",2001,2001-07-21,202,24.17,25.5,24.5,23.6,21.5,19.5,19.8,22,22.3428571428571,18,18,112,112,TRUE
"1904","humber",2001,2001-07-22,203,23.33,24.7,25.5,24.5,23.6,21.5,19.5,19.8,22.7285714285714,18,18,112,112,TRUE
"1905","humber",2005,2005-04-02,92,4.03,3.4,9.2,10.5,6.2,6.9,3.3,1.5,5.85714285714286,20,20,112,112,TRUE
"1906","humber",2005,2005-04-03,93,4.04,1.7,3.4,9.2,10.5,6.2,6.9,3.3,5.88571428571429,20,20,112,112,TRUE
"1907","humber",2005,2005-04-04,94,4,6.1,1.7,3.4,9.2,10.5,6.2,6.9,6.28571428571429,20,20,112,112,TRUE
"1908","humber",2005,2005-04-05,95,3.81,6.6,6.1,1.7,3.4,9.2,10.5,6.2,6.24285714285714,20,20,112,112,TRUE
"1909","humber",2005,2005-04-06,96,5.03,9.7,6.6,6.1,1.7,3.4,9.2,10.5,6.74285714285714,20,20,112,112,TRUE
"1910","humber",2005,2005-04-07,97,5.85,7.1,9.7,6.6,6.1,1.7,3.4,9.2,6.25714285714286,20,20,112,112,TRUE
"1911","humber",2005,2005-04-08,98,6.64,7.8,7.1,9.7,6.6,6.1,1.7,3.4,6.05714285714286,20,20,112,112,TRUE
"1912","humber",2005,2005-04-09,99,7.4,7.3,7.8,7.1,9.7,6.6,6.1,1.7,6.61428571428571,20,20,112,112,TRUE
"1913","humber",2005,2005-04-10,100,8.47,10.7,7.3,7.8,7.1,9.7,6.6,6.1,7.9,20,20,112,112,TRUE
"1914","humber",2005,2005-04-11,101,9.12,5.3,10.7,7.3,7.8,7.1,9.7,6.6,7.78571428571429,20,20,112,112,TRUE
"1915","humber",2005,2005-04-12,102,8.56,5.9,5.3,10.7,7.3,7.8,7.1,9.7,7.68571428571429,20,20,112,112,TRUE
"1916","humber",2005,2005-04-13,103,8.65,6.7,5.9,5.3,10.7,7.3,7.8,7.1,7.25714285714286,20,20,112,112,TRUE
"1917","humber",2005,2005-04-14,104,9.55,9.3,6.7,5.9,5.3,10.7,7.3,7.8,7.57142857142857,20,20,112,112,TRUE
"1918","humber",2005,2005-04-15,105,9.79,7.5,9.3,6.7,5.9,5.3,10.7,7.3,7.52857142857143,20,20,112,112,TRUE
"1919","humber",2005,2005-04-16,106,10.33,10.4,7.5,9.3,6.7,5.9,5.3,10.7,7.97142857142857,20,20,112,112,TRUE
"1920","humber",2005,2005-04-17,107,10.82,13.9,10.4,7.5,9.3,6.7,5.9,5.3,8.42857142857143,20,20,112,112,TRUE
"1921","humber",2005,2005-04-18,108,12.27,13.5,13.9,10.4,7.5,9.3,6.7,5.9,9.6,20,20,112,112,TRUE
"1922","humber",2005,2005-04-19,109,13.91,17.4,13.5,13.9,10.4,7.5,9.3,6.7,11.2428571428571,20,20,112,112,TRUE
"1923","humber",2005,2005-04-20,110,13.71,10.5,17.4,13.5,13.9,10.4,7.5,9.3,11.7857142857143,20,20,112,112,TRUE
"1924","humber",2005,2005-04-21,111,11.79,6.2,10.5,17.4,13.5,13.9,10.4,7.5,11.3428571428571,20,20,112,112,TRUE
"1925","humber",2005,2005-04-22,112,11.03,6.9,6.2,10.5,17.4,13.5,13.9,10.4,11.2571428571429,20,20,112,112,TRUE
"1926","humber",2005,2005-04-23,113,9.46,6,6.9,6.2,10.5,17.4,13.5,13.9,10.6285714285714,20,20,112,112,TRUE
"1927","humber",2005,2005-04-24,114,7.67,3.7,6,6.9,6.2,10.5,17.4,13.5,9.17142857142857,20,20,112,112,TRUE
"1928","humber",2005,2005-04-25,115,6.49,4.4,3.7,6,6.9,6.2,10.5,17.4,7.87142857142857,20,20,112,112,TRUE
"1929","humber",2005,2005-04-26,116,6.72,9.5,4.4,3.7,6,6.9,6.2,10.5,6.74285714285714,20,20,112,112,TRUE
"1930","humber",2005,2005-04-27,117,8.88,9.9,9.5,4.4,3.7,6,6.9,6.2,6.65714285714286,20,20,112,112,TRUE
"1931","humber",2005,2005-04-28,118,9,5.8,9.9,9.5,4.4,3.7,6,6.9,6.6,20,20,112,112,TRUE
"1932","humber",2005,2005-04-29,119,8.96,6,5.8,9.9,9.5,4.4,3.7,6,6.47142857142857,20,20,112,112,TRUE
"1933","humber",2005,2005-04-30,120,8.5,4.8,6,5.8,9.9,9.5,4.4,3.7,6.3,20,20,112,112,TRUE
"1934","humber",2005,2005-05-01,121,8.29,6.7,4.8,6,5.8,9.9,9.5,4.4,6.72857142857143,20,20,112,112,TRUE
"1935","humber",2005,2005-05-02,122,8.83,6.3,6.7,4.8,6,5.8,9.9,9.5,7,20,20,112,112,TRUE
"1936","humber",2005,2005-05-03,123,8.01,3.9,6.3,6.7,4.8,6,5.8,9.9,6.2,20,20,112,112,TRUE
"1937","humber",2005,2005-05-04,124,7.71,6.4,3.9,6.3,6.7,4.8,6,5.8,5.7,20,20,112,112,TRUE
"1938","humber",2005,2005-05-05,125,9.46,8.3,6.4,3.9,6.3,6.7,4.8,6,6.05714285714286,20,20,112,112,TRUE
"1939","humber",2005,2005-05-06,126,11.58,10.2,8.3,6.4,3.9,6.3,6.7,4.8,6.65714285714286,20,20,112,112,TRUE
"1940","humber",2005,2005-05-07,127,13.42,13.3,10.2,8.3,6.4,3.9,6.3,6.7,7.87142857142857,20,20,112,112,TRUE
"1941","humber",2005,2005-05-08,128,14.99,14.8,13.3,10.2,8.3,6.4,3.9,6.3,9.02857142857143,20,20,112,112,TRUE
"1942","humber",2005,2005-05-09,129,16.31,14.4,14.8,13.3,10.2,8.3,6.4,3.9,10.1857142857143,20,20,112,112,TRUE
"1943","humber",2005,2005-05-10,130,16.42,14.8,14.4,14.8,13.3,10.2,8.3,6.4,11.7428571428571,20,20,112,112,TRUE
"1944","humber",2005,2005-05-11,131,17.23,14.6,14.8,14.4,14.8,13.3,10.2,8.3,12.9142857142857,20,20,112,112,TRUE
"1945","humber",2005,2005-05-12,132,14.62,5.2,14.6,14.8,14.4,14.8,13.3,10.2,12.4714285714286,20,20,112,112,TRUE
"1946","humber",2005,2005-05-13,133,12.39,7.8,5.2,14.6,14.8,14.4,14.8,13.3,12.1285714285714,20,20,112,112,TRUE
"1947","humber",2005,2005-05-14,134,12.59,13,7.8,5.2,14.6,14.8,14.4,14.8,12.0857142857143,20,20,112,112,TRUE
"1948","humber",2005,2005-05-15,135,13.82,10.2,13,7.8,5.2,14.6,14.8,14.4,11.4285714285714,20,20,112,112,TRUE
"1949","humber",2005,2005-05-16,136,12.79,8,10.2,13,7.8,5.2,14.6,14.8,10.5142857142857,20,20,112,112,TRUE
"1950","humber",2005,2005-05-17,137,11.35,8.8,8,10.2,13,7.8,5.2,14.6,9.65714285714286,20,20,112,112,TRUE
"1951","humber",2005,2005-05-18,138,12.6,10.2,8.8,8,10.2,13,7.8,5.2,9.02857142857143,20,20,112,112,TRUE
"1952","humber",2005,2005-05-19,139,14.56,12.1,10.2,8.8,8,10.2,13,7.8,10.0142857142857,20,20,112,112,TRUE
"1953","humber",2005,2005-05-20,140,16.09,13.6,12.1,10.2,8.8,8,10.2,13,10.8428571428571,20,20,112,112,TRUE
"1954","humber",2005,2005-05-21,141,16.77,16,13.6,12.1,10.2,8.8,8,10.2,11.2714285714286,20,20,112,112,TRUE
"1955","humber",2005,2005-05-22,142,16.71,12.1,16,13.6,12.1,10.2,8.8,8,11.5428571428571,20,20,112,112,TRUE
"1956","humber",2005,2005-05-23,143,16.25,12,12.1,16,13.6,12.1,10.2,8.8,12.1142857142857,20,20,112,112,TRUE
"1957","humber",2005,2005-05-24,144,14.38,12.2,12,12.1,16,13.6,12.1,10.2,12.6,20,20,112,112,TRUE
"1958","humber",2005,2005-05-25,145,16.23,17.1,12.2,12,12.1,16,13.6,12.1,13.5857142857143,20,20,112,112,TRUE
"1959","humber",2005,2005-05-26,146,18.35,17.4,17.1,12.2,12,12.1,16,13.6,14.3428571428571,20,20,112,112,TRUE
"1960","humber",2005,2005-05-27,147,19.16,18.8,17.4,17.1,12.2,12,12.1,16,15.0857142857143,20,20,112,112,TRUE
"1961","humber",2005,2005-05-28,148,18,15.4,18.8,17.4,17.1,12.2,12,12.1,15,20,20,112,112,TRUE
"1962","humber",2005,2005-05-29,149,17.07,14.4,15.4,18.8,17.4,17.1,12.2,12,15.3285714285714,20,20,112,112,TRUE
"1963","humber",2005,2005-05-30,150,17.43,15.1,14.4,15.4,18.8,17.4,17.1,12.2,15.7714285714286,20,20,112,112,TRUE
"1964","humber",2005,2005-05-31,151,18.91,16.3,15.1,14.4,15.4,18.8,17.4,17.1,16.3571428571429,20,20,112,112,TRUE
"1965","humber",2005,2005-06-01,152,20.29,19.2,16.3,15.1,14.4,15.4,18.8,17.4,16.6571428571429,20,20,112,112,TRUE
"1966","humber",2005,2005-06-02,153,21.64,20.3,19.2,16.3,15.1,14.4,15.4,18.8,17.0714285714286,20,20,112,112,TRUE
"1967","humber",2005,2005-06-03,154,22.09,20,20.3,19.2,16.3,15.1,14.4,15.4,17.2428571428571,20,20,112,112,TRUE
"1968","humber",2005,2005-06-04,155,21.77,19.4,20,20.3,19.2,16.3,15.1,14.4,17.8142857142857,20,20,112,112,TRUE
"1969","humber",2005,2005-06-05,156,22.77,22.6,19.4,20,20.3,19.2,16.3,15.1,18.9857142857143,20,20,112,112,TRUE
"1970","humber",2005,2005-06-06,157,24.51,25.7,22.6,19.4,20,20.3,19.2,16.3,20.5,20,20,112,112,TRUE
"1971","humber",2005,2005-06-07,158,24.28,24.1,25.7,22.6,19.4,20,20.3,19.2,21.6142857142857,20,20,112,112,TRUE
"1972","humber",2005,2005-06-08,159,24.99,24.8,24.1,25.7,22.6,19.4,20,20.3,22.4142857142857,20,20,112,112,TRUE
"1973","humber",2005,2005-06-09,160,25.79,24.6,24.8,24.1,25.7,22.6,19.4,20,23.0285714285714,20,20,112,112,TRUE
"1974","humber",2005,2005-06-10,161,26.85,26.1,24.6,24.8,24.1,25.7,22.6,19.4,23.9,20,20,112,112,TRUE
"1975","humber",2005,2005-06-11,162,27.68,26.6,26.1,24.6,24.8,24.1,25.7,22.6,24.9285714285714,20,20,112,112,TRUE
"1976","humber",2005,2005-06-12,163,27.3,26.6,26.6,26.1,24.6,24.8,24.1,25.7,25.5,20,20,112,112,TRUE
"1977","humber",2005,2005-06-13,164,26.28,26.1,26.6,26.6,26.1,24.6,24.8,24.1,25.5571428571429,20,20,112,112,TRUE
"1978","humber",2005,2005-06-14,165,25.91,24.9,26.1,26.6,26.6,26.1,24.6,24.8,25.6714285714286,20,20,112,112,TRUE
"1979","humber",2005,2005-06-15,166,23.66,20.9,24.9,26.1,26.6,26.6,26.1,24.6,25.1142857142857,20,20,112,112,TRUE
"1980","humber",2005,2005-06-16,167,20.37,15.9,20.9,24.9,26.1,26.6,26.6,26.1,23.8714285714286,20,20,112,112,TRUE
"1981","humber",2005,2005-06-17,168,19.08,17.1,15.9,20.9,24.9,26.1,26.6,26.6,22.5857142857143,20,20,112,112,TRUE
"1982","humber",2005,2005-06-18,169,18.72,16.2,17.1,15.9,20.9,24.9,26.1,26.6,21.1,20,20,112,112,TRUE
"1983","humber",2005,2005-06-19,170,18.32,14.8,16.2,17.1,15.9,20.9,24.9,26.1,19.4142857142857,20,20,112,112,TRUE
"1984","humber",2005,2005-06-20,171,19.7,17.1,14.8,16.2,17.1,15.9,20.9,24.9,18.1285714285714,20,20,112,112,TRUE
"1985","humber",2005,2005-06-21,172,21.64,21.7,17.1,14.8,16.2,17.1,15.9,20.9,17.6714285714286,20,20,112,112,TRUE
"1986","humber",2005,2005-06-22,173,22.6,18.7,21.7,17.1,14.8,16.2,17.1,15.9,17.3571428571429,20,20,112,112,TRUE
"1987","humber",2005,2005-06-23,174,22.19,19.8,18.7,21.7,17.1,14.8,16.2,17.1,17.9142857142857,20,20,112,112,TRUE
"1988","humber",2005,2005-06-24,175,23.48,25.2,19.8,18.7,21.7,17.1,14.8,16.2,19.0714285714286,20,20,112,112,TRUE
"1989","humber",2005,2005-06-25,176,26.25,27.6,25.2,19.8,18.7,21.7,17.1,14.8,20.7,20,20,112,112,TRUE
"1990","humber",2005,2005-06-26,177,25.79,25.2,27.6,25.2,19.8,18.7,21.7,17.1,22.1857142857143,20,20,112,112,TRUE
"1991","humber",2005,2005-06-27,178,25.93,26,25.2,27.6,25.2,19.8,18.7,21.7,23.4571428571429,20,20,112,112,TRUE
"1992","humber",2005,2005-06-28,179,27,28.3,26,25.2,27.6,25.2,19.8,18.7,24.4,20,20,112,112,TRUE
"1993","humber",2005,2005-06-29,180,26.64,26.5,28.3,26,25.2,27.6,25.2,19.8,25.5142857142857,20,20,112,112,TRUE
"1994","humber",2005,2005-06-30,181,27.26,25.4,26.5,28.3,26,25.2,27.6,25.2,26.3142857142857,20,20,112,112,TRUE
"1995","humber",2005,2005-07-01,182,26.42,21.8,25.4,26.5,28.3,26,25.2,27.6,25.8285714285714,20,20,112,112,TRUE
"1996","humber",2005,2005-07-02,183,23.06,18.2,21.8,25.4,26.5,28.3,26,25.2,24.4857142857143,20,20,112,112,TRUE
"1997","humber",2005,2005-07-03,184,23.27,20.2,18.2,21.8,25.4,26.5,28.3,26,23.7714285714286,20,20,112,112,TRUE
"1998","humber",2005,2005-07-04,185,24.3,24.3,20.2,18.2,21.8,25.4,26.5,28.3,23.5285714285714,20,20,112,112,TRUE
"1999","humber",2005,2005-07-05,186,23.52,23.2,24.3,20.2,18.2,21.8,25.4,26.5,22.8,20,20,112,112,TRUE
"2000","humber",2005,2005-07-06,187,22.97,22.2,23.2,24.3,20.2,18.2,21.8,25.4,22.1857142857143,20,20,112,112,TRUE
"2001","humber",2005,2005-07-07,188,23.98,21.5,22.2,23.2,24.3,20.2,18.2,21.8,21.6285714285714,20,20,112,112,TRUE
"2002","humber",2005,2005-07-08,189,23.98,22.6,21.5,22.2,23.2,24.3,20.2,18.2,21.7428571428571,20,20,112,112,TRUE
"2003","humber",2005,2005-07-09,190,24.05,24.1,22.6,21.5,22.2,23.2,24.3,20.2,22.5857142857143,20,20,112,112,TRUE
"2004","humber",2005,2005-07-10,191,24.74,24.8,24.1,22.6,21.5,22.2,23.2,24.3,23.2428571428571,20,20,112,112,TRUE
"2005","humber",2005,2005-07-11,192,26.49,28.3,24.8,24.1,22.6,21.5,22.2,23.2,23.8142857142857,20,20,112,112,TRUE
"2006","humber",2005,2005-07-12,193,27.54,28.7,28.3,24.8,24.1,22.6,21.5,22.2,24.6,20,20,112,112,TRUE
"2007","humber",2005,2005-07-13,194,28.42,29.3,28.7,28.3,24.8,24.1,22.6,21.5,25.6142857142857,20,20,112,112,TRUE
"2008","humber",2005,2005-07-14,195,28.43,28.5,29.3,28.7,28.3,24.8,24.1,22.6,26.6142857142857,20,20,112,112,TRUE
"2009","humber",2005,2005-07-15,196,26.99,26.3,28.5,29.3,28.7,28.3,24.8,24.1,27.1428571428571,20,20,112,112,TRUE
"2010","humber",2005,2005-07-16,197,26.06,26.8,26.3,28.5,29.3,28.7,28.3,24.8,27.5285714285714,20,20,112,112,TRUE
"2011","humber",2005,2005-07-17,198,24.9,26.2,26.8,26.3,28.5,29.3,28.7,28.3,27.7285714285714,20,20,112,112,TRUE
"2012","humber",2005,2005-07-18,199,26.48,28.2,26.2,26.8,26.3,28.5,29.3,28.7,27.7142857142857,20,20,112,112,TRUE
"2013","humber",2005,2005-07-19,200,26.62,25.5,28.2,26.2,26.8,26.3,28.5,29.3,27.2571428571429,20,20,112,112,TRUE
"2014","humber",2005,2005-07-20,201,25.84,23.1,25.5,28.2,26.2,26.8,26.3,28.5,26.3714285714286,20,20,112,112,TRUE
"2015","humber",2005,2005-07-21,202,27.22,27.6,23.1,25.5,28.2,26.2,26.8,26.3,26.2428571428571,20,20,112,112,TRUE
"2016","humber",2005,2005-07-22,203,26.38,25,27.6,23.1,25.5,28.2,26.2,26.8,26.0571428571429,20,20,112,112,TRUE
"2017","humber",2008,2008-04-01,92,4.39,7.2,4.9,0.6,-1.9,0.1,2.1,2.2,2.17142857142857,17,17,112,112,TRUE
"2018","humber",2008,2008-04-02,93,3.77,0.1,7.2,4.9,0.6,-1.9,0.1,2.1,1.87142857142857,17,17,112,112,TRUE
"2019","humber",2008,2008-04-03,94,1.57,3.7,0.1,7.2,4.9,0.6,-1.9,0.1,2.1,17,17,112,112,TRUE
"2020","humber",2008,2008-04-04,95,2.81,3.4,3.7,0.1,7.2,4.9,0.6,-1.9,2.57142857142857,17,17,112,112,TRUE
"2021","humber",2008,2008-04-05,96,3.3,5.9,3.4,3.7,0.1,7.2,4.9,0.6,3.68571428571429,17,17,112,112,TRUE
"2022","humber",2008,2008-04-06,97,3.58,6.8,5.9,3.4,3.7,0.1,7.2,4.9,4.57142857142857,17,17,112,112,TRUE
"2023","humber",2008,2008-04-07,98,3.84,8.6,6.8,5.9,3.4,3.7,0.1,7.2,5.1,17,17,112,112,TRUE
"2024","humber",2008,2008-04-08,99,4.14,11.8,8.6,6.8,5.9,3.4,3.7,0.1,5.75714285714286,17,17,112,112,TRUE
"2025","humber",2008,2008-04-09,100,4.54,12.3,11.8,8.6,6.8,5.9,3.4,3.7,7.5,17,17,112,112,TRUE
"2026","humber",2008,2008-04-10,101,4.8,7,12.3,11.8,8.6,6.8,5.9,3.4,7.97142857142857,17,17,112,112,TRUE
"2027","humber",2008,2008-04-11,102,6.74,4.2,7,12.3,11.8,8.6,6.8,5.9,8.08571428571429,17,17,112,112,TRUE
"2028","humber",2008,2008-04-12,103,6.12,6,4.2,7,12.3,11.8,8.6,6.8,8.1,17,17,112,112,TRUE
"2029","humber",2008,2008-04-13,104,5.98,4.1,6,4.2,7,12.3,11.8,8.6,7.71428571428571,17,17,112,112,TRUE
"2030","humber",2008,2008-04-14,105,6.71,5.4,4.1,6,4.2,7,12.3,11.8,7.25714285714286,17,17,112,112,TRUE
"2031","humber",2008,2008-04-15,106,7.42,5.6,5.4,4.1,6,4.2,7,12.3,6.37142857142857,17,17,112,112,TRUE
"2032","humber",2008,2008-04-16,107,8.06,11.4,5.6,5.4,4.1,6,4.2,7,6.24285714285714,17,17,112,112,TRUE
"2033","humber",2008,2008-04-17,108,9.57,14.5,11.4,5.6,5.4,4.1,6,4.2,7.31428571428571,17,17,112,112,TRUE
"2034","humber",2008,2008-04-18,109,11.21,16.6,14.5,11.4,5.6,5.4,4.1,6,9.08571428571429,17,17,112,112,TRUE
"2035","humber",2008,2008-04-19,110,13.46,16.1,16.6,14.5,11.4,5.6,5.4,4.1,10.5285714285714,17,17,112,112,TRUE
"2036","humber",2008,2008-04-20,111,14.86,16.5,16.1,16.6,14.5,11.4,5.6,5.4,12.3,17,17,112,112,TRUE
"2037","humber",2008,2008-04-21,112,16.16,16.8,16.5,16.1,16.6,14.5,11.4,5.6,13.9285714285714,17,17,112,112,TRUE
"2038","humber",2008,2008-04-22,113,17.14,15.6,16.8,16.5,16.1,16.6,14.5,11.4,15.3571428571429,17,17,112,112,TRUE
"2039","humber",2008,2008-04-23,114,17.54,16.6,15.6,16.8,16.5,16.1,16.6,14.5,16.1,17,17,112,112,TRUE
"2040","humber",2008,2008-04-24,115,17.02,12.1,16.6,15.6,16.8,16.5,16.1,16.6,15.7571428571429,17,17,112,112,TRUE
"2041","humber",2008,2008-04-25,116,15.78,14.2,12.1,16.6,15.6,16.8,16.5,16.1,15.4142857142857,17,17,112,112,TRUE
"2042","humber",2008,2008-04-26,117,14.22,16.1,14.2,12.1,16.6,15.6,16.8,16.5,15.4142857142857,17,17,112,112,TRUE
"2043","humber",2008,2008-04-27,118,14.45,13.4,16.1,14.2,12.1,16.6,15.6,16.8,14.9714285714286,17,17,112,112,TRUE
"2044","humber",2008,2008-04-28,119,14.9,5,13.4,16.1,14.2,12.1,16.6,15.6,13.2857142857143,17,17,112,112,TRUE
"2045","humber",2008,2008-04-29,120,11.63,4.2,5,13.4,16.1,14.2,12.1,16.6,11.6571428571429,17,17,112,112,TRUE
"2046","humber",2008,2008-04-30,121,9.86,4.9,4.2,5,13.4,16.1,14.2,12.1,9.98571428571429,17,17,112,112,TRUE
"2047","humber",2008,2008-05-01,122,9.45,6.6,4.9,4.2,5,13.4,16.1,14.2,9.2,17,17,112,112,TRUE
"2048","humber",2008,2008-05-02,123,9.4,8.4,6.6,4.9,4.2,5,13.4,16.1,8.37142857142857,17,17,112,112,TRUE
"2049","humber",2008,2008-05-03,124,9.54,11.2,8.4,6.6,4.9,4.2,5,13.4,7.67142857142857,17,17,112,112,TRUE
"2050","humber",2008,2008-05-04,125,10.79,9.4,11.2,8.4,6.6,4.9,4.2,5,7.1,17,17,112,112,TRUE
"2051","humber",2008,2008-05-05,126,11.91,11.8,9.4,11.2,8.4,6.6,4.9,4.2,8.07142857142857,17,17,112,112,TRUE
"2052","humber",2008,2008-05-06,127,12.72,11,11.8,9.4,11.2,8.4,6.6,4.9,9.04285714285714,17,17,112,112,TRUE
"2053","humber",2008,2008-05-07,128,12.68,12.4,11,11.8,9.4,11.2,8.4,6.6,10.1142857142857,17,17,112,112,TRUE
"2054","humber",2008,2008-05-08,129,12.3,10.1,12.4,11,11.8,9.4,11.2,8.4,10.6142857142857,17,17,112,112,TRUE
"2055","humber",2008,2008-05-09,130,13.03,9.8,10.1,12.4,11,11.8,9.4,11.2,10.8142857142857,17,17,112,112,TRUE
"2056","humber",2008,2008-05-10,131,13.63,13.6,9.8,10.1,12.4,11,11.8,9.4,11.1571428571429,17,17,112,112,TRUE
"2057","humber",2008,2008-05-11,132,15.2,12.5,13.6,9.8,10.1,12.4,11,11.8,11.6,17,17,112,112,TRUE
"2058","humber",2008,2008-05-12,133,14.19,12.7,12.5,13.6,9.8,10.1,12.4,11,11.7285714285714,17,17,112,112,TRUE
"2059","humber",2008,2008-05-13,134,13.9,14.6,12.7,12.5,13.6,9.8,10.1,12.4,12.2428571428571,17,17,112,112,TRUE
"2060","humber",2008,2008-05-14,135,15.74,12.8,14.6,12.7,12.5,13.6,9.8,10.1,12.3,17,17,112,112,TRUE
"2061","humber",2008,2008-05-15,136,15.15,11.2,12.8,14.6,12.7,12.5,13.6,9.8,12.4571428571429,17,17,112,112,TRUE
"2062","humber",2008,2008-05-16,137,15.72,11.8,11.2,12.8,14.6,12.7,12.5,13.6,12.7428571428571,17,17,112,112,TRUE
"2063","humber",2008,2008-05-17,138,15.88,12.7,11.8,11.2,12.8,14.6,12.7,12.5,12.6142857142857,17,17,112,112,TRUE
"2064","humber",2008,2008-05-18,139,15.6,7.7,12.7,11.8,11.2,12.8,14.6,12.7,11.9285714285714,17,17,112,112,TRUE
"2065","humber",2008,2008-05-19,140,12.98,7.3,7.7,12.7,11.8,11.2,12.8,14.6,11.1571428571429,17,17,112,112,TRUE
"2066","humber",2008,2008-05-20,141,11.16,10.2,7.3,7.7,12.7,11.8,11.2,12.8,10.5285714285714,17,17,112,112,TRUE
"2067","humber",2008,2008-05-21,142,12.24,6.9,10.2,7.3,7.7,12.7,11.8,11.2,9.68571428571429,17,17,112,112,TRUE
"2068","humber",2008,2008-05-22,143,11.72,11,6.9,10.2,7.3,7.7,12.7,11.8,9.65714285714286,17,17,112,112,TRUE
"2069","humber",2008,2008-05-23,144,12.46,12,11,6.9,10.2,7.3,7.7,12.7,9.68571428571429,17,17,112,112,TRUE
"2070","humber",2008,2008-05-24,145,14.33,13.5,12,11,6.9,10.2,7.3,7.7,9.8,17,17,112,112,TRUE
"2071","humber",2008,2008-05-25,146,16.47,15.3,13.5,12,11,6.9,10.2,7.3,10.8857142857143,17,17,112,112,TRUE
"2072","humber",2008,2008-05-26,147,17.91,20.2,15.3,13.5,12,11,6.9,10.2,12.7285714285714,17,17,112,112,TRUE
"2073","humber",2008,2008-05-27,148,18.76,11.1,20.2,15.3,13.5,12,11,6.9,12.8571428571429,17,17,112,112,TRUE
"2074","humber",2008,2008-05-28,149,17.84,10.8,11.1,20.2,15.3,13.5,12,11,13.4142857142857,17,17,112,112,TRUE
"2075","humber",2008,2008-05-29,150,16.63,15.7,10.8,11.1,20.2,15.3,13.5,12,14.0857142857143,17,17,112,112,TRUE
"2076","humber",2008,2008-05-30,151,17.73,14.4,15.7,10.8,11.1,20.2,15.3,13.5,14.4285714285714,17,17,112,112,TRUE
"2077","humber",2008,2008-05-31,152,16.43,18.3,14.4,15.7,10.8,11.1,20.2,15.3,15.1142857142857,17,17,112,112,TRUE
"2078","humber",2008,2008-06-01,153,17.62,14.5,18.3,14.4,15.7,10.8,11.1,20.2,15,17,17,112,112,TRUE
"2079","humber",2008,2008-06-02,154,17.07,18.6,14.5,18.3,14.4,15.7,10.8,11.1,14.7714285714286,17,17,112,112,TRUE
"2080","humber",2008,2008-06-03,155,18.5,16.2,18.6,14.5,18.3,14.4,15.7,10.8,15.5,17,17,112,112,TRUE
"2081","humber",2008,2008-06-04,156,17.82,16.3,16.2,18.6,14.5,18.3,14.4,15.7,16.2857142857143,17,17,112,112,TRUE
"2082","humber",2008,2008-06-05,157,16.87,17,16.3,16.2,18.6,14.5,18.3,14.4,16.4714285714286,17,17,112,112,TRUE
"2083","humber",2008,2008-06-06,158,17.41,24.2,17,16.3,16.2,18.6,14.5,18.3,17.8714285714286,17,17,112,112,TRUE
"2084","humber",2008,2008-06-07,159,21.53,27.1,24.2,17,16.3,16.2,18.6,14.5,19.1285714285714,17,17,112,112,TRUE
"2085","humber",2008,2008-06-08,160,24.85,26.2,27.1,24.2,17,16.3,16.2,18.6,20.8,17,17,112,112,TRUE
"2086","humber",2008,2008-06-09,161,26.06,26.5,26.2,27.1,24.2,17,16.3,16.2,21.9285714285714,17,17,112,112,TRUE
"2087","humber",2008,2008-06-10,162,25.88,19.9,26.5,26.2,27.1,24.2,17,16.3,22.4571428571429,17,17,112,112,TRUE
"2088","humber",2008,2008-06-11,163,22.83,19.8,19.9,26.5,26.2,27.1,24.2,17,22.9571428571429,17,17,112,112,TRUE
"2089","humber",2008,2008-06-12,164,22.02,17.1,19.8,19.9,26.5,26.2,27.1,24.2,22.9714285714286,17,17,112,112,TRUE
"2090","humber",2008,2008-06-13,165,21.46,21.5,17.1,19.8,19.9,26.5,26.2,27.1,22.5857142857143,17,17,112,112,TRUE
"2091","humber",2008,2008-06-14,166,21.83,22.1,21.5,17.1,19.8,19.9,26.5,26.2,21.8714285714286,17,17,112,112,TRUE
"2092","humber",2008,2008-06-15,167,22.3,20.4,22.1,21.5,17.1,19.8,19.9,26.5,21.0428571428571,17,17,112,112,TRUE
"2093","humber",2008,2008-06-16,168,22.1,18.7,20.4,22.1,21.5,17.1,19.8,19.9,19.9285714285714,17,17,112,112,TRUE
"2094","humber",2008,2008-06-17,169,20.61,14.4,18.7,20.4,22.1,21.5,17.1,19.8,19.1428571428571,17,17,112,112,TRUE
"2095","humber",2008,2008-06-18,170,18.75,13.6,14.4,18.7,20.4,22.1,21.5,17.1,18.2571428571429,17,17,112,112,TRUE
"2096","humber",2008,2008-06-19,171,18.09,13,13.6,14.4,18.7,20.4,22.1,21.5,17.6714285714286,17,17,112,112,TRUE
"2097","humber",2008,2008-06-20,172,16.81,17.3,13,13.6,14.4,18.7,20.4,22.1,17.0714285714286,17,17,112,112,TRUE
"2098","humber",2008,2008-06-21,173,18.35,17.9,17.3,13,13.6,14.4,18.7,20.4,16.4714285714286,17,17,112,112,TRUE
"2099","humber",2008,2008-06-22,174,18.58,18.7,17.9,17.3,13,13.6,14.4,18.7,16.2285714285714,17,17,112,112,TRUE
"2100","humber",2008,2008-06-23,175,20.22,18.7,18.7,17.9,17.3,13,13.6,14.4,16.2285714285714,17,17,112,112,TRUE
"2101","humber",2008,2008-06-24,176,17.25,18.8,18.7,18.7,17.9,17.3,13,13.6,16.8571428571429,17,17,112,112,TRUE
"2102","humber",2008,2008-06-25,177,19.25,21.1,18.8,18.7,18.7,17.9,17.3,13,17.9285714285714,17,17,112,112,TRUE
"2103","humber",2008,2008-06-26,178,21.96,24.6,21.1,18.8,18.7,18.7,17.9,17.3,19.5857142857143,17,17,112,112,TRUE
"2104","humber",2008,2008-06-27,179,23.91,23.6,24.6,21.1,18.8,18.7,18.7,17.9,20.4857142857143,17,17,112,112,TRUE
"2105","humber",2008,2008-06-28,180,25.04,22.3,23.6,24.6,21.1,18.8,18.7,18.7,21.1142857142857,17,17,112,112,TRUE
"2106","humber",2008,2008-06-29,181,22.44,19.7,22.3,23.6,24.6,21.1,18.8,18.7,21.2571428571429,17,17,112,112,TRUE
"2107","humber",2008,2008-06-30,182,22.38,19,19.7,22.3,23.6,24.6,21.1,18.8,21.3,17,17,112,112,TRUE
"2108","humber",2008,2008-07-01,183,21.24,18.7,19,19.7,22.3,23.6,24.6,21.1,21.2857142857143,17,17,112,112,TRUE
"2109","humber",2008,2008-07-02,184,21.81,21.8,18.7,19,19.7,22.3,23.6,24.6,21.3857142857143,17,17,112,112,TRUE
"2110","humber",2008,2008-07-03,185,22.34,17.5,21.8,18.7,19,19.7,22.3,23.6,20.3714285714286,17,17,112,112,TRUE
"2111","humber",2008,2008-07-04,186,22.48,17.5,17.5,21.8,18.7,19,19.7,22.3,19.5,17,17,112,112,TRUE
"2112","humber",2008,2008-07-05,187,21.96,18.5,17.5,17.5,21.8,18.7,19,19.7,18.9571428571429,17,17,112,112,TRUE
"2113","humber",2008,2008-07-06,188,22.49,20.3,18.5,17.5,17.5,21.8,18.7,19,19.0428571428571,17,17,112,112,TRUE
"2114","humber",2008,2008-07-07,189,23.44,23.3,20.3,18.5,17.5,17.5,21.8,18.7,19.6571428571429,17,17,112,112,TRUE
"2115","humber",2008,2008-07-08,190,24.88,25.7,23.3,20.3,18.5,17.5,17.5,21.8,20.6571428571429,17,17,112,112,TRUE
"2116","humber",2008,2008-07-09,191,25.22,22.6,25.7,23.3,20.3,18.5,17.5,17.5,20.7714285714286,17,17,112,112,TRUE
"2117","humber",2008,2008-07-10,192,24.08,19.8,22.6,25.7,23.3,20.3,18.5,17.5,21.1,17,17,112,112,TRUE
"2118","humber",2008,2008-07-11,193,23.12,20.5,19.8,22.6,25.7,23.3,20.3,18.5,21.5285714285714,17,17,112,112,TRUE
"2119","humber",2008,2008-07-12,194,22.65,22.3,20.5,19.8,22.6,25.7,23.3,20.3,22.0714285714286,17,17,112,112,TRUE
"2120","humber",2008,2008-07-13,195,22.49,22.7,22.3,20.5,19.8,22.6,25.7,23.3,22.4142857142857,17,17,112,112,TRUE
"2121","humber",2008,2008-07-14,196,23.95,19.8,22.7,22.3,20.5,19.8,22.6,25.7,21.9142857142857,17,17,112,112,TRUE
"2122","humber",2008,2008-07-15,197,22.53,18.9,19.8,22.7,22.3,20.5,19.8,22.6,20.9428571428571,17,17,112,112,TRUE
"2123","humber",2008,2008-07-16,198,22.55,24.9,18.9,19.8,22.7,22.3,20.5,19.8,21.2714285714286,17,17,112,112,TRUE
"2124","humber",2008,2008-07-17,199,24.59,25.9,24.9,18.9,19.8,22.7,22.3,20.5,22.1428571428571,17,17,112,112,TRUE
"2125","humber",2008,2008-07-18,200,26.19,25.5,25.9,24.9,18.9,19.8,22.7,22.3,22.8571428571429,17,17,112,112,TRUE
"2126","humber",2008,2008-07-19,201,25.37,25.6,25.5,25.9,24.9,18.9,19.8,22.7,23.3285714285714,17,17,112,112,TRUE
"2127","humber",2008,2008-07-20,202,25.4,19.9,25.6,25.5,25.9,24.9,18.9,19.8,22.9285714285714,17,17,112,112,TRUE
"2128","humber",2008,2008-07-21,203,22.44,22.2,19.9,25.6,25.5,25.9,24.9,18.9,23.2714285714286,17,17,112,112,TRUE
"2129","humber",2009,2009-04-02,92,5.75,8.2,8.3,1.3,1.5,6.7,6.8,4.7,5.35714285714286,19,19,112,112,TRUE
"2130","humber",2009,2009-04-03,93,6.13,6.6,8.2,8.3,1.3,1.5,6.7,6.8,5.62857142857143,19,19,112,112,TRUE
"2131","humber",2009,2009-04-04,94,6.71,4.1,6.6,8.2,8.3,1.3,1.5,6.7,5.24285714285714,19,19,112,112,TRUE
"2132","humber",2009,2009-04-05,95,6.2,6.2,4.1,6.6,8.2,8.3,1.3,1.5,5.17142857142857,19,19,112,112,TRUE
"2133","humber",2009,2009-04-06,96,5.56,0.8,6.2,4.1,6.6,8.2,8.3,1.3,5.07142857142857,19,19,112,112,TRUE
"2134","humber",2009,2009-04-07,97,4.2,-2,0.8,6.2,4.1,6.6,8.2,8.3,4.6,19,19,112,112,TRUE
"2135","humber",2009,2009-04-08,98,4.15,3.3,-2,0.8,6.2,4.1,6.6,8.2,3.88571428571429,19,19,112,112,TRUE
"2136","humber",2009,2009-04-09,99,4.8,5,3.3,-2,0.8,6.2,4.1,6.6,3.42857142857143,19,19,112,112,TRUE
"2137","humber",2009,2009-04-10,100,5.22,5.1,5,3.3,-2,0.8,6.2,4.1,3.21428571428571,19,19,112,112,TRUE
"2138","humber",2009,2009-04-11,101,5.57,4.1,5.1,5,3.3,-2,0.8,6.2,3.21428571428571,19,19,112,112,TRUE
"2139","humber",2009,2009-04-12,102,5.81,2.1,4.1,5.1,5,3.3,-2,0.8,2.62857142857143,19,19,112,112,TRUE
"2140","humber",2009,2009-04-13,103,5.97,1.5,2.1,4.1,5.1,5,3.3,-2,2.72857142857143,19,19,112,112,TRUE
"2141","humber",2009,2009-04-14,104,6.91,7.9,1.5,2.1,4.1,5.1,5,3.3,4.14285714285714,19,19,112,112,TRUE
"2142","humber",2009,2009-04-15,105,8.44,9.1,7.9,1.5,2.1,4.1,5.1,5,4.97142857142857,19,19,112,112,TRUE
"2143","humber",2009,2009-04-16,106,9.71,8.5,9.1,7.9,1.5,2.1,4.1,5.1,5.47142857142857,19,19,112,112,TRUE
"2144","humber",2009,2009-04-17,107,11.18,12.4,8.5,9.1,7.9,1.5,2.1,4.1,6.51428571428571,19,19,112,112,TRUE
"2145","humber",2009,2009-04-18,108,12.32,14.6,12.4,8.5,9.1,7.9,1.5,2.1,8.01428571428571,19,19,112,112,TRUE
"2146","humber",2009,2009-04-19,109,11.79,8.8,14.6,12.4,8.5,9.1,7.9,1.5,8.97142857142857,19,19,112,112,TRUE
"2147","humber",2009,2009-04-20,110,9.06,6.8,8.8,14.6,12.4,8.5,9.1,7.9,9.72857142857143,19,19,112,112,TRUE
"2148","humber",2009,2009-04-21,111,8.6,8,6.8,8.8,14.6,12.4,8.5,9.1,9.74285714285714,19,19,112,112,TRUE
"2149","humber",2009,2009-04-22,112,8.08,5.8,8,6.8,8.8,14.6,12.4,8.5,9.27142857142857,19,19,112,112,TRUE
"2150","humber",2009,2009-04-23,113,9.02,7.8,5.8,8,6.8,8.8,14.6,12.4,9.17142857142857,19,19,112,112,TRUE
"2151","humber",2009,2009-04-24,114,11.21,12.3,7.8,5.8,8,6.8,8.8,14.6,9.15714285714286,19,19,112,112,TRUE
"2152","humber",2009,2009-04-25,115,14.32,19.2,12.3,7.8,5.8,8,6.8,8.8,9.81428571428571,19,19,112,112,TRUE
"2153","humber",2009,2009-04-26,116,14.38,12.2,19.2,12.3,7.8,5.8,8,6.8,10.3,19,19,112,112,TRUE
"2154","humber",2009,2009-04-27,117,14.3,17.3,12.2,19.2,12.3,7.8,5.8,8,11.8,19,19,112,112,TRUE
"2155","humber",2009,2009-04-28,118,14.32,10.9,17.3,12.2,19.2,12.3,7.8,5.8,12.2142857142857,19,19,112,112,TRUE
"2156","humber",2009,2009-04-29,119,12.74,8.1,10.9,17.3,12.2,19.2,12.3,7.8,12.5428571428571,19,19,112,112,TRUE
"2157","humber",2009,2009-04-30,120,12.77,12.4,8.1,10.9,17.3,12.2,19.2,12.3,13.2,19,19,112,112,TRUE
"2158","humber",2009,2009-05-01,121,13.8,12.5,12.4,8.1,10.9,17.3,12.2,19.2,13.2285714285714,19,19,112,112,TRUE
"2159","humber",2009,2009-05-02,122,12.77,8.6,12.5,12.4,8.1,10.9,17.3,12.2,11.7142857142857,19,19,112,112,TRUE
"2160","humber",2009,2009-05-03,123,12.62,11.8,8.6,12.5,12.4,8.1,10.9,17.3,11.6571428571429,19,19,112,112,TRUE
"2161","humber",2009,2009-05-04,124,13.57,11.4,11.8,8.6,12.5,12.4,8.1,10.9,10.8142857142857,19,19,112,112,TRUE
"2162","humber",2009,2009-05-05,125,14.17,11.6,11.4,11.8,8.6,12.5,12.4,8.1,10.9142857142857,19,19,112,112,TRUE
"2163","humber",2009,2009-05-06,126,15.24,12.5,11.6,11.4,11.8,8.6,12.5,12.4,11.5428571428571,19,19,112,112,TRUE
"2164","humber",2009,2009-05-07,127,15.81,15.7,12.5,11.6,11.4,11.8,8.6,12.5,12.0142857142857,19,19,112,112,TRUE
"2165","humber",2009,2009-05-08,128,17.08,18.6,15.7,12.5,11.6,11.4,11.8,8.6,12.8857142857143,19,19,112,112,TRUE
"2166","humber",2009,2009-05-09,129,15.26,13.9,18.6,15.7,12.5,11.6,11.4,11.8,13.6428571428571,19,19,112,112,TRUE
"2167","humber",2009,2009-05-10,130,13.72,8,13.9,18.6,15.7,12.5,11.6,11.4,13.1,19,19,112,112,TRUE
"2168","humber",2009,2009-05-11,131,13.36,7.7,8,13.9,18.6,15.7,12.5,11.6,12.5714285714286,19,19,112,112,TRUE
"2169","humber",2009,2009-05-12,132,13.08,9.9,7.7,8,13.9,18.6,15.7,12.5,12.3285714285714,19,19,112,112,TRUE
"2170","humber",2009,2009-05-13,133,14.28,12.9,9.9,7.7,8,13.9,18.6,15.7,12.3857142857143,19,19,112,112,TRUE
"2171","humber",2009,2009-05-14,134,15.92,15.2,12.9,9.9,7.7,8,13.9,18.6,12.3142857142857,19,19,112,112,TRUE
"2172","humber",2009,2009-05-15,135,15.81,12.2,15.2,12.9,9.9,7.7,8,13.9,11.4,19,19,112,112,TRUE
"2173","humber",2009,2009-05-16,136,14.44,12.3,12.2,15.2,12.9,9.9,7.7,8,11.1714285714286,19,19,112,112,TRUE
"2174","humber",2009,2009-05-17,137,13.34,7,12.3,12.2,15.2,12.9,9.9,7.7,11.0285714285714,19,19,112,112,TRUE
"2175","humber",2009,2009-05-18,138,13.53,7.5,7,12.3,12.2,15.2,12.9,9.9,11,19,19,112,112,TRUE
"2176","humber",2009,2009-05-19,139,15.12,14.2,7.5,7,12.3,12.2,15.2,12.9,11.6142857142857,19,19,112,112,TRUE
"2177","humber",2009,2009-05-20,140,17.63,20.5,14.2,7.5,7,12.3,12.2,15.2,12.7,19,19,112,112,TRUE
"2178","humber",2009,2009-05-21,141,19.44,21.8,20.5,14.2,7.5,7,12.3,12.2,13.6428571428571,19,19,112,112,TRUE
"2179","humber",2009,2009-05-22,142,19.38,16.4,21.8,20.5,14.2,7.5,7,12.3,14.2428571428571,19,19,112,112,TRUE
"2180","humber",2009,2009-05-23,143,18.47,14.6,16.4,21.8,20.5,14.2,7.5,7,14.5714285714286,19,19,112,112,TRUE
"2181","humber",2009,2009-05-24,144,19.17,16.4,14.6,16.4,21.8,20.5,14.2,7.5,15.9142857142857,19,19,112,112,TRUE
"2182","humber",2009,2009-05-25,145,18.68,13.5,16.4,14.6,16.4,21.8,20.5,14.2,16.7714285714286,19,19,112,112,TRUE
"2183","humber",2009,2009-05-26,146,15.96,11.7,13.5,16.4,14.6,16.4,21.8,20.5,16.4142857142857,19,19,112,112,TRUE
"2184","humber",2009,2009-05-27,147,14.94,13.3,11.7,13.5,16.4,14.6,16.4,21.8,15.3857142857143,19,19,112,112,TRUE
"2185","humber",2009,2009-05-28,148,15.02,14.9,13.3,11.7,13.5,16.4,14.6,16.4,14.4,19,19,112,112,TRUE
"2186","humber",2009,2009-05-29,149,16.41,16.9,14.9,13.3,11.7,13.5,16.4,14.6,14.4714285714286,19,19,112,112,TRUE
"2187","humber",2009,2009-05-30,150,17.18,13.9,16.9,14.9,13.3,11.7,13.5,16.4,14.3714285714286,19,19,112,112,TRUE
"2188","humber",2009,2009-05-31,151,15.91,8.7,13.9,16.9,14.9,13.3,11.7,13.5,13.2714285714286,19,19,112,112,TRUE
"2189","humber",2009,2009-06-01,152,14.3,12.9,8.7,13.9,16.9,14.9,13.3,11.7,13.1857142857143,19,19,112,112,TRUE
"2190","humber",2009,2009-06-02,153,15.34,12.6,12.9,8.7,13.9,16.9,14.9,13.3,13.3142857142857,19,19,112,112,TRUE
"2191","humber",2009,2009-06-03,154,15.81,13.5,12.6,12.9,8.7,13.9,16.9,14.9,13.3428571428571,19,19,112,112,TRUE
"2192","humber",2009,2009-06-04,155,16.77,12.5,13.5,12.6,12.9,8.7,13.9,16.9,13,19,19,112,112,TRUE
"2193","humber",2009,2009-06-05,156,17.83,14,12.5,13.5,12.6,12.9,8.7,13.9,12.5857142857143,19,19,112,112,TRUE
"2194","humber",2009,2009-06-06,157,18.56,17,14,12.5,13.5,12.6,12.9,8.7,13.0285714285714,19,19,112,112,TRUE
"2195","humber",2009,2009-06-07,158,18.03,13.9,17,14,12.5,13.5,12.6,12.9,13.7714285714286,19,19,112,112,TRUE
"2196","humber",2009,2009-06-08,159,16.5,14,13.9,17,14,12.5,13.5,12.6,13.9285714285714,19,19,112,112,TRUE
"2197","humber",2009,2009-06-09,160,15.93,14.6,14,13.9,17,14,12.5,13.5,14.2142857142857,19,19,112,112,TRUE
"2198","humber",2009,2009-06-10,161,17.12,14,14.6,14,13.9,17,14,12.5,14.2857142857143,19,19,112,112,TRUE
"2199","humber",2009,2009-06-11,162,17.4,15.5,14,14.6,14,13.9,17,14,14.7142857142857,19,19,112,112,TRUE
"2200","humber",2009,2009-06-12,163,18.6,17.8,15.5,14,14.6,14,13.9,17,15.2571428571429,19,19,112,112,TRUE
"2201","humber",2009,2009-06-13,164,19.22,18,17.8,15.5,14,14.6,14,13.9,15.4,19,19,112,112,TRUE
"2202","humber",2009,2009-06-14,165,20,17.8,18,17.8,15.5,14,14.6,14,15.9571428571429,19,19,112,112,TRUE
"2203","humber",2009,2009-06-15,166,21.33,18.4,17.8,18,17.8,15.5,14,14.6,16.5857142857143,19,19,112,112,TRUE
"2204","humber",2009,2009-06-16,167,21.55,18.3,18.4,17.8,18,17.8,15.5,14,17.1142857142857,19,19,112,112,TRUE
"2205","humber",2009,2009-06-17,168,19.51,17.4,18.3,18.4,17.8,18,17.8,15.5,17.6,19,19,112,112,TRUE
"2206","humber",2009,2009-06-18,169,17.37,15.6,17.4,18.3,18.4,17.8,18,17.8,17.6142857142857,19,19,112,112,TRUE
"2207","humber",2009,2009-06-19,170,18.89,17.4,15.6,17.4,18.3,18.4,17.8,18,17.5571428571429,19,19,112,112,TRUE
"2208","humber",2009,2009-06-20,171,18.15,16.3,17.4,15.6,17.4,18.3,18.4,17.8,17.3142857142857,19,19,112,112,TRUE
"2209","humber",2009,2009-06-21,172,19.8,20.5,16.3,17.4,15.6,17.4,18.3,18.4,17.7,19,19,112,112,TRUE
"2210","humber",2009,2009-06-22,173,22.47,21.4,20.5,16.3,17.4,15.6,17.4,18.3,18.1285714285714,19,19,112,112,TRUE
"2211","humber",2009,2009-06-23,174,23.84,22.1,21.4,20.5,16.3,17.4,15.6,17.4,18.6714285714286,19,19,112,112,TRUE
"2212","humber",2009,2009-06-24,175,23.04,24.9,22.1,21.4,20.5,16.3,17.4,15.6,19.7428571428571,19,19,112,112,TRUE
"2213","humber",2009,2009-06-25,176,22.34,24.7,24.9,22.1,21.4,20.5,16.3,17.4,21.0428571428571,19,19,112,112,TRUE
"2214","humber",2009,2009-06-26,177,21.35,22.7,24.7,24.9,22.1,21.4,20.5,16.3,21.8,19,19,112,112,TRUE
"2215","humber",2009,2009-06-27,178,20.47,22.1,22.7,24.7,24.9,22.1,21.4,20.5,22.6285714285714,19,19,112,112,TRUE
"2216","humber",2009,2009-06-28,179,19.98,18.1,22.1,22.7,24.7,24.9,22.1,21.4,22.2857142857143,19,19,112,112,TRUE
"2217","humber",2009,2009-06-29,180,19.81,19,18.1,22.1,22.7,24.7,24.9,22.1,21.9428571428571,19,19,112,112,TRUE
"2218","humber",2009,2009-06-30,181,19.66,17.9,19,18.1,22.1,22.7,24.7,24.9,21.3428571428571,19,19,112,112,TRUE
"2219","humber",2009,2009-07-01,182,19.61,18.7,17.9,19,18.1,22.1,22.7,24.7,20.4571428571429,19,19,112,112,TRUE
"2220","humber",2009,2009-07-02,183,19.43,18.6,18.7,17.9,19,18.1,22.1,22.7,19.5857142857143,19,19,112,112,TRUE
"2221","humber",2009,2009-07-03,184,19.12,18.6,18.6,18.7,17.9,19,18.1,22.1,19,19,19,112,112,TRUE
"2222","humber",2009,2009-07-04,185,18.75,17.2,18.6,18.6,18.7,17.9,19,18.1,18.3,19,19,112,112,TRUE
"2223","humber",2009,2009-07-05,186,18.43,17.1,17.2,18.6,18.6,18.7,17.9,19,18.1571428571429,19,19,112,112,TRUE
"2224","humber",2009,2009-07-06,187,18.47,19.4,17.1,17.2,18.6,18.6,18.7,17.9,18.2142857142857,19,19,112,112,TRUE
"2225","humber",2009,2009-07-07,188,18.41,17,19.4,17.1,17.2,18.6,18.6,18.7,18.0857142857143,19,19,112,112,TRUE
"2226","humber",2009,2009-07-08,189,18.13,18.4,17,19.4,17.1,17.2,18.6,18.6,18.0428571428571,19,19,112,112,TRUE
"2227","humber",2009,2009-07-09,190,18.09,18.8,18.4,17,19.4,17.1,17.2,18.6,18.0714285714286,19,19,112,112,TRUE
"2228","humber",2009,2009-07-10,191,18.32,20.7,18.8,18.4,17,19.4,17.1,17.2,18.3714285714286,19,19,112,112,TRUE
"2229","humber",2009,2009-07-11,192,19.23,21.5,20.7,18.8,18.4,17,19.4,17.1,18.9857142857143,19,19,112,112,TRUE
"2230","humber",2009,2009-07-12,193,18.84,16.4,21.5,20.7,18.8,18.4,17,19.4,18.8857142857143,19,19,112,112,TRUE
"2231","humber",2009,2009-07-13,194,18.29,17,16.4,21.5,20.7,18.8,18.4,17,18.5428571428571,19,19,112,112,TRUE
"2232","humber",2009,2009-07-14,195,18.11,18.5,17,16.4,21.5,20.7,18.8,18.4,18.7571428571429,19,19,112,112,TRUE
"2233","humber",2009,2009-07-15,196,18.08,17.8,18.5,17,16.4,21.5,20.7,18.8,18.6714285714286,19,19,112,112,TRUE
"2234","humber",2009,2009-07-16,197,18.04,21.6,17.8,18.5,17,16.4,21.5,20.7,19.0714285714286,19,19,112,112,TRUE
"2235","humber",2009,2009-07-17,198,18.08,17.8,21.6,17.8,18.5,17,16.4,21.5,18.6571428571429,19,19,112,112,TRUE
"2236","humber",2009,2009-07-18,199,18.07,18.7,17.8,21.6,17.8,18.5,17,16.4,18.2571428571429,19,19,112,112,TRUE
"2237","humber",2009,2009-07-19,200,17.96,17.5,18.7,17.8,21.6,17.8,18.5,17,18.4142857142857,19,19,112,112,TRUE
"2238","humber",2009,2009-07-20,201,17.86,18.7,17.5,18.7,17.8,21.6,17.8,18.5,18.6571428571429,19,19,112,112,TRUE
"2239","humber",2009,2009-07-21,202,17.9,19.3,18.7,17.5,18.7,17.8,21.6,17.8,18.7714285714286,19,19,112,112,TRUE
"2240","humber",2009,2009-07-22,203,17.87,19.4,19.3,18.7,17.5,18.7,17.8,21.6,19,19,19,112,112,TRUE
"2241","rifle",2014,2014-04-02,92,1.9,2.2,3.9,2.25,-1.95,1.1,-0.55,-11.15,-0.6,24,24,112,112,TRUE
"2242","rifle",2014,2014-04-03,93,1.9,1.95,2.2,3.9,2.25,-1.95,1.1,-0.55,1.27142857142857,24,24,112,112,TRUE
"2243","rifle",2014,2014-04-04,94,1.5,-0.8,1.95,2.2,3.9,2.25,-1.95,1.1,1.23571428571429,24,24,112,112,TRUE
"2244","rifle",2014,2014-04-05,95,1.8,-1.1,-0.8,1.95,2.2,3.9,2.25,-1.95,0.921428571428571,24,24,112,112,TRUE
"2245","rifle",2014,2014-04-06,96,2.5,0.55,-1.1,-0.8,1.95,2.2,3.9,2.25,1.27857142857143,24,24,112,112,TRUE
"2246","rifle",2014,2014-04-07,97,3.5,5,0.55,-1.1,-0.8,1.95,2.2,3.9,1.67142857142857,24,24,112,112,TRUE
"2247","rifle",2014,2014-04-08,98,4.4,5.55,5,0.55,-1.1,-0.8,1.95,2.2,1.90714285714286,24,24,112,112,TRUE
"2248","rifle",2014,2014-04-09,99,4.9,5.25,5.55,5,0.55,-1.1,-0.8,1.95,2.34285714285714,24,24,112,112,TRUE
"2249","rifle",2014,2014-04-10,100,5.6,5.3,5.25,5.55,5,0.55,-1.1,-0.8,2.82142857142857,24,24,112,112,TRUE
"2250","rifle",2014,2014-04-11,101,5.8,8.05,5.3,5.25,5.55,5,0.55,-1.1,4.08571428571429,24,24,112,112,TRUE
"2251","rifle",2014,2014-04-12,102,5.6,7.75,8.05,5.3,5.25,5.55,5,0.55,5.35,24,24,112,112,TRUE
"2252","rifle",2014,2014-04-13,103,5,7.25,7.75,8.05,5.3,5.25,5.55,5,6.30714285714286,24,24,112,112,TRUE
"2253","rifle",2014,2014-04-14,104,6.1,11.1,7.25,7.75,8.05,5.3,5.25,5.55,7.17857142857143,24,24,112,112,TRUE
"2254","rifle",2014,2014-04-15,105,4.6,3.9,11.1,7.25,7.75,8.05,5.3,5.25,6.94285714285714,24,24,112,112,TRUE
"2255","rifle",2014,2014-04-16,106,3.4,-5,3.9,11.1,7.25,7.75,8.05,5.3,5.47857142857143,24,24,112,112,TRUE
"2256","rifle",2014,2014-04-17,107,5.1,-0.55,-5,3.9,11.1,7.25,7.75,8.05,4.64285714285714,24,24,112,112,TRUE
"2257","rifle",2014,2014-04-18,108,7,8.05,-0.55,-5,3.9,11.1,7.25,7.75,4.64285714285714,24,24,112,112,TRUE
"2258","rifle",2014,2014-04-19,109,7.2,4.15,8.05,-0.55,-5,3.9,11.1,7.25,4.12857142857143,24,24,112,112,TRUE
"2259","rifle",2014,2014-04-20,110,8.2,3.9,4.15,8.05,-0.55,-5,3.9,11.1,3.65,24,24,112,112,TRUE
"2260","rifle",2014,2014-04-21,111,10.5,14.45,3.9,4.15,8.05,-0.55,-5,3.9,4.12857142857143,24,24,112,112,TRUE
"2261","rifle",2014,2014-04-22,112,9.7,12.75,14.45,3.9,4.15,8.05,-0.55,-5,5.39285714285714,24,24,112,112,TRUE
"2262","rifle",2014,2014-04-23,113,8.1,2.75,12.75,14.45,3.9,4.15,8.05,-0.55,6.5,24,24,112,112,TRUE
"2263","rifle",2014,2014-04-24,114,8.1,5.3,2.75,12.75,14.45,3.9,4.15,8.05,7.33571428571429,24,24,112,112,TRUE
"2264","rifle",2014,2014-04-25,115,7.5,5.85,5.3,2.75,12.75,14.45,3.9,4.15,7.02142857142857,24,24,112,112,TRUE
"2265","rifle",2014,2014-04-26,116,6.8,4.75,5.85,5.3,2.75,12.75,14.45,3.9,7.10714285714286,24,24,112,112,TRUE
"2266","rifle",2014,2014-04-27,117,7.3,3.35,4.75,5.85,5.3,2.75,12.75,14.45,7.02857142857143,24,24,112,112,TRUE
"2267","rifle",2014,2014-04-28,118,8.5,6.65,3.35,4.75,5.85,5.3,2.75,12.75,5.91428571428571,24,24,112,112,TRUE
"2268","rifle",2014,2014-04-29,119,8.3,8.6,6.65,3.35,4.75,5.85,5.3,2.75,5.32142857142857,24,24,112,112,TRUE
"2269","rifle",2014,2014-04-30,120,8.2,9.15,8.6,6.65,3.35,4.75,5.85,5.3,6.23571428571429,24,24,112,112,TRUE
"2270","rifle",2014,2014-05-01,121,9.2,10,9.15,8.6,6.65,3.35,4.75,5.85,6.90714285714286,24,24,112,112,TRUE
"2271","rifle",2014,2014-05-02,122,9.3,6.95,10,9.15,8.6,6.65,3.35,4.75,7.06428571428571,24,24,112,112,TRUE
"2272","rifle",2014,2014-05-03,123,9.1,8.1,6.95,10,9.15,8.6,6.65,3.35,7.54285714285714,24,24,112,112,TRUE
"2273","rifle",2014,2014-05-04,124,8.9,5.85,8.1,6.95,10,9.15,8.6,6.65,7.9,24,24,112,112,TRUE
"2274","rifle",2014,2014-05-05,125,8.7,5,5.85,8.1,6.95,10,9.15,8.6,7.66428571428571,24,24,112,112,TRUE
"2275","rifle",2014,2014-05-06,126,9.3,5.55,5,5.85,8.1,6.95,10,9.15,7.22857142857143,24,24,112,112,TRUE
"2276","rifle",2014,2014-05-07,127,9.7,7.25,5.55,5,5.85,8.1,6.95,10,6.95714285714286,24,24,112,112,TRUE
"2277","rifle",2014,2014-05-08,128,10.7,8.85,7.25,5.55,5,5.85,8.1,6.95,6.79285714285714,24,24,112,112,TRUE
"2278","rifle",2014,2014-05-09,129,13,15.8,8.85,7.25,5.55,5,5.85,8.1,8.05714285714286,24,24,112,112,TRUE
"2279","rifle",2014,2014-05-10,130,13.9,15.55,15.8,8.85,7.25,5.55,5,5.85,9.12142857142857,24,24,112,112,TRUE
"2280","rifle",2014,2014-05-11,131,14.2,11.9,15.55,15.8,8.85,7.25,5.55,5,9.98571428571429,24,24,112,112,TRUE
"2281","rifle",2014,2014-05-12,132,14.4,11.9,11.9,15.55,15.8,8.85,7.25,5.55,10.9714285714286,24,24,112,112,TRUE
"2282","rifle",2014,2014-05-13,133,14.9,15.8,11.9,11.9,15.55,15.8,8.85,7.25,12.4357142857143,24,24,112,112,TRUE
"2283","rifle",2014,2014-05-14,134,14.9,17.5,15.8,11.9,11.9,15.55,15.8,8.85,13.9,24,24,112,112,TRUE
"2284","rifle",2014,2014-05-15,135,11.9,9.15,17.5,15.8,11.9,11.9,15.55,15.8,13.9428571428571,24,24,112,112,TRUE
"2285","rifle",2014,2014-05-16,136,10.6,4.15,9.15,17.5,15.8,11.9,11.9,15.55,12.2785714285714,24,24,112,112,TRUE
"2286","rifle",2014,2014-05-17,137,10,4.45,4.15,9.15,17.5,15.8,11.9,11.9,10.6928571428571,24,24,112,112,TRUE
"2287","rifle",2014,2014-05-18,138,10.8,9.2,4.45,4.15,9.15,17.5,15.8,11.9,10.3071428571429,24,24,112,112,TRUE
"2288","rifle",2014,2014-05-19,139,13.1,12.8,9.2,4.45,4.15,9.15,17.5,15.8,10.4357142857143,24,24,112,112,TRUE
"2289","rifle",2014,2014-05-20,140,13.2,15.8,12.8,9.2,4.45,4.15,9.15,17.5,10.4357142857143,24,24,112,112,TRUE
"2290","rifle",2014,2014-05-21,141,13.6,10.85,15.8,12.8,9.2,4.45,4.15,9.15,9.48571428571429,24,24,112,112,TRUE
"2291","rifle",2014,2014-05-22,142,15.9,19.15,10.85,15.8,12.8,9.2,4.45,4.15,10.9142857142857,24,24,112,112,TRUE
"2292","rifle",2014,2014-05-23,143,15.6,12.5,19.15,10.85,15.8,12.8,9.2,4.45,12.1071428571429,24,24,112,112,TRUE
"2293","rifle",2014,2014-05-24,144,16,13.65,12.5,19.15,10.85,15.8,12.8,9.2,13.4214285714286,24,24,112,112,TRUE
"2294","rifle",2014,2014-05-25,145,17.3,16.95,13.65,12.5,19.15,10.85,15.8,12.8,14.5285714285714,24,24,112,112,TRUE
"2295","rifle",2014,2014-05-26,146,18.3,19.2,16.95,13.65,12.5,19.15,10.85,15.8,15.4428571428571,24,24,112,112,TRUE
"2296","rifle",2014,2014-05-27,147,19.1,22.2,19.2,16.95,13.65,12.5,19.15,10.85,16.3571428571429,24,24,112,112,TRUE
"2297","rifle",2014,2014-05-28,148,18.6,18.9,22.2,19.2,16.95,13.65,12.5,19.15,17.5071428571429,24,24,112,112,TRUE
"2298","rifle",2014,2014-05-29,149,17.9,14.75,18.9,22.2,19.2,16.95,13.65,12.5,16.8785714285714,24,24,112,112,TRUE
"2299","rifle",2014,2014-05-30,150,18.2,15.8,14.75,18.9,22.2,19.2,16.95,13.65,17.35,24,24,112,112,TRUE
"2300","rifle",2014,2014-05-31,151,19,18.9,15.8,14.75,18.9,22.2,19.2,16.95,18.1,24,24,112,112,TRUE
"2301","rifle",2014,2014-06-01,152,19.5,18.05,18.9,15.8,14.75,18.9,22.2,19.2,18.2571428571429,24,24,112,112,TRUE
"2302","rifle",2014,2014-06-02,153,20.4,23.1,18.05,18.9,15.8,14.75,18.9,22.2,18.8142857142857,24,24,112,112,TRUE
"2303","rifle",2014,2014-06-03,154,19.7,22.75,23.1,18.05,18.9,15.8,14.75,18.9,18.8928571428571,24,24,112,112,TRUE
"2304","rifle",2014,2014-06-04,155,18.2,15,22.75,23.1,18.05,18.9,15.8,14.75,18.3357142857143,24,24,112,112,TRUE
"2305","rifle",2014,2014-06-05,156,18,15.8,15,22.75,23.1,18.05,18.9,15.8,18.4857142857143,24,24,112,112,TRUE
"2306","rifle",2014,2014-06-06,157,17.9,15.3,15.8,15,22.75,23.1,18.05,18.9,18.4142857142857,24,24,112,112,TRUE
"2307","rifle",2014,2014-06-07,158,19.2,18.6,15.3,15.8,15,22.75,23.1,18.05,18.3714285714286,24,24,112,112,TRUE
"2308","rifle",2014,2014-06-08,159,19.2,21.65,18.6,15.3,15.8,15,22.75,23.1,18.8857142857143,24,24,112,112,TRUE
"2309","rifle",2014,2014-06-09,160,18.7,15.3,21.65,18.6,15.3,15.8,15,22.75,17.7714285714286,24,24,112,112,TRUE
"2310","rifle",2014,2014-06-10,161,18.5,16.9,15.3,21.65,18.6,15.3,15.8,15,16.9357142857143,24,24,112,112,TRUE
"2311","rifle",2014,2014-06-11,162,17.5,18.6,16.9,15.3,21.65,18.6,15.3,15.8,17.45,24,24,112,112,TRUE
"2312","rifle",2014,2014-06-12,163,17.8,15.55,18.6,16.9,15.3,21.65,18.6,15.3,17.4142857142857,24,24,112,112,TRUE
"2313","rifle",2014,2014-06-13,164,16.9,18.05,15.55,18.6,16.9,15.3,21.65,18.6,17.8071428571429,24,24,112,112,TRUE
"2314","rifle",2014,2014-06-14,165,16.1,11.65,18.05,15.55,18.6,16.9,15.3,21.65,16.8142857142857,24,24,112,112,TRUE
"2315","rifle",2014,2014-06-15,166,17.7,15.55,11.65,18.05,15.55,18.6,16.9,15.3,15.9428571428571,24,24,112,112,TRUE
"2316","rifle",2014,2014-06-16,167,20.4,20.55,15.55,11.65,18.05,15.55,18.6,16.9,16.6928571428571,24,24,112,112,TRUE
"2317","rifle",2014,2014-06-17,168,20.3,22.25,20.55,15.55,11.65,18.05,15.55,18.6,17.4571428571429,24,24,112,112,TRUE
"2318","rifle",2014,2014-06-18,169,18.5,20.25,22.25,20.55,15.55,11.65,18.05,15.55,17.6928571428571,24,24,112,112,TRUE
"2319","rifle",2014,2014-06-19,170,18,17.5,20.25,22.25,20.55,15.55,11.65,18.05,17.9714285714286,24,24,112,112,TRUE
"2320","rifle",2014,2014-06-20,171,16.4,13.9,17.5,20.25,22.25,20.55,15.55,11.65,17.3785714285714,24,24,112,112,TRUE
"2321","rifle",2014,2014-06-21,172,17.4,13.35,13.9,17.5,20.25,22.25,20.55,15.55,17.6214285714286,24,24,112,112,TRUE
"2322","rifle",2014,2014-06-22,173,18.8,18.65,13.35,13.9,17.5,20.25,22.25,20.55,18.0642857142857,24,24,112,112,TRUE
"2323","rifle",2014,2014-06-23,174,19,21.1,18.65,13.35,13.9,17.5,20.25,22.25,18.1428571428571,24,24,112,112,TRUE
"2324","rifle",2014,2014-06-24,175,18.9,19.45,21.1,18.65,13.35,13.9,17.5,20.25,17.7428571428571,24,24,112,112,TRUE
"2325","rifle",2014,2014-06-25,176,19,20.55,19.45,21.1,18.65,13.35,13.9,17.5,17.7857142857143,24,24,112,112,TRUE
"2326","rifle",2014,2014-06-26,177,18.9,17.2,20.55,19.45,21.1,18.65,13.35,13.9,17.7428571428571,24,24,112,112,TRUE
"2327","rifle",2014,2014-06-27,178,19.2,16.95,17.2,20.55,19.45,21.1,18.65,13.35,18.1785714285714,24,24,112,112,TRUE
"2328","rifle",2014,2014-06-28,179,21.1,19.75,16.95,17.2,20.55,19.45,21.1,18.65,19.0928571428571,24,24,112,112,TRUE
"2329","rifle",2014,2014-06-29,180,22.3,24.45,19.75,16.95,17.2,20.55,19.45,21.1,19.9214285714286,24,24,112,112,TRUE
"2330","rifle",2014,2014-06-30,181,22.5,23.05,24.45,19.75,16.95,17.2,20.55,19.45,20.2,24,24,112,112,TRUE
"2331","rifle",2014,2014-07-01,182,22.9,23.6,23.05,24.45,19.75,16.95,17.2,20.55,20.7928571428571,24,24,112,112,TRUE
"2332","rifle",2014,2014-07-02,183,21.2,21.1,23.6,23.05,24.45,19.75,16.95,17.2,20.8714285714286,24,24,112,112,TRUE
"2333","rifle",2014,2014-07-03,184,18.9,16.7,21.1,23.6,23.05,24.45,19.75,16.95,20.8,24,24,112,112,TRUE
"2334","rifle",2014,2014-07-04,185,18.7,15.3,16.7,21.1,23.6,23.05,24.45,19.75,20.5642857142857,24,24,112,112,TRUE
"2335","rifle",2014,2014-07-05,186,19.5,16.1,15.3,16.7,21.1,23.6,23.05,24.45,20.0428571428571,24,24,112,112,TRUE
"2336","rifle",2014,2014-07-06,187,19.6,18.6,16.1,15.3,16.7,21.1,23.6,23.05,19.2071428571429,24,24,112,112,TRUE
"2337","rifle",2014,2014-07-07,188,21.5,22.2,18.6,16.1,15.3,16.7,21.1,23.6,19.0857142857143,24,24,112,112,TRUE
"2338","rifle",2014,2014-07-08,189,21,23.05,22.2,18.6,16.1,15.3,16.7,21.1,19.0071428571429,24,24,112,112,TRUE
"2339","rifle",2014,2014-07-09,190,19.4,16.1,23.05,22.2,18.6,16.1,15.3,16.7,18.2928571428571,24,24,112,112,TRUE
"2340","rifle",2014,2014-07-10,191,19.1,15.25,16.1,23.05,22.2,18.6,16.1,15.3,18.0857142857143,24,24,112,112,TRUE
"2341","rifle",2014,2014-07-11,192,19.6,15.8,15.25,16.1,23.05,22.2,18.6,16.1,18.1571428571429,24,24,112,112,TRUE
"2342","rifle",2014,2014-07-12,193,20.3,18.65,15.8,15.25,16.1,23.05,22.2,18.6,18.5214285714286,24,24,112,112,TRUE
"2343","rifle",2014,2014-07-13,194,20.8,22.25,18.65,15.8,15.25,16.1,23.05,22.2,19.0428571428571,24,24,112,112,TRUE
"2344","rifle",2014,2014-07-14,195,20.6,15.55,22.25,18.65,15.8,15.25,16.1,23.05,18.0928571428571,24,24,112,112,TRUE
"2345","rifle",2014,2014-07-15,196,18.7,18.65,15.55,22.25,18.65,15.8,15.25,16.1,17.4642857142857,24,24,112,112,TRUE
"2346","rifle",2014,2014-07-16,197,16.8,13.9,18.65,15.55,22.25,18.65,15.8,15.25,17.15,24,24,112,112,TRUE
"2347","rifle",2014,2014-07-17,198,17.1,14.2,13.9,18.65,15.55,22.25,18.65,15.8,17,24,24,112,112,TRUE
"2348","rifle",2014,2014-07-18,199,18.4,16.65,14.2,13.9,18.65,15.55,22.25,18.65,17.1214285714286,24,24,112,112,TRUE
"2349","rifle",2014,2014-07-19,200,19.5,17.2,16.65,14.2,13.9,18.65,15.55,22.25,16.9142857142857,24,24,112,112,TRUE
"2350","rifle",2014,2014-07-20,201,20.1,18.65,17.2,16.65,14.2,13.9,18.65,15.55,16.4,24,24,112,112,TRUE
"2351","rifle",2014,2014-07-21,202,20.8,20,18.65,17.2,16.65,14.2,13.9,18.65,17.0357142857143,24,24,112,112,TRUE
"2352","rifle",2014,2014-07-22,203,22.1,20.55,20,18.65,17.2,16.65,14.2,13.9,17.3071428571429,24,24,112,112,TRUE
"2353","rifle",2016,2016-04-01,92,8.1,8.35,5.25,3.6,1.4,7.2,2.8,-0.8,3.97142857142857,22,22,112,112,TRUE
"2354","rifle",2016,2016-04-02,93,6.3,5.85,8.35,5.25,3.6,1.4,7.2,2.8,4.92142857142857,22,22,112,112,TRUE
"2355","rifle",2016,2016-04-03,94,2.8,1.1,5.85,8.35,5.25,3.6,1.4,7.2,4.67857142857143,22,22,112,112,TRUE
"2356","rifle",2016,2016-04-04,95,1.8,-4.2,1.1,5.85,8.35,5.25,3.6,1.4,3.05,22,22,112,112,TRUE
"2357","rifle",2016,2016-04-05,96,2.6,-7.8,-4.2,1.1,5.85,8.35,5.25,3.6,1.73571428571429,22,22,112,112,TRUE
"2358","rifle",2016,2016-04-06,97,2.7,-5.85,-7.8,-4.2,1.1,5.85,8.35,5.25,0.385714285714286,22,22,112,112,TRUE
"2359","rifle",2016,2016-04-07,98,2.7,0.55,-5.85,-7.8,-4.2,1.1,5.85,8.35,-0.285714285714286,22,22,112,112,TRUE
"2360","rifle",2016,2016-04-08,99,3.1,-2.5,0.55,-5.85,-7.8,-4.2,1.1,5.85,-1.83571428571429,22,22,112,112,TRUE
"2361","rifle",2016,2016-04-09,100,3.6,-1.95,-2.5,0.55,-5.85,-7.8,-4.2,1.1,-2.95,22,22,112,112,TRUE
"2362","rifle",2016,2016-04-10,101,2.9,-3.65,-1.95,-2.5,0.55,-5.85,-7.8,-4.2,-3.62857142857143,22,22,112,112,TRUE
"2363","rifle",2016,2016-04-11,102,3.5,-1.35,-3.65,-1.95,-2.5,0.55,-5.85,-7.8,-3.22142857142857,22,22,112,112,TRUE
"2364","rifle",2016,2016-04-12,103,4.3,3.05,-1.35,-3.65,-1.95,-2.5,0.55,-5.85,-1.67142857142857,22,22,112,112,TRUE
"2365","rifle",2016,2016-04-13,104,4.7,1.15,3.05,-1.35,-3.65,-1.95,-2.5,0.55,-0.671428571428571,22,22,112,112,TRUE
"2366","rifle",2016,2016-04-14,105,5.7,3.05,1.15,3.05,-1.35,-3.65,-1.95,-2.5,-0.314285714285714,22,22,112,112,TRUE
"2367","rifle",2016,2016-04-15,106,7.2,4.45,3.05,1.15,3.05,-1.35,-3.65,-1.95,0.678571428571428,22,22,112,112,TRUE
"2368","rifle",2016,2016-04-16,107,9,7.5,4.45,3.05,1.15,3.05,-1.35,-3.65,2.02857142857143,22,22,112,112,TRUE
"2369","rifle",2016,2016-04-17,108,10.9,12.2,7.5,4.45,3.05,1.15,3.05,-1.35,4.29285714285714,22,22,112,112,TRUE
"2370","rifle",2016,2016-04-18,109,12.4,14.7,12.2,7.5,4.45,3.05,1.15,3.05,6.58571428571429,22,22,112,112,TRUE
"2371","rifle",2016,2016-04-19,110,13.1,15.85,14.7,12.2,7.5,4.45,3.05,1.15,8.41428571428571,22,22,112,112,TRUE
"2372","rifle",2016,2016-04-20,111,11.9,7.8,15.85,14.7,12.2,7.5,4.45,3.05,9.36428571428571,22,22,112,112,TRUE
"2373","rifle",2016,2016-04-21,112,11.9,9.2,7.8,15.85,14.7,12.2,7.5,4.45,10.2428571428571,22,22,112,112,TRUE
"2374","rifle",2016,2016-04-22,113,12.2,12.5,9.2,7.8,15.85,14.7,12.2,7.5,11.3928571428571,22,22,112,112,TRUE
"2375","rifle",2016,2016-04-23,114,11.1,4.75,12.5,9.2,7.8,15.85,14.7,12.2,11,22,22,112,112,TRUE
"2376","rifle",2016,2016-04-24,115,10.1,6.1,4.75,12.5,9.2,7.8,15.85,14.7,10.1285714285714,22,22,112,112,TRUE
"2377","rifle",2016,2016-04-25,116,9.5,7.8,6.1,4.75,12.5,9.2,7.8,15.85,9.14285714285714,22,22,112,112,TRUE
"2378","rifle",2016,2016-04-26,117,8.5,6.4,7.8,6.1,4.75,12.5,9.2,7.8,7.79285714285714,22,22,112,112,TRUE
"2379","rifle",2016,2016-04-27,118,8.3,2.8,6.4,7.8,6.1,4.75,12.5,9.2,7.07857142857143,22,22,112,112,TRUE
"2380","rifle",2016,2016-04-28,119,8.5,6.1,2.8,6.4,7.8,6.1,4.75,12.5,6.63571428571429,22,22,112,112,TRUE
"2381","rifle",2016,2016-04-29,120,8.5,4.75,6.1,2.8,6.4,7.8,6.1,4.75,5.52857142857143,22,22,112,112,TRUE
"2382","rifle",2016,2016-04-30,121,9,5.25,4.75,6.1,2.8,6.4,7.8,6.1,5.6,22,22,112,112,TRUE
"2383","rifle",2016,2016-05-01,122,9.7,8.35,5.25,4.75,6.1,2.8,6.4,7.8,5.92142857142857,22,22,112,112,TRUE
"2384","rifle",2016,2016-05-02,123,10.3,6.4,8.35,5.25,4.75,6.1,2.8,6.4,5.72142857142857,22,22,112,112,TRUE
"2385","rifle",2016,2016-05-03,124,11.1,8.05,6.4,8.35,5.25,4.75,6.1,2.8,5.95714285714286,22,22,112,112,TRUE
"2386","rifle",2016,2016-05-04,125,11.1,11.4,8.05,6.4,8.35,5.25,4.75,6.1,7.18571428571429,22,22,112,112,TRUE
"2387","rifle",2016,2016-05-05,126,11.2,6.4,11.4,8.05,6.4,8.35,5.25,4.75,7.22857142857143,22,22,112,112,TRUE
"2388","rifle",2016,2016-05-06,127,12.9,11.4,6.4,11.4,8.05,6.4,8.35,5.25,8.17857142857143,22,22,112,112,TRUE
"2389","rifle",2016,2016-05-07,128,14,15.25,11.4,6.4,11.4,8.05,6.4,8.35,9.60714285714286,22,22,112,112,TRUE
"2390","rifle",2016,2016-05-08,129,13.1,10.3,15.25,11.4,6.4,11.4,8.05,6.4,9.88571428571429,22,22,112,112,TRUE
"2391","rifle",2016,2016-05-09,130,13,8.65,10.3,15.25,11.4,6.4,11.4,8.05,10.2071428571429,22,22,112,112,TRUE
"2392","rifle",2016,2016-05-10,131,11.8,8.35,8.65,10.3,15.25,11.4,6.4,11.4,10.25,22,22,112,112,TRUE
"2393","rifle",2016,2016-05-11,132,12.8,9.7,8.35,8.65,10.3,15.25,11.4,6.4,10.0071428571429,22,22,112,112,TRUE
"2394","rifle",2016,2016-05-12,133,14.3,15.85,9.7,8.35,8.65,10.3,15.25,11.4,11.3571428571429,22,22,112,112,TRUE
"2395","rifle",2016,2016-05-13,134,15,10,15.85,9.7,8.35,8.65,10.3,15.25,11.1571428571429,22,22,112,112,TRUE
"2396","rifle",2016,2016-05-14,135,13.2,8.6,10,15.85,9.7,8.35,8.65,10.3,10.2071428571429,22,22,112,112,TRUE
"2397","rifle",2016,2016-05-15,136,10.6,9.45,8.6,10,15.85,9.7,8.35,8.65,10.0857142857143,22,22,112,112,TRUE
"2398","rifle",2016,2016-05-16,137,10.4,3.9,9.45,8.6,10,15.85,9.7,8.35,9.40714285714286,22,22,112,112,TRUE
"2399","rifle",2016,2016-05-17,138,12.2,10,3.9,9.45,8.6,10,15.85,9.7,9.64285714285714,22,22,112,112,TRUE
"2400","rifle",2016,2016-05-18,139,13,8.85,10,3.9,9.45,8.6,10,15.85,9.52142857142857,22,22,112,112,TRUE
"2401","rifle",2016,2016-05-19,140,14,10.3,8.85,10,3.9,9.45,8.6,10,8.72857142857143,22,22,112,112,TRUE
"2402","rifle",2016,2016-05-20,141,14.8,12.75,10.3,8.85,10,3.9,9.45,8.6,9.12142857142857,22,22,112,112,TRUE
"2403","rifle",2016,2016-05-21,142,16,14.2,12.75,10.3,8.85,10,3.9,9.45,9.92142857142857,22,22,112,112,TRUE
"2404","rifle",2016,2016-05-22,143,17.1,17.8,14.2,12.75,10.3,8.85,10,3.9,11.1142857142857,22,22,112,112,TRUE
"2405","rifle",2016,2016-05-23,144,16.7,12.8,17.8,14.2,12.75,10.3,8.85,10,12.3857142857143,22,22,112,112,TRUE
"2406","rifle",2016,2016-05-24,145,18,17.25,12.8,17.8,14.2,12.75,10.3,8.85,13.4214285714286,22,22,112,112,TRUE
"2407","rifle",2016,2016-05-25,146,20,19.75,17.25,12.8,17.8,14.2,12.75,10.3,14.9785714285714,22,22,112,112,TRUE
"2408","rifle",2016,2016-05-26,147,19.7,21.9,19.75,17.25,12.8,17.8,14.2,12.75,16.6357142857143,22,22,112,112,TRUE
"2409","rifle",2016,2016-05-27,148,20.6,21.1,21.9,19.75,17.25,12.8,17.8,14.2,17.8285714285714,22,22,112,112,TRUE
"2410","rifle",2016,2016-05-28,149,21.5,22.5,21.1,21.9,19.75,17.25,12.8,17.8,19.0142857142857,22,22,112,112,TRUE
"2411","rifle",2016,2016-05-29,150,22,23.85,22.5,21.1,21.9,19.75,17.25,12.8,19.8785714285714,22,22,112,112,TRUE
"2412","rifle",2016,2016-05-30,151,21.4,20.8,23.85,22.5,21.1,21.9,19.75,17.25,21.0214285714286,22,22,112,112,TRUE
"2413","rifle",2016,2016-05-31,152,20.5,18.9,20.8,23.85,22.5,21.1,21.9,19.75,21.2571428571429,22,22,112,112,TRUE
"2414","rifle",2016,2016-06-01,153,18.1,17.75,18.9,20.8,23.85,22.5,21.1,21.9,20.9714285714286,22,22,112,112,TRUE
"2415","rifle",2016,2016-06-02,154,18.1,14.15,17.75,18.9,20.8,23.85,22.5,21.1,19.8642857142857,22,22,112,112,TRUE
"2416","rifle",2016,2016-06-03,155,18.8,16.1,14.15,17.75,18.9,20.8,23.85,22.5,19.15,22,22,112,112,TRUE
"2417","rifle",2016,2016-06-04,156,19.5,18.35,16.1,14.15,17.75,18.9,20.8,23.85,18.5571428571429,22,22,112,112,TRUE
"2418","rifle",2016,2016-06-05,157,19.1,20.8,18.35,16.1,14.15,17.75,18.9,20.8,18.1214285714286,22,22,112,112,TRUE
"2419","rifle",2016,2016-06-06,158,17.8,15.85,20.8,18.35,16.1,14.15,17.75,18.9,17.4142857142857,22,22,112,112,TRUE
"2420","rifle",2016,2016-06-07,159,17,16.4,15.85,20.8,18.35,16.1,14.15,17.75,17.0571428571429,22,22,112,112,TRUE
"2421","rifle",2016,2016-06-08,160,16,10,16.4,15.85,20.8,18.35,16.1,14.15,15.95,22,22,112,112,TRUE
"2422","rifle",2016,2016-06-09,161,16.6,11.1,10,16.4,15.85,20.8,18.35,16.1,15.5142857142857,22,22,112,112,TRUE
"2423","rifle",2016,2016-06-10,162,18.1,15.55,11.1,10,16.4,15.85,20.8,18.35,15.4357142857143,22,22,112,112,TRUE
"2424","rifle",2016,2016-06-11,163,20.9,20,15.55,11.1,10,16.4,15.85,20.8,15.6714285714286,22,22,112,112,TRUE
"2425","rifle",2016,2016-06-12,164,20.6,20.55,20,15.55,11.1,10,16.4,15.85,15.6357142857143,22,22,112,112,TRUE
"2426","rifle",2016,2016-06-13,165,17.7,15,20.55,20,15.55,11.1,10,16.4,15.5142857142857,22,22,112,112,TRUE
"2427","rifle",2016,2016-06-14,166,16.9,14.15,15,20.55,20,15.55,11.1,10,15.1928571428571,22,22,112,112,TRUE
"2428","rifle",2016,2016-06-15,167,16.3,16.15,14.15,15,20.55,20,15.55,11.1,16.0714285714286,22,22,112,112,TRUE
"2429","rifle",2016,2016-06-16,168,16.6,16.1,16.15,14.15,15,20.55,20,15.55,16.7857142857143,22,22,112,112,TRUE
"2430","rifle",2016,2016-06-17,169,18.5,18.05,16.1,16.15,14.15,15,20.55,20,17.1428571428571,22,22,112,112,TRUE
"2431","rifle",2016,2016-06-18,170,20.8,21.15,18.05,16.1,16.15,14.15,15,20.55,17.3071428571429,22,22,112,112,TRUE
"2432","rifle",2016,2016-06-19,171,22.4,23.05,21.15,18.05,16.1,16.15,14.15,15,17.6642857142857,22,22,112,112,TRUE
"2433","rifle",2016,2016-06-20,172,22.8,24.15,23.05,21.15,18.05,16.1,16.15,14.15,18.9714285714286,22,22,112,112,TRUE
"2434","rifle",2016,2016-06-21,173,21.4,13.6,24.15,23.05,21.15,18.05,16.1,16.15,18.8928571428571,22,22,112,112,TRUE
"2435","rifle",2016,2016-06-22,174,20.6,16.9,13.6,24.15,23.05,21.15,18.05,16.1,19,22,22,112,112,TRUE
"2436","rifle",2016,2016-06-23,175,19.6,17.25,16.9,13.6,24.15,23.05,21.15,18.05,19.1642857142857,22,22,112,112,TRUE
"2437","rifle",2016,2016-06-24,176,20.2,17.25,17.25,16.9,13.6,24.15,23.05,21.15,19.05,22,22,112,112,TRUE
"2438","rifle",2016,2016-06-25,177,21.5,20,17.25,17.25,16.9,13.6,24.15,23.05,18.8857142857143,22,22,112,112,TRUE
"2439","rifle",2016,2016-06-26,178,22,23.35,20,17.25,17.25,16.9,13.6,24.15,18.9285714285714,22,22,112,112,TRUE
"2440","rifle",2016,2016-06-27,179,22.4,21.7,23.35,20,17.25,17.25,16.9,13.6,18.5785714285714,22,22,112,112,TRUE
"2441","rifle",2016,2016-06-28,180,20.4,20.3,21.7,23.35,20,17.25,17.25,16.9,19.5357142857143,22,22,112,112,TRUE
"2442","rifle",2016,2016-06-29,181,19.6,14.2,20.3,21.7,23.35,20,17.25,17.25,19.15,22,22,112,112,TRUE
"2443","rifle",2016,2016-06-30,182,20.1,16.95,14.2,20.3,21.7,23.35,20,17.25,19.1071428571429,22,22,112,112,TRUE
"2444","rifle",2016,2016-07-01,183,20,20.85,16.95,14.2,20.3,21.7,23.35,20,19.6214285714286,22,22,112,112,TRUE
"2445","rifle",2016,2016-07-02,184,19,14.2,20.85,16.95,14.2,20.3,21.7,23.35,18.7928571428571,22,22,112,112,TRUE
"2446","rifle",2016,2016-07-03,185,19.9,18.05,14.2,20.85,16.95,14.2,20.3,21.7,18.0357142857143,22,22,112,112,TRUE
"2447","rifle",2016,2016-07-04,186,21,18.9,18.05,14.2,20.85,16.95,14.2,20.3,17.6357142857143,22,22,112,112,TRUE
"2448","rifle",2016,2016-07-05,187,22.2,21.7,18.9,18.05,14.2,20.85,16.95,14.2,17.8357142857143,22,22,112,112,TRUE
"2449","rifle",2016,2016-07-06,188,23.1,22.5,21.7,18.9,18.05,14.2,20.85,16.95,19.0214285714286,22,22,112,112,TRUE
"2450","rifle",2016,2016-07-07,189,23.7,23.9,22.5,21.7,18.9,18.05,14.2,20.85,20.0142857142857,22,22,112,112,TRUE
"2451","rifle",2016,2016-07-08,190,22.3,23.6,23.9,22.5,21.7,18.9,18.05,14.2,20.4071428571429,22,22,112,112,TRUE
"2452","rifle",2016,2016-07-09,191,21,20.3,23.6,23.9,22.5,21.7,18.9,18.05,21.2785714285714,22,22,112,112,TRUE
"2453","rifle",2016,2016-07-10,192,21.2,19.45,20.3,23.6,23.9,22.5,21.7,18.9,21.4785714285714,22,22,112,112,TRUE
"2454","rifle",2016,2016-07-11,193,21.8,22.5,19.45,20.3,23.6,23.9,22.5,21.7,21.9928571428571,22,22,112,112,TRUE
"2455","rifle",2016,2016-07-12,194,23.1,21.95,22.5,19.45,20.3,23.6,23.9,22.5,22.0285714285714,22,22,112,112,TRUE
"2456","rifle",2016,2016-07-13,195,24.1,24.45,21.95,22.5,19.45,20.3,23.6,23.9,22.3071428571429,22,22,112,112,TRUE
"2457","rifle",2016,2016-07-14,196,24.4,25,24.45,21.95,22.5,19.45,20.3,23.6,22.4642857142857,22,22,112,112,TRUE
"2458","rifle",2016,2016-07-15,197,22.2,21.1,25,24.45,21.95,22.5,19.45,20.3,22.1071428571429,22,22,112,112,TRUE
"2459","rifle",2016,2016-07-16,198,20.7,14.15,21.1,25,24.45,21.95,22.5,19.45,21.2285714285714,22,22,112,112,TRUE
"2460","rifle",2016,2016-07-17,199,19.8,17.5,14.15,21.1,25,24.45,21.95,22.5,20.95,22,22,112,112,TRUE
"2461","rifle",2016,2016-07-18,200,21.3,21.7,17.5,14.15,21.1,25,24.45,21.95,20.8357142857143,22,22,112,112,TRUE
"2462","rifle",2016,2016-07-19,201,22,20,21.7,17.5,14.15,21.1,25,24.45,20.5571428571429,22,22,112,112,TRUE
"2463","rifle",2016,2016-07-20,202,22.1,20.85,20,21.7,17.5,14.15,21.1,25,20.0428571428571,22,22,112,112,TRUE
"2464","rifle",2016,2016-07-21,203,22.4,20.85,20.85,20,21.7,17.5,14.15,21.1,19.45,22,22,112,112,TRUE
"2465","rifle",2017,2017-04-02,92,6.7,7.8,1.4,1.65,3.05,5,5.25,3.65,3.97142857142857,25,25,112,112,TRUE
"2466","rifle",2017,2017-04-03,93,8.3,12.2,7.8,1.4,1.65,3.05,5,5.25,5.19285714285714,25,25,112,112,TRUE
"2467","rifle",2017,2017-04-04,94,7.1,8.9,12.2,7.8,1.4,1.65,3.05,5,5.71428571428571,25,25,112,112,TRUE
"2468","rifle",2017,2017-04-05,95,5.9,3.6,8.9,12.2,7.8,1.4,1.65,3.05,5.51428571428571,25,25,112,112,TRUE
"2469","rifle",2017,2017-04-06,96,4.7,2.75,3.6,8.9,12.2,7.8,1.4,1.65,5.47142857142857,25,25,112,112,TRUE
"2470","rifle",2017,2017-04-07,97,4.6,0.55,2.75,3.6,8.9,12.2,7.8,1.4,5.31428571428571,25,25,112,112,TRUE
"2471","rifle",2017,2017-04-08,98,6.3,4.2,0.55,2.75,3.6,8.9,12.2,7.8,5.71428571428571,25,25,112,112,TRUE
"2472","rifle",2017,2017-04-09,99,8.8,11.95,4.2,0.55,2.75,3.6,8.9,12.2,6.30714285714286,25,25,112,112,TRUE
"2473","rifle",2017,2017-04-10,100,11.5,17.25,11.95,4.2,0.55,2.75,3.6,8.9,7.02857142857143,25,25,112,112,TRUE
"2474","rifle",2017,2017-04-11,101,10.4,13.05,17.25,11.95,4.2,0.55,2.75,3.6,7.62142857142857,25,25,112,112,TRUE
"2475","rifle",2017,2017-04-12,102,9.1,4.45,13.05,17.25,11.95,4.2,0.55,2.75,7.74285714285714,25,25,112,112,TRUE
"2476","rifle",2017,2017-04-13,103,8.9,6.7,4.45,13.05,17.25,11.95,4.2,0.55,8.30714285714286,25,25,112,112,TRUE
"2477","rifle",2017,2017-04-14,104,9.2,4.45,6.7,4.45,13.05,17.25,11.95,4.2,8.86428571428571,25,25,112,112,TRUE
"2478","rifle",2017,2017-04-15,105,11.1,10.3,4.45,6.7,4.45,13.05,17.25,11.95,9.73571428571429,25,25,112,112,TRUE
"2479","rifle",2017,2017-04-16,106,13.3,16.15,10.3,4.45,6.7,4.45,13.05,17.25,10.3357142857143,25,25,112,112,TRUE
"2480","rifle",2017,2017-04-17,107,12.4,11.65,16.15,10.3,4.45,6.7,4.45,13.05,9.53571428571429,25,25,112,112,TRUE
"2481","rifle",2017,2017-04-18,108,10.8,5,11.65,16.15,10.3,4.45,6.7,4.45,8.38571428571429,25,25,112,112,TRUE
"2482","rifle",2017,2017-04-19,109,12.2,7.75,5,11.65,16.15,10.3,4.45,6.7,8.85714285714286,25,25,112,112,TRUE
"2483","rifle",2017,2017-04-20,110,10.9,10.25,7.75,5,11.65,16.15,10.3,4.45,9.36428571428571,25,25,112,112,TRUE
"2484","rifle",2017,2017-04-21,111,8.7,4.45,10.25,7.75,5,11.65,16.15,10.3,9.36428571428571,25,25,112,112,TRUE
"2485","rifle",2017,2017-04-22,112,8.9,5,4.45,10.25,7.75,5,11.65,16.15,8.60714285714286,25,25,112,112,TRUE
"2486","rifle",2017,2017-04-23,113,10.7,8.6,5,4.45,10.25,7.75,5,11.65,7.52857142857143,25,25,112,112,TRUE
"2487","rifle",2017,2017-04-24,114,11.8,10.3,8.6,5,4.45,10.25,7.75,5,7.33571428571429,25,25,112,112,TRUE
"2488","rifle",2017,2017-04-25,115,12.4,10.25,10.3,8.6,5,4.45,10.25,7.75,8.08571428571429,25,25,112,112,TRUE
"2489","rifle",2017,2017-04-26,116,14.5,13.35,10.25,10.3,8.6,5,4.45,10.25,8.88571428571429,25,25,112,112,TRUE
"2490","rifle",2017,2017-04-27,117,15.8,18.9,13.35,10.25,10.3,8.6,5,4.45,10.1214285714286,25,25,112,112,TRUE
"2491","rifle",2017,2017-04-28,118,14.3,13.3,18.9,13.35,10.25,10.3,8.6,5,11.3857142857143,25,25,112,112,TRUE
"2492","rifle",2017,2017-04-29,119,13.5,10.25,13.3,18.9,13.35,10.25,10.3,8.6,12.1357142857143,25,25,112,112,TRUE
"2493","rifle",2017,2017-04-30,120,10.3,6.95,10.25,13.3,18.9,13.35,10.25,10.3,11.9,25,25,112,112,TRUE
"2494","rifle",2017,2017-05-01,121,9.3,3.05,6.95,10.25,13.3,18.9,13.35,10.25,10.8642857142857,25,25,112,112,TRUE
"2495","rifle",2017,2017-05-02,122,10.1,10,3.05,6.95,10.25,13.3,18.9,13.35,10.8285714285714,25,25,112,112,TRUE
"2496","rifle",2017,2017-05-03,123,10.3,5.55,10,3.05,6.95,10.25,13.3,18.9,9.71428571428571,25,25,112,112,TRUE
"2497","rifle",2017,2017-05-04,124,11.1,8.9,5.55,10,3.05,6.95,10.25,13.3,8.28571428571429,25,25,112,112,TRUE
"2498","rifle",2017,2017-05-05,125,11.1,9.15,8.9,5.55,10,3.05,6.95,10.25,7.69285714285714,25,25,112,112,TRUE
"2499","rifle",2017,2017-05-06,126,11.5,8.1,9.15,8.9,5.55,10,3.05,6.95,7.38571428571429,25,25,112,112,TRUE
"2500","rifle",2017,2017-05-07,127,11.4,8.1,8.1,9.15,8.9,5.55,10,3.05,7.55,25,25,112,112,TRUE
"2501","rifle",2017,2017-05-08,128,11.2,5.3,8.1,8.1,9.15,8.9,5.55,10,7.87142857142857,25,25,112,112,TRUE
"2502","rifle",2017,2017-05-09,129,10.7,5.25,5.3,8.1,8.1,9.15,8.9,5.55,7.19285714285714,25,25,112,112,TRUE
"2503","rifle",2017,2017-05-10,130,11.7,8.05,5.25,5.3,8.1,8.1,9.15,8.9,7.55,25,25,112,112,TRUE
"2504","rifle",2017,2017-05-11,131,13.5,9.7,8.05,5.25,5.3,8.1,8.1,9.15,7.66428571428571,25,25,112,112,TRUE
"2505","rifle",2017,2017-05-12,132,14.1,11.65,9.7,8.05,5.25,5.3,8.1,8.1,8.02142857142857,25,25,112,112,TRUE
"2506","rifle",2017,2017-05-13,133,13.8,11.65,11.65,9.7,8.05,5.25,5.3,8.1,8.52857142857143,25,25,112,112,TRUE
"2507","rifle",2017,2017-05-14,134,13.4,11.4,11.65,11.65,9.7,8.05,5.25,5.3,9,25,25,112,112,TRUE
"2508","rifle",2017,2017-05-15,135,13.9,9.45,11.4,11.65,11.65,9.7,8.05,5.25,9.59285714285714,25,25,112,112,TRUE
"2509","rifle",2017,2017-05-16,136,15.9,13.05,9.45,11.4,11.65,11.65,9.7,8.05,10.7071428571429,25,25,112,112,TRUE
"2510","rifle",2017,2017-05-17,137,18.4,18.6,13.05,9.45,11.4,11.65,11.65,9.7,12.2142857142857,25,25,112,112,TRUE
"2511","rifle",2017,2017-05-18,138,19,22.75,18.6,13.05,9.45,11.4,11.65,11.65,14.0785714285714,25,25,112,112,TRUE
"2512","rifle",2017,2017-05-19,139,15.8,14.45,22.75,18.6,13.05,9.45,11.4,11.65,14.4785714285714,25,25,112,112,TRUE
"2513","rifle",2017,2017-05-20,140,13.7,8.9,14.45,22.75,18.6,13.05,9.45,11.4,14.0857142857143,25,25,112,112,TRUE
"2514","rifle",2017,2017-05-21,141,13.2,11.15,8.9,14.45,22.75,18.6,13.05,9.45,14.05,25,25,112,112,TRUE
"2515","rifle",2017,2017-05-22,142,13.3,14.15,11.15,8.9,14.45,22.75,18.6,13.05,14.7214285714286,25,25,112,112,TRUE
"2516","rifle",2017,2017-05-23,143,13.9,13.35,14.15,11.15,8.9,14.45,22.75,18.6,14.7642857142857,25,25,112,112,TRUE
"2517","rifle",2017,2017-05-24,144,15,14.45,13.35,14.15,11.15,8.9,14.45,22.75,14.1714285714286,25,25,112,112,TRUE
"2518","rifle",2017,2017-05-25,145,14.7,14.45,14.45,13.35,14.15,11.15,8.9,14.45,12.9857142857143,25,25,112,112,TRUE
"2519","rifle",2017,2017-05-26,146,14.6,13.65,14.45,14.45,13.35,14.15,11.15,8.9,12.8714285714286,25,25,112,112,TRUE
"2520","rifle",2017,2017-05-27,147,16.1,14.7,13.65,14.45,14.45,13.35,14.15,11.15,13.7,25,25,112,112,TRUE
"2521","rifle",2017,2017-05-28,148,17.4,18.3,14.7,13.65,14.45,14.45,13.35,14.15,14.7214285714286,25,25,112,112,TRUE
"2522","rifle",2017,2017-05-29,149,17.8,16.65,18.3,14.7,13.65,14.45,14.45,13.35,15.0785714285714,25,25,112,112,TRUE
"2523","rifle",2017,2017-05-30,150,16.6,15.85,16.65,18.3,14.7,13.65,14.45,14.45,15.4357142857143,25,25,112,112,TRUE
"2524","rifle",2017,2017-05-31,151,15.1,13.9,15.85,16.65,18.3,14.7,13.65,14.45,15.3571428571429,25,25,112,112,TRUE
"2525","rifle",2017,2017-06-01,152,15.2,10.55,13.9,15.85,16.65,18.3,14.7,13.65,14.8,25,25,112,112,TRUE
"2526","rifle",2017,2017-06-02,153,16.6,12.25,10.55,13.9,15.85,16.65,18.3,14.7,14.6,25,25,112,112,TRUE
"2527","rifle",2017,2017-06-03,154,17.4,16.95,12.25,10.55,13.9,15.85,16.65,18.3,14.9214285714286,25,25,112,112,TRUE
"2528","rifle",2017,2017-06-04,155,19.1,17.2,16.95,12.25,10.55,13.9,15.85,16.65,14.7642857142857,25,25,112,112,TRUE
"2529","rifle",2017,2017-06-05,156,19.1,21.4,17.2,16.95,12.25,10.55,13.9,15.85,15.4428571428571,25,25,112,112,TRUE
"2530","rifle",2017,2017-06-06,157,17.9,15,21.4,17.2,16.95,12.25,10.55,13.9,15.3214285714286,25,25,112,112,TRUE
"2531","rifle",2017,2017-06-07,158,18,14.15,15,21.4,17.2,16.95,12.25,10.55,15.3571428571429,25,25,112,112,TRUE
"2532","rifle",2017,2017-06-08,159,18.8,16.15,14.15,15,21.4,17.2,16.95,12.25,16.1571428571429,25,25,112,112,TRUE
"2533","rifle",2017,2017-06-09,160,19.3,18.35,16.15,14.15,15,21.4,17.2,16.95,17.0285714285714,25,25,112,112,TRUE
"2534","rifle",2017,2017-06-10,161,19.6,17.2,18.35,16.15,14.15,15,21.4,17.2,17.0642857142857,25,25,112,112,TRUE
"2535","rifle",2017,2017-06-11,162,21.8,24.45,17.2,18.35,16.15,14.15,15,21.4,18.1,25,25,112,112,TRUE
"2536","rifle",2017,2017-06-12,163,21.7,24.2,24.45,17.2,18.35,16.15,14.15,15,18.5,25,25,112,112,TRUE
"2537","rifle",2017,2017-06-13,164,21.7,22.25,24.2,24.45,17.2,18.35,16.15,14.15,19.5357142857143,25,25,112,112,TRUE
"2538","rifle",2017,2017-06-14,165,21.1,20,22.25,24.2,24.45,17.2,18.35,16.15,20.3714285714286,25,25,112,112,TRUE
"2539","rifle",2017,2017-06-15,166,21.6,21.4,20,22.25,24.2,24.45,17.2,18.35,21.1214285714286,25,25,112,112,TRUE
"2540","rifle",2017,2017-06-16,167,21.1,20.8,21.4,20,22.25,24.2,24.45,17.2,21.4714285714286,25,25,112,112,TRUE
"2541","rifle",2017,2017-06-17,168,20.4,21.4,20.8,21.4,20,22.25,24.2,24.45,22.0714285714286,25,25,112,112,TRUE
"2542","rifle",2017,2017-06-18,169,20.3,20,21.4,20.8,21.4,20,22.25,24.2,21.4357142857143,25,25,112,112,TRUE
"2543","rifle",2017,2017-06-19,170,19.7,17.5,20,21.4,20.8,21.4,20,22.25,20.4785714285714,25,25,112,112,TRUE
"2544","rifle",2017,2017-06-20,171,18.5,18.9,17.5,20,21.4,20.8,21.4,20,20,25,25,112,112,TRUE
"2545","rifle",2017,2017-06-21,172,18.1,15,18.9,17.5,20,21.4,20.8,21.4,19.2857142857143,25,25,112,112,TRUE
"2546","rifle",2017,2017-06-22,173,18.5,17.75,15,18.9,17.5,20,21.4,20.8,18.7642857142857,25,25,112,112,TRUE
"2547","rifle",2017,2017-06-23,174,19,20.55,17.75,15,18.9,17.5,20,21.4,18.7285714285714,25,25,112,112,TRUE
"2548","rifle",2017,2017-06-24,175,19,17.8,20.55,17.75,15,18.9,17.5,20,18.2142857142857,25,25,112,112,TRUE
"2549","rifle",2017,2017-06-25,176,18.3,16.1,17.8,20.55,17.75,15,18.9,17.5,17.6571428571429,25,25,112,112,TRUE
"2550","rifle",2017,2017-06-26,177,17.7,15.25,16.1,17.8,20.55,17.75,15,18.9,17.3357142857143,25,25,112,112,TRUE
"2551","rifle",2017,2017-06-27,178,17.2,13.85,15.25,16.1,17.8,20.55,17.75,15,16.6142857142857,25,25,112,112,TRUE
"2552","rifle",2017,2017-06-28,179,17.2,14.7,13.85,15.25,16.1,17.8,20.55,17.75,16.5714285714286,25,25,112,112,TRUE
"2553","rifle",2017,2017-06-29,180,18,17.2,14.7,13.85,15.25,16.1,17.8,20.55,16.4928571428571,25,25,112,112,TRUE
"2554","rifle",2017,2017-06-30,181,19.8,21.4,17.2,14.7,13.85,15.25,16.1,17.8,16.6142857142857,25,25,112,112,TRUE
"2555","rifle",2017,2017-07-01,182,21.2,22.2,21.4,17.2,14.7,13.85,15.25,16.1,17.2428571428571,25,25,112,112,TRUE
"2556","rifle",2017,2017-07-02,183,21,17.8,22.2,21.4,17.2,14.7,13.85,15.25,17.4857142857143,25,25,112,112,TRUE
"2557","rifle",2017,2017-07-03,184,20.1,18.35,17.8,22.2,21.4,17.2,14.7,13.85,17.9285714285714,25,25,112,112,TRUE
"2558","rifle",2017,2017-07-04,185,20.2,17.5,18.35,17.8,22.2,21.4,17.2,14.7,18.45,25,25,112,112,TRUE
"2559","rifle",2017,2017-07-05,186,21.1,18.6,17.5,18.35,17.8,22.2,21.4,17.2,19.0071428571429,25,25,112,112,TRUE
"2560","rifle",2017,2017-07-06,187,22.7,20,18.6,17.5,18.35,17.8,22.2,21.4,19.4071428571429,25,25,112,112,TRUE
"2561","rifle",2017,2017-07-07,188,20.7,24.15,20,18.6,17.5,18.35,17.8,22.2,19.8,25,25,112,112,TRUE
"2562","rifle",2017,2017-07-08,189,20.3,19.15,24.15,20,18.6,17.5,18.35,17.8,19.3642857142857,25,25,112,112,TRUE
"2563","rifle",2017,2017-07-09,190,20.2,18.3,19.15,24.15,20,18.6,17.5,18.35,19.4357142857143,25,25,112,112,TRUE
"2564","rifle",2017,2017-07-10,191,20.2,20.85,18.3,19.15,24.15,20,18.6,17.5,19.7928571428571,25,25,112,112,TRUE
"2565","rifle",2017,2017-07-11,192,21.3,20.55,20.85,18.3,19.15,24.15,20,18.6,20.2285714285714,25,25,112,112,TRUE
"2566","rifle",2017,2017-07-12,193,21.7,21.65,20.55,20.85,18.3,19.15,24.15,20,20.6642857142857,25,25,112,112,TRUE
"2567","rifle",2017,2017-07-13,194,20.7,21.95,21.65,20.55,20.85,18.3,19.15,24.15,20.9428571428571,25,25,112,112,TRUE
"2568","rifle",2017,2017-07-14,195,19.7,19.75,21.95,21.65,20.55,20.85,18.3,19.15,20.3142857142857,25,25,112,112,TRUE
"2569","rifle",2017,2017-07-15,196,20.4,17.2,19.75,21.95,21.65,20.55,20.85,18.3,20.0357142857143,25,25,112,112,TRUE
"2570","rifle",2017,2017-07-16,197,20.7,20.3,17.2,19.75,21.95,21.65,20.55,20.85,20.3214285714286,25,25,112,112,TRUE
"2571","rifle",2017,2017-07-17,198,20.3,19.45,20.3,17.2,19.75,21.95,21.65,20.55,20.1214285714286,25,25,112,112,TRUE
"2572","rifle",2017,2017-07-18,199,21,18.35,19.45,20.3,17.2,19.75,21.95,21.65,19.8071428571429,25,25,112,112,TRUE
"2573","rifle",2017,2017-07-19,200,22.8,21.1,18.35,19.45,20.3,17.2,19.75,21.95,19.7285714285714,25,25,112,112,TRUE
"2574","rifle",2017,2017-07-20,201,23.4,22.75,21.1,18.35,19.45,20.3,17.2,19.75,19.8428571428571,25,25,112,112,TRUE
"2575","rifle",2017,2017-07-21,202,23.4,23.1,22.75,21.1,18.35,19.45,20.3,17.2,20.3214285714286,25,25,112,112,TRUE
"2576","rifle",2017,2017-07-22,203,22.1,23.35,23.1,22.75,21.1,18.35,19.45,20.3,21.2,25,25,112,112,TRUE
"2577","rifle",2018,2018-04-02,92,3.5,-3.35,-2.5,1.65,1.95,3.9,3.05,0.85,0.792857142857143,23,23,112,112,TRUE
"2578","rifle",2018,2018-04-03,93,3.3,-1.1,-3.35,-2.5,1.65,1.95,3.9,3.05,0.514285714285714,23,23,112,112,TRUE
"2579","rifle",2018,2018-04-04,94,2.2,-0.55,-1.1,-3.35,-2.5,1.65,1.95,3.9,-6.34413156928661e-17,23,23,112,112,TRUE
"2580","rifle",2018,2018-04-05,95,2.3,-7.5,-0.55,-1.1,-3.35,-2.5,1.65,1.95,-1.62857142857143,23,23,112,112,TRUE
"2581","rifle",2018,2018-04-06,96,2.6,-5.3,-7.5,-0.55,-1.1,-3.35,-2.5,1.65,-2.66428571428571,23,23,112,112,TRUE
"2582","rifle",2018,2018-04-07,97,1.8,-4.45,-5.3,-7.5,-0.55,-1.1,-3.35,-2.5,-3.53571428571429,23,23,112,112,TRUE
"2583","rifle",2018,2018-04-08,98,1.8,-6.95,-4.45,-5.3,-7.5,-0.55,-1.1,-3.35,-4.17142857142857,23,23,112,112,TRUE
"2584","rifle",2018,2018-04-09,99,2.8,-2.25,-6.95,-4.45,-5.3,-7.5,-0.55,-1.1,-4.01428571428571,23,23,112,112,TRUE
"2585","rifle",2018,2018-04-10,100,4,-3.35,-2.25,-6.95,-4.45,-5.3,-7.5,-0.55,-4.33571428571429,23,23,112,112,TRUE
"2586","rifle",2018,2018-04-11,101,4.3,0.8,-3.35,-2.25,-6.95,-4.45,-5.3,-7.5,-4.14285714285714,23,23,112,112,TRUE
"2587","rifle",2018,2018-04-12,102,5.2,0.85,0.8,-3.35,-2.25,-6.95,-4.45,-5.3,-2.95,23,23,112,112,TRUE
"2588","rifle",2018,2018-04-13,103,4.3,7.2,0.85,0.8,-3.35,-2.25,-6.95,-4.45,-1.16428571428571,23,23,112,112,TRUE
"2589","rifle",2018,2018-04-14,104,1.4,0,7.2,0.85,0.8,-3.35,-2.25,-6.95,-0.528571428571429,23,23,112,112,TRUE
"2590","rifle",2018,2018-04-15,105,0.1,-3.6,0,7.2,0.85,0.8,-3.35,-2.25,-0.05,23,23,112,112,TRUE
"2591","rifle",2018,2018-04-16,106,0.9,-2.5,-3.6,0,7.2,0.85,0.8,-3.35,-0.0857142857142857,23,23,112,112,TRUE
"2592","rifle",2018,2018-04-17,107,1.5,-0.8,-2.5,-3.6,0,7.2,0.85,0.8,0.278571428571429,23,23,112,112,TRUE
"2593","rifle",2018,2018-04-18,108,2.7,-1.1,-0.8,-2.5,-3.6,0,7.2,0.85,0.00714285714285713,23,23,112,112,TRUE
"2594","rifle",2018,2018-04-19,109,3.7,1.65,-1.1,-0.8,-2.5,-3.6,0,7.2,0.121428571428571,23,23,112,112,TRUE
"2595","rifle",2018,2018-04-20,110,4.2,2.75,1.65,-1.1,-0.8,-2.5,-3.6,0,-0.514285714285714,23,23,112,112,TRUE
"2596","rifle",2018,2018-04-21,111,4.6,5.55,2.75,1.65,-1.1,-0.8,-2.5,-3.6,0.278571428571429,23,23,112,112,TRUE
"2597","rifle",2018,2018-04-22,112,5.2,6.4,5.55,2.75,1.65,-1.1,-0.8,-2.5,1.70714285714286,23,23,112,112,TRUE
"2598","rifle",2018,2018-04-23,113,6.5,6.65,6.4,5.55,2.75,1.65,-1.1,-0.8,3.01428571428571,23,23,112,112,TRUE
"2599","rifle",2018,2018-04-24,114,7.6,8.9,6.65,6.4,5.55,2.75,1.65,-1.1,4.4,23,23,112,112,TRUE
"2600","rifle",2018,2018-04-25,115,7.3,9.4,8.9,6.65,6.4,5.55,2.75,1.65,5.9,23,23,112,112,TRUE
"2601","rifle",2018,2018-04-26,116,7.1,3.3,9.4,8.9,6.65,6.4,5.55,2.75,6.13571428571429,23,23,112,112,TRUE
"2602","rifle",2018,2018-04-27,117,7.5,7.5,3.3,9.4,8.9,6.65,6.4,5.55,6.81428571428571,23,23,112,112,TRUE
"2603","rifle",2018,2018-04-28,118,7.5,3.9,7.5,3.3,9.4,8.9,6.65,6.4,6.57857142857143,23,23,112,112,TRUE
"2604","rifle",2018,2018-04-29,119,8.3,3.9,3.9,7.5,3.3,9.4,8.9,6.65,6.22142857142857,23,23,112,112,TRUE
"2605","rifle",2018,2018-04-30,120,9.5,6.65,3.9,3.9,7.5,3.3,9.4,8.9,6.22142857142857,23,23,112,112,TRUE
"2606","rifle",2018,2018-05-01,121,12.3,10,6.65,3.9,3.9,7.5,3.3,9.4,6.37857142857143,23,23,112,112,TRUE
"2607","rifle",2018,2018-05-02,122,14.6,18.05,10,6.65,3.9,3.9,7.5,3.3,7.61428571428571,23,23,112,112,TRUE
"2608","rifle",2018,2018-05-03,123,13.6,17.5,18.05,10,6.65,3.9,3.9,7.5,9.64285714285714,23,23,112,112,TRUE
"2609","rifle",2018,2018-05-04,124,12,11.65,17.5,18.05,10,6.65,3.9,3.9,10.2357142857143,23,23,112,112,TRUE
"2610","rifle",2018,2018-05-05,125,12.1,12.25,11.65,17.5,18.05,10,6.65,3.9,11.4285714285714,23,23,112,112,TRUE
"2611","rifle",2018,2018-05-06,126,11.7,14.45,12.25,11.65,17.5,18.05,10,6.65,12.9357142857143,23,23,112,112,TRUE
"2612","rifle",2018,2018-05-07,127,11.3,8.05,14.45,12.25,11.65,17.5,18.05,10,13.1357142857143,23,23,112,112,TRUE
"2613","rifle",2018,2018-05-08,128,13.4,11.15,8.05,14.45,12.25,11.65,17.5,18.05,13.3,23,23,112,112,TRUE
"2614","rifle",2018,2018-05-09,129,15.1,17.2,11.15,8.05,14.45,12.25,11.65,17.5,13.1785714285714,23,23,112,112,TRUE
"2615","rifle",2018,2018-05-10,130,15.2,18.9,17.2,11.15,8.05,14.45,12.25,11.65,13.3785714285714,23,23,112,112,TRUE
"2616","rifle",2018,2018-05-11,131,12.3,8.1,18.9,17.2,11.15,8.05,14.45,12.25,12.8714285714286,23,23,112,112,TRUE
"2617","rifle",2018,2018-05-12,132,11.4,6.1,8.1,18.9,17.2,11.15,8.05,14.45,11.9928571428571,23,23,112,112,TRUE
"2618","rifle",2018,2018-05-13,133,12.9,8.9,6.1,8.1,18.9,17.2,11.15,8.05,11.2,23,23,112,112,TRUE
"2619","rifle",2018,2018-05-14,134,14.9,15.3,8.9,6.1,8.1,18.9,17.2,11.15,12.2357142857143,23,23,112,112,TRUE
"2620","rifle",2018,2018-05-15,135,16.3,17.5,15.3,8.9,6.1,8.1,18.9,17.2,13.1428571428571,23,23,112,112,TRUE
"2621","rifle",2018,2018-05-16,136,16.1,12.25,17.5,15.3,8.9,6.1,8.1,18.9,12.4357142857143,23,23,112,112,TRUE
"2622","rifle",2018,2018-05-17,137,17.1,17.5,12.25,17.5,15.3,8.9,6.1,8.1,12.2357142857143,23,23,112,112,TRUE
"2623","rifle",2018,2018-05-18,138,16,13.6,17.5,12.25,17.5,15.3,8.9,6.1,13.0214285714286,23,23,112,112,TRUE
"2624","rifle",2018,2018-05-19,139,14.7,13.6,13.6,17.5,12.25,17.5,15.3,8.9,14.0928571428571,23,23,112,112,TRUE
"2625","rifle",2018,2018-05-20,140,13.8,13.05,13.6,13.6,17.5,12.25,17.5,15.3,14.6857142857143,23,23,112,112,TRUE
"2626","rifle",2018,2018-05-21,141,13.5,10.55,13.05,13.6,13.6,17.5,12.25,17.5,14.0071428571429,23,23,112,112,TRUE
"2627","rifle",2018,2018-05-22,142,13.8,11.1,10.55,13.05,13.6,13.6,17.5,12.25,13.0928571428571,23,23,112,112,TRUE
"2628","rifle",2018,2018-05-23,143,15.6,14.2,11.1,10.55,13.05,13.6,13.6,17.5,13.3714285714286,23,23,112,112,TRUE
"2629","rifle",2018,2018-05-24,144,17.8,19.45,14.2,11.1,10.55,13.05,13.6,13.6,13.65,23,23,112,112,TRUE
"2630","rifle",2018,2018-05-25,145,19.7,19.45,19.45,14.2,11.1,10.55,13.05,13.6,14.4857142857143,23,23,112,112,TRUE
"2631","rifle",2018,2018-05-26,146,21.1,23.9,19.45,19.45,14.2,11.1,10.55,13.05,15.9571428571429,23,23,112,112,TRUE
"2632","rifle",2018,2018-05-27,147,21.2,22.25,23.9,19.45,19.45,14.2,11.1,10.55,17.2714285714286,23,23,112,112,TRUE
"2633","rifle",2018,2018-05-28,148,21.7,23.35,22.25,23.9,19.45,19.45,14.2,11.1,19.1,23,23,112,112,TRUE
"2634","rifle",2018,2018-05-29,149,22.3,23.9,23.35,22.25,23.9,19.45,19.45,14.2,20.9285714285714,23,23,112,112,TRUE
"2635","rifle",2018,2018-05-30,150,22,21.65,23.9,23.35,22.25,23.9,19.45,19.45,21.9928571428571,23,23,112,112,TRUE
"2636","rifle",2018,2018-05-31,151,22.4,23.9,21.65,23.9,23.35,22.25,23.9,19.45,22.6285714285714,23,23,112,112,TRUE
"2637","rifle",2018,2018-06-01,152,21.4,22.5,23.9,21.65,23.9,23.35,22.25,23.9,23.0642857142857,23,23,112,112,TRUE
"2638","rifle",2018,2018-06-02,153,19.5,16.65,22.5,23.9,21.65,23.9,23.35,22.25,22.0285714285714,23,23,112,112,TRUE
"2639","rifle",2018,2018-06-03,154,18.1,13.6,16.65,22.5,23.9,21.65,23.9,23.35,20.7928571428571,23,23,112,112,TRUE
"2640","rifle",2018,2018-06-04,155,18,16.1,13.6,16.65,22.5,23.9,21.65,23.9,19.7571428571429,23,23,112,112,TRUE
"2641","rifle",2018,2018-06-05,156,17.5,15,16.1,13.6,16.65,22.5,23.9,21.65,18.4857142857143,23,23,112,112,TRUE
"2642","rifle",2018,2018-06-06,157,16.9,10.55,15,16.1,13.6,16.65,22.5,23.9,16.9,23,23,112,112,TRUE
"2643","rifle",2018,2018-06-07,158,18.1,14.7,10.55,15,16.1,13.6,16.65,22.5,15.5857142857143,23,23,112,112,TRUE
"2644","rifle",2018,2018-06-08,159,19,18.05,14.7,10.55,15,16.1,13.6,16.65,14.95,23,23,112,112,TRUE
"2645","rifle",2018,2018-06-09,160,17.9,18.3,18.05,14.7,10.55,15,16.1,13.6,15.1857142857143,23,23,112,112,TRUE
"2646","rifle",2018,2018-06-10,161,17.7,17.5,18.3,18.05,14.7,10.55,15,16.1,15.7428571428571,23,23,112,112,TRUE
"2647","rifle",2018,2018-06-11,162,18.5,16.65,17.5,18.3,18.05,14.7,10.55,15,15.8214285714286,23,23,112,112,TRUE
"2648","rifle",2018,2018-06-12,163,19.5,15.55,16.65,17.5,18.3,18.05,14.7,10.55,15.9,23,23,112,112,TRUE
"2649","rifle",2018,2018-06-13,164,20.8,18.6,15.55,16.65,17.5,18.3,18.05,14.7,17.05,23,23,112,112,TRUE
"2650","rifle",2018,2018-06-14,165,20.5,17.8,18.6,15.55,16.65,17.5,18.3,18.05,17.4928571428571,23,23,112,112,TRUE
"2651","rifle",2018,2018-06-15,166,19.7,18.6,17.8,18.6,15.55,16.65,17.5,18.3,17.5714285714286,23,23,112,112,TRUE
"2652","rifle",2018,2018-06-16,167,19.8,20.55,18.6,17.8,18.6,15.55,16.65,17.5,17.8928571428571,23,23,112,112,TRUE
"2653","rifle",2018,2018-06-17,168,21.4,21.4,20.55,18.6,17.8,18.6,15.55,16.65,18.45,23,23,112,112,TRUE
"2654","rifle",2018,2018-06-18,169,22.5,28.05,21.4,20.55,18.6,17.8,18.6,15.55,20.0785714285714,23,23,112,112,TRUE
"2655","rifle",2018,2018-06-19,170,20.7,20.3,28.05,21.4,20.55,18.6,17.8,18.6,20.7571428571429,23,23,112,112,TRUE
"2656","rifle",2018,2018-06-20,171,20.5,17.75,20.3,28.05,21.4,20.55,18.6,17.8,20.6357142857143,23,23,112,112,TRUE
"2657","rifle",2018,2018-06-21,172,20.4,18.05,17.75,20.3,28.05,21.4,20.55,18.6,20.6714285714286,23,23,112,112,TRUE
"2658","rifle",2018,2018-06-22,173,19,16.1,18.05,17.75,20.3,28.05,21.4,20.55,20.3142857142857,23,23,112,112,TRUE
"2659","rifle",2018,2018-06-23,174,18.2,18.6,16.1,18.05,17.75,20.3,28.05,21.4,20.0357142857143,23,23,112,112,TRUE
"2660","rifle",2018,2018-06-24,175,18.2,18.6,18.6,16.1,18.05,17.75,20.3,28.05,19.6357142857143,23,23,112,112,TRUE
"2661","rifle",2018,2018-06-25,176,18.7,16.65,18.6,18.6,16.1,18.05,17.75,20.3,18.0071428571429,23,23,112,112,TRUE
"2662","rifle",2018,2018-06-26,177,18.8,13.6,16.65,18.6,18.6,16.1,18.05,17.75,17.05,23,23,112,112,TRUE
"2663","rifle",2018,2018-06-27,178,18.7,16.4,13.6,16.65,18.6,18.6,16.1,18.05,16.8571428571429,23,23,112,112,TRUE
"2664","rifle",2018,2018-06-28,179,20,18.3,16.4,13.6,16.65,18.6,18.6,16.1,16.8928571428571,23,23,112,112,TRUE
"2665","rifle",2018,2018-06-29,180,22,21.95,18.3,16.4,13.6,16.65,18.6,18.6,17.7285714285714,23,23,112,112,TRUE
"2666","rifle",2018,2018-06-30,181,25.2,24.7,21.95,18.3,16.4,13.6,16.65,18.6,18.6,23,23,112,112,TRUE
"2667","rifle",2018,2018-07-01,182,26.8,28.9,24.7,21.95,18.3,16.4,13.6,16.65,20.0714285714286,23,23,112,112,TRUE
"2668","rifle",2018,2018-07-02,183,26.3,26.4,28.9,24.7,21.95,18.3,16.4,13.6,21.4642857142857,23,23,112,112,TRUE
"2669","rifle",2018,2018-07-03,184,25.3,21.9,26.4,28.9,24.7,21.95,18.3,16.4,22.65,23,23,112,112,TRUE
"2670","rifle",2018,2018-07-04,185,25.6,23.3,21.9,26.4,28.9,24.7,21.95,18.3,23.6357142857143,23,23,112,112,TRUE
"2671","rifle",2018,2018-07-05,186,26.1,24.7,23.3,21.9,26.4,28.9,24.7,21.95,24.55,23,23,112,112,TRUE
"2672","rifle",2018,2018-07-06,187,23.8,22.75,24.7,23.3,21.9,26.4,28.9,24.7,24.6642857142857,23,23,112,112,TRUE
"2673","rifle",2018,2018-07-07,188,22.2,17.5,22.75,24.7,23.3,21.9,26.4,28.9,23.6357142857143,23,23,112,112,TRUE
"2674","rifle",2018,2018-07-08,189,22.3,18.9,17.5,22.75,24.7,23.3,21.9,26.4,22.2071428571429,23,23,112,112,TRUE
"2675","rifle",2018,2018-07-09,190,23.2,21.4,18.9,17.5,22.75,24.7,23.3,21.9,21.4928571428571,23,23,112,112,TRUE
"2676","rifle",2018,2018-07-10,191,23.9,23.05,21.4,18.9,17.5,22.75,24.7,23.3,21.6571428571429,23,23,112,112,TRUE
"2677","rifle",2018,2018-07-11,192,22.7,19.7,23.05,21.4,18.9,17.5,22.75,24.7,21.1428571428571,23,23,112,112,TRUE
"2678","rifle",2018,2018-07-12,193,21.4,19.2,19.7,23.05,21.4,18.9,17.5,22.75,20.3571428571429,23,23,112,112,TRUE
"2679","rifle",2018,2018-07-13,194,22.3,18.9,19.2,19.7,23.05,21.4,18.9,17.5,19.8071428571429,23,23,112,112,TRUE
"2680","rifle",2018,2018-07-14,195,22.1,25.25,18.9,19.2,19.7,23.05,21.4,18.9,20.9142857142857,23,23,112,112,TRUE
"2681","rifle",2018,2018-07-15,196,22.9,23.6,25.25,18.9,19.2,19.7,23.05,21.4,21.5857142857143,23,23,112,112,TRUE
"2682","rifle",2018,2018-07-16,197,22.7,25,23.6,25.25,18.9,19.2,19.7,23.05,22.1,23,23,112,112,TRUE
"2683","rifle",2018,2018-07-17,198,21.7,21.4,25,23.6,25.25,18.9,19.2,19.7,21.8642857142857,23,23,112,112,TRUE
"2684","rifle",2018,2018-07-18,199,20.9,17.5,21.4,25,23.6,25.25,18.9,19.2,21.55,23,23,112,112,TRUE
"2685","rifle",2018,2018-07-19,200,21.4,17.5,17.5,21.4,25,23.6,25.25,18.9,21.3071428571429,23,23,112,112,TRUE
"2686","rifle",2018,2018-07-20,201,21.4,19.45,17.5,17.5,21.4,25,23.6,25.25,21.3857142857143,23,23,112,112,TRUE
"2687","rifle",2018,2018-07-21,202,21.1,22.5,19.45,17.5,17.5,21.4,25,23.6,20.9928571428571,23,23,112,112,TRUE
"2688","rifle",2018,2018-07-22,203,20,20.8,22.5,19.45,17.5,17.5,21.4,25,20.5928571428571,23,23,112,112,TRUE
"2689","rifle",2019,2019-04-02,92,3.9,-1.95,-2.5,-2.75,3.05,4.7,1.95,-0.85,0.235714285714286,21,21,112,112,TRUE
"2690","rifle",2019,2019-04-03,93,4.3,4.15,-1.95,-2.5,-2.75,3.05,4.7,1.95,0.95,21,21,112,112,TRUE
"2691","rifle",2019,2019-04-04,94,4.2,1.95,4.15,-1.95,-2.5,-2.75,3.05,4.7,0.95,21,21,112,112,TRUE
"2692","rifle",2019,2019-04-05,95,4,0.55,1.95,4.15,-1.95,-2.5,-2.75,3.05,0.357142857142857,21,21,112,112,TRUE
"2693","rifle",2019,2019-04-06,96,4.8,2.25,0.55,1.95,4.15,-1.95,-2.5,-2.75,0.242857142857143,21,21,112,112,TRUE
"2694","rifle",2019,2019-04-07,97,6.4,6.65,2.25,0.55,1.95,4.15,-1.95,-2.5,1.58571428571429,21,21,112,112,TRUE
"2695","rifle",2019,2019-04-08,98,7.7,11.9,6.65,2.25,0.55,1.95,4.15,-1.95,3.64285714285714,21,21,112,112,TRUE
"2696","rifle",2019,2019-04-09,99,7.8,11.4,11.9,6.65,2.25,0.55,1.95,4.15,5.55,21,21,112,112,TRUE
"2697","rifle",2019,2019-04-10,100,6.2,5.3,11.4,11.9,6.65,2.25,0.55,1.95,5.71428571428571,21,21,112,112,TRUE
"2698","rifle",2019,2019-04-11,101,4.6,2.75,5.3,11.4,11.9,6.65,2.25,0.55,5.82857142857143,21,21,112,112,TRUE
"2699","rifle",2019,2019-04-12,102,4.4,-0.85,2.75,5.3,11.4,11.9,6.65,2.25,5.62857142857143,21,21,112,112,TRUE
"2700","rifle",2019,2019-04-13,103,5.9,6.7,-0.85,2.75,5.3,11.4,11.9,6.65,6.26428571428571,21,21,112,112,TRUE
"2701","rifle",2019,2019-04-14,104,4.6,5.55,6.7,-0.85,2.75,5.3,11.4,11.9,6.10714285714286,21,21,112,112,TRUE
"2702","rifle",2019,2019-04-15,105,4.2,-0.3,5.55,6.7,-0.85,2.75,5.3,11.4,4.36428571428571,21,21,112,112,TRUE
"2703","rifle",2019,2019-04-16,106,5.1,4.15,-0.3,5.55,6.7,-0.85,2.75,5.3,3.32857142857143,21,21,112,112,TRUE
"2704","rifle",2019,2019-04-17,107,5.9,3.35,4.15,-0.3,5.55,6.7,-0.85,2.75,3.05,21,21,112,112,TRUE
"2705","rifle",2019,2019-04-18,108,7.1,7.8,3.35,4.15,-0.3,5.55,6.7,-0.85,3.77142857142857,21,21,112,112,TRUE
"2706","rifle",2019,2019-04-19,109,6.6,8.35,7.8,3.35,4.15,-0.3,5.55,6.7,5.08571428571429,21,21,112,112,TRUE
"2707","rifle",2019,2019-04-20,110,6.6,4.45,8.35,7.8,3.35,4.15,-0.3,5.55,4.76428571428571,21,21,112,112,TRUE
"2708","rifle",2019,2019-04-21,111,8.5,8.05,4.45,8.35,7.8,3.35,4.15,-0.3,5.12142857142857,21,21,112,112,TRUE
"2709","rifle",2019,2019-04-22,112,10.8,13.65,8.05,4.45,8.35,7.8,3.35,4.15,7.11428571428571,21,21,112,112,TRUE
"2710","rifle",2019,2019-04-23,113,12,15.85,13.65,8.05,4.45,8.35,7.8,3.35,8.78571428571429,21,21,112,112,TRUE
"2711","rifle",2019,2019-04-24,114,10.4,5.55,15.85,13.65,8.05,4.45,8.35,7.8,9.1,21,21,112,112,TRUE
"2712","rifle",2019,2019-04-25,115,11.4,8.6,5.55,15.85,13.65,8.05,4.45,8.35,9.21428571428571,21,21,112,112,TRUE
"2713","rifle",2019,2019-04-26,116,12,10.25,8.6,5.55,15.85,13.65,8.05,4.45,9.48571428571429,21,21,112,112,TRUE
"2714","rifle",2019,2019-04-27,117,9.5,7.5,10.25,8.6,5.55,15.85,13.65,8.05,9.92142857142857,21,21,112,112,TRUE
"2715","rifle",2019,2019-04-28,118,9.3,6.95,7.5,10.25,8.6,5.55,15.85,13.65,9.76428571428571,21,21,112,112,TRUE
"2716","rifle",2019,2019-04-29,119,8,5.25,6.95,7.5,10.25,8.6,5.55,15.85,8.56428571428571,21,21,112,112,TRUE
"2717","rifle",2019,2019-04-30,120,7.3,3.9,5.25,6.95,7.5,10.25,8.6,5.55,6.85714285714286,21,21,112,112,TRUE
"2718","rifle",2019,2019-05-01,121,6.9,5,3.9,5.25,6.95,7.5,10.25,8.6,6.77857142857143,21,21,112,112,TRUE
"2719","rifle",2019,2019-05-02,122,6.7,4.75,5,3.9,5.25,6.95,7.5,10.25,6.22857142857143,21,21,112,112,TRUE
"2720","rifle",2019,2019-05-03,123,8.1,4.45,4.75,5,3.9,5.25,6.95,7.5,5.4,21,21,112,112,TRUE
"2721","rifle",2019,2019-05-04,124,10.6,7.25,4.45,4.75,5,3.9,5.25,6.95,5.36428571428571,21,21,112,112,TRUE
"2722","rifle",2019,2019-05-05,125,11.9,10,7.25,4.45,4.75,5,3.9,5.25,5.8,21,21,112,112,TRUE
"2723","rifle",2019,2019-05-06,126,12.2,15.55,10,7.25,4.45,4.75,5,3.9,7.27142857142857,21,21,112,112,TRUE
"2724","rifle",2019,2019-05-07,127,11.5,7.75,15.55,10,7.25,4.45,4.75,5,7.82142857142857,21,21,112,112,TRUE
"2725","rifle",2019,2019-05-08,128,10.8,6.65,7.75,15.55,10,7.25,4.45,4.75,8.05714285714286,21,21,112,112,TRUE
"2726","rifle",2019,2019-05-09,129,10.4,6.1,6.65,7.75,15.55,10,7.25,4.45,8.25,21,21,112,112,TRUE
"2727","rifle",2019,2019-05-10,130,11.3,11.35,6.1,6.65,7.75,15.55,10,7.25,9.23571428571429,21,21,112,112,TRUE
"2728","rifle",2019,2019-05-11,131,10.6,5,11.35,6.1,6.65,7.75,15.55,10,8.91428571428571,21,21,112,112,TRUE
"2729","rifle",2019,2019-05-12,132,9.8,7.75,5,11.35,6.1,6.65,7.75,15.55,8.59285714285714,21,21,112,112,TRUE
"2730","rifle",2019,2019-05-13,133,10.6,8.05,7.75,5,11.35,6.1,6.65,7.75,7.52142857142857,21,21,112,112,TRUE
"2731","rifle",2019,2019-05-14,134,11.5,7.25,8.05,7.75,5,11.35,6.1,6.65,7.45,21,21,112,112,TRUE
"2732","rifle",2019,2019-05-15,135,12.7,10.85,7.25,8.05,7.75,5,11.35,6.1,8.05,21,21,112,112,TRUE
"2733","rifle",2019,2019-05-16,136,13,13.05,10.85,7.25,8.05,7.75,5,11.35,9.04285714285714,21,21,112,112,TRUE
"2734","rifle",2019,2019-05-17,137,14.6,11.4,13.05,10.85,7.25,8.05,7.75,5,9.05,21,21,112,112,TRUE
"2735","rifle",2019,2019-05-18,138,13.3,12.5,11.4,13.05,10.85,7.25,8.05,7.75,10.1214285714286,21,21,112,112,TRUE
"2736","rifle",2019,2019-05-19,139,11.9,8.9,12.5,11.4,13.05,10.85,7.25,8.05,10.2857142857143,21,21,112,112,TRUE
"2737","rifle",2019,2019-05-20,140,11.2,10.25,8.9,12.5,11.4,13.05,10.85,7.25,10.6,21,21,112,112,TRUE
"2738","rifle",2019,2019-05-21,141,11.6,7.25,10.25,8.9,12.5,11.4,13.05,10.85,10.6,21,21,112,112,TRUE
"2739","rifle",2019,2019-05-22,142,12.7,10.8,7.25,10.25,8.9,12.5,11.4,13.05,10.5928571428571,21,21,112,112,TRUE
"2740","rifle",2019,2019-05-23,143,15.1,13.6,10.8,7.25,10.25,8.9,12.5,11.4,10.6714285714286,21,21,112,112,TRUE
"2741","rifle",2019,2019-05-24,144,15.1,15.55,13.6,10.8,7.25,10.25,8.9,12.5,11.2642857142857,21,21,112,112,TRUE
"2742","rifle",2019,2019-05-25,145,15.2,13.35,15.55,13.6,10.8,7.25,10.25,8.9,11.3857142857143,21,21,112,112,TRUE
"2743","rifle",2019,2019-05-26,146,16.4,18.05,13.35,15.55,13.6,10.8,7.25,10.25,12.6928571428571,21,21,112,112,TRUE
"2744","rifle",2019,2019-05-27,147,16,15,18.05,13.35,15.55,13.6,10.8,7.25,13.3714285714286,21,21,112,112,TRUE
"2745","rifle",2019,2019-05-28,148,14,13.05,15,18.05,13.35,15.55,13.6,10.8,14.2,21,21,112,112,TRUE
"2746","rifle",2019,2019-05-29,149,14.6,12.5,13.05,15,18.05,13.35,15.55,13.6,14.4428571428571,21,21,112,112,TRUE
"2747","rifle",2019,2019-05-30,150,16.2,16.9,12.5,13.05,15,18.05,13.35,15.55,14.9142857142857,21,21,112,112,TRUE
"2748","rifle",2019,2019-05-31,151,16.3,14.15,16.9,12.5,13.05,15,18.05,13.35,14.7142857142857,21,21,112,112,TRUE
"2749","rifle",2019,2019-06-01,152,16.3,16.95,14.15,16.9,12.5,13.05,15,18.05,15.2285714285714,21,21,112,112,TRUE
"2750","rifle",2019,2019-06-02,153,16,13.05,16.95,14.15,16.9,12.5,13.05,15,14.5142857142857,21,21,112,112,TRUE
"2751","rifle",2019,2019-06-03,154,15.4,10.25,13.05,16.95,14.15,16.9,12.5,13.05,13.8357142857143,21,21,112,112,TRUE
"2752","rifle",2019,2019-06-04,155,16.3,10.85,10.25,13.05,16.95,14.15,16.9,12.5,13.5214285714286,21,21,112,112,TRUE
"2753","rifle",2019,2019-06-05,156,17.3,14.75,10.85,10.25,13.05,16.95,14.15,16.9,13.8428571428571,21,21,112,112,TRUE
"2754","rifle",2019,2019-06-06,157,17.5,17.25,14.75,10.85,10.25,13.05,16.95,14.15,13.8928571428571,21,21,112,112,TRUE
"2755","rifle",2019,2019-06-07,158,18.6,16.95,17.25,14.75,10.85,10.25,13.05,16.95,14.2928571428571,21,21,112,112,TRUE
"2756","rifle",2019,2019-06-08,159,18.9,16.95,16.95,17.25,14.75,10.85,10.25,13.05,14.2928571428571,21,21,112,112,TRUE
"2757","rifle",2019,2019-06-09,160,18.2,16.4,16.95,16.95,17.25,14.75,10.85,10.25,14.7714285714286,21,21,112,112,TRUE
"2758","rifle",2019,2019-06-10,161,17,16.95,16.4,16.95,16.95,17.25,14.75,10.85,15.7285714285714,21,21,112,112,TRUE
"2759","rifle",2019,2019-06-11,162,16.5,11.7,16.95,16.4,16.95,16.95,17.25,14.75,15.85,21,21,112,112,TRUE
"2760","rifle",2019,2019-06-12,163,17.3,18.3,11.7,16.95,16.4,16.95,16.95,17.25,16.3571428571429,21,21,112,112,TRUE
"2761","rifle",2019,2019-06-13,164,16.1,17.25,18.3,11.7,16.95,16.4,16.95,16.95,16.3571428571429,21,21,112,112,TRUE
"2762","rifle",2019,2019-06-14,165,14.6,9.7,17.25,18.3,11.7,16.95,16.4,16.95,15.3214285714286,21,21,112,112,TRUE
"2763","rifle",2019,2019-06-15,166,14.4,16.95,9.7,17.25,18.3,11.7,16.95,16.4,15.3214285714286,21,21,112,112,TRUE
"2764","rifle",2019,2019-06-16,167,14.5,11.65,16.95,9.7,17.25,18.3,11.7,16.95,14.6428571428571,21,21,112,112,TRUE
"2765","rifle",2019,2019-06-17,168,16.1,14.15,11.65,16.95,9.7,17.25,18.3,11.7,14.2428571428571,21,21,112,112,TRUE
"2766","rifle",2019,2019-06-18,169,17.5,16.65,14.15,11.65,16.95,9.7,17.25,18.3,14.95,21,21,112,112,TRUE
"2767","rifle",2019,2019-06-19,170,17.7,18.35,16.65,14.15,11.65,16.95,9.7,17.25,14.9571428571429,21,21,112,112,TRUE
"2768","rifle",2019,2019-06-20,171,16.9,16.95,18.35,16.65,14.15,11.65,16.95,9.7,14.9142857142857,21,21,112,112,TRUE
"2769","rifle",2019,2019-06-21,172,17,14.7,16.95,18.35,16.65,14.15,11.65,16.95,15.6285714285714,21,21,112,112,TRUE
"2770","rifle",2019,2019-06-22,173,17.9,15.8,14.7,16.95,18.35,16.65,14.15,11.65,15.4642857142857,21,21,112,112,TRUE
"2771","rifle",2019,2019-06-23,174,18.4,15.3,15.8,14.7,16.95,18.35,16.65,14.15,15.9857142857143,21,21,112,112,TRUE
"2772","rifle",2019,2019-06-24,175,18.3,20,15.3,15.8,14.7,16.95,18.35,16.65,16.8214285714286,21,21,112,112,TRUE
"2773","rifle",2019,2019-06-25,176,18.3,18.6,20,15.3,15.8,14.7,16.95,18.35,17.1,21,21,112,112,TRUE
"2774","rifle",2019,2019-06-26,177,20,22.25,18.6,20,15.3,15.8,14.7,16.95,17.6571428571429,21,21,112,112,TRUE
"2775","rifle",2019,2019-06-27,178,21,23.3,22.25,18.6,20,15.3,15.8,14.7,18.5642857142857,21,21,112,112,TRUE
"2776","rifle",2019,2019-06-28,179,20.9,23.65,23.3,22.25,18.6,20,15.3,15.8,19.8428571428571,21,21,112,112,TRUE
"2777","rifle",2019,2019-06-29,180,21.1,20.3,23.65,23.3,22.25,18.6,20,15.3,20.4857142857143,21,21,112,112,TRUE
"2778","rifle",2019,2019-06-30,181,21.5,20.8,20.3,23.65,23.3,22.25,18.6,20,21.2714285714286,21,21,112,112,TRUE
"2779","rifle",2019,2019-07-01,182,21.3,20.8,20.8,20.3,23.65,23.3,22.25,18.6,21.3857142857143,21,21,112,112,TRUE
"2780","rifle",2019,2019-07-02,183,21.6,23.3,20.8,20.8,20.3,23.65,23.3,22.25,22.0571428571429,21,21,112,112,TRUE
"2781","rifle",2019,2019-07-03,184,22.5,21.7,23.3,20.8,20.8,20.3,23.65,23.3,21.9785714285714,21,21,112,112,TRUE
"2782","rifle",2019,2019-07-04,185,22.6,21.35,21.7,23.3,20.8,20.8,20.3,23.65,21.7,21,21,112,112,TRUE
"2783","rifle",2019,2019-07-05,186,23.3,24.45,21.35,21.7,23.3,20.8,20.8,20.3,21.8142857142857,21,21,112,112,TRUE
"2784","rifle",2019,2019-07-06,187,22.6,23.9,24.45,21.35,21.7,23.3,20.8,20.8,22.3285714285714,21,21,112,112,TRUE
"2785","rifle",2019,2019-07-07,188,21.1,22.8,23.9,24.45,21.35,21.7,23.3,20.8,22.6142857142857,21,21,112,112,TRUE
"2786","rifle",2019,2019-07-08,189,20.1,16.4,22.8,23.9,24.45,21.35,21.7,23.3,21.9857142857143,21,21,112,112,TRUE
"2787","rifle",2019,2019-07-09,190,20,16.9,16.4,22.8,23.9,24.45,21.35,21.7,21.0714285714286,21,21,112,112,TRUE
"2788","rifle",2019,2019-07-10,191,21,18.9,16.9,16.4,22.8,23.9,24.45,21.35,20.6714285714286,21,21,112,112,TRUE
"2789","rifle",2019,2019-07-11,192,21.6,22.8,18.9,16.9,16.4,22.8,23.9,24.45,20.8785714285714,21,21,112,112,TRUE
"2790","rifle",2019,2019-07-12,193,21.1,17.25,22.8,18.9,16.9,16.4,22.8,23.9,19.85,21,21,112,112,TRUE
"2791","rifle",2019,2019-07-13,194,22.2,20.85,17.25,22.8,18.9,16.9,16.4,22.8,19.4142857142857,21,21,112,112,TRUE
"2792","rifle",2019,2019-07-14,195,21.9,20.85,20.85,17.25,22.8,18.9,16.9,16.4,19.1357142857143,21,21,112,112,TRUE
"2793","rifle",2019,2019-07-15,196,21.1,20.25,20.85,20.85,17.25,22.8,18.9,16.9,19.6857142857143,21,21,112,112,TRUE
"2794","rifle",2019,2019-07-16,197,21.8,23.6,20.25,20.85,20.85,17.25,22.8,18.9,20.6428571428571,21,21,112,112,TRUE
"2795","rifle",2019,2019-07-17,198,23.2,24.45,23.6,20.25,20.85,20.85,17.25,22.8,21.4357142857143,21,21,112,112,TRUE
"2796","rifle",2019,2019-07-18,199,22.8,22.5,24.45,23.6,20.25,20.85,20.85,17.25,21.3928571428571,21,21,112,112,TRUE
"2797","rifle",2019,2019-07-19,200,23.9,23.05,22.5,24.45,23.6,20.25,20.85,20.85,22.2214285714286,21,21,112,112,TRUE
"2798","rifle",2019,2019-07-20,201,22.7,24.7,23.05,22.5,24.45,23.6,20.25,20.85,22.7714285714286,21,21,112,112,TRUE
"2799","rifle",2019,2019-07-21,202,21.6,20.85,24.7,23.05,22.5,24.45,23.6,20.25,22.7714285714286,21,21,112,112,TRUE
"2800","rifle",2019,2019-07-22,203,21.4,20.85,20.85,24.7,23.05,22.5,24.45,23.6,22.8571428571429,21,21,112,112,TRUE
"2801","saginaw",2012,2012-04-01,92,7.3,7.5,3.65,0,1.9,9.75,5,1.4,4.17142857142857,27,27,112,112,TRUE
"2802","saginaw",2012,2012-04-02,93,8.3,6.15,7.5,3.65,0,1.9,9.75,5,4.85,27,27,112,112,TRUE
"2803","saginaw",2012,2012-04-03,94,9.7,9.7,6.15,7.5,3.65,0,1.9,9.75,5.52142857142857,27,27,112,112,TRUE
"2804","saginaw",2012,2012-04-04,95,10.6,8.65,9.7,6.15,7.5,3.65,0,1.9,5.36428571428571,27,27,112,112,TRUE
"2805","saginaw",2012,2012-04-05,96,10.7,3.6,8.65,9.7,6.15,7.5,3.65,0,5.60714285714286,27,27,112,112,TRUE
"2806","saginaw",2012,2012-04-06,97,10.5,5.8,3.6,8.65,9.7,6.15,7.5,3.65,6.43571428571429,27,27,112,112,TRUE
"2807","saginaw",2012,2012-04-07,98,11.2,9.2,5.8,3.6,8.65,9.7,6.15,7.5,7.22857142857143,27,27,112,112,TRUE
"2808","saginaw",2012,2012-04-08,99,12.4,10.6,9.2,5.8,3.6,8.65,9.7,6.15,7.67142857142857,27,27,112,112,TRUE
"2809","saginaw",2012,2012-04-09,100,12.3,8.35,10.6,9.2,5.8,3.6,8.65,9.7,7.98571428571429,27,27,112,112,TRUE
"2810","saginaw",2012,2012-04-10,101,11.3,5.3,8.35,10.6,9.2,5.8,3.6,8.65,7.35714285714286,27,27,112,112,TRUE
"2811","saginaw",2012,2012-04-11,102,10.3,7.75,5.3,8.35,10.6,9.2,5.8,3.6,7.22857142857143,27,27,112,112,TRUE
"2812","saginaw",2012,2012-04-12,103,10.9,6.35,7.75,5.3,8.35,10.6,9.2,5.8,7.62142857142857,27,27,112,112,TRUE
"2813","saginaw",2012,2012-04-13,104,12.1,8.9,6.35,7.75,5.3,8.35,10.6,9.2,8.06428571428571,27,27,112,112,TRUE
"2814","saginaw",2012,2012-04-14,105,13.4,15.3,8.9,6.35,7.75,5.3,8.35,10.6,8.93571428571429,27,27,112,112,TRUE
"2815","saginaw",2012,2012-04-15,106,15.1,18.35,15.3,8.9,6.35,7.75,5.3,8.35,10.0428571428571,27,27,112,112,TRUE
"2816","saginaw",2012,2012-04-16,107,16.1,12.5,18.35,15.3,8.9,6.35,7.75,5.3,10.6357142857143,27,27,112,112,TRUE
"2817","saginaw",2012,2012-04-17,108,14.1,6.65,12.5,18.35,15.3,8.9,6.35,7.75,10.8285714285714,27,27,112,112,TRUE
"2818","saginaw",2012,2012-04-18,109,13.7,8.6,6.65,12.5,18.35,15.3,8.9,6.35,10.95,27,27,112,112,TRUE
"2819","saginaw",2012,2012-04-19,110,14.1,11.1,8.6,6.65,12.5,18.35,15.3,8.9,11.6285714285714,27,27,112,112,TRUE
"2820","saginaw",2012,2012-04-20,111,13.5,5.8,11.1,8.6,6.65,12.5,18.35,15.3,11.1857142857143,27,27,112,112,TRUE
"2821","saginaw",2012,2012-04-21,112,11.7,4.75,5.8,11.1,8.6,6.65,12.5,18.35,9.67857142857143,27,27,112,112,TRUE
"2822","saginaw",2012,2012-04-22,113,11.2,5.3,4.75,5.8,11.1,8.6,6.65,12.5,7.81428571428571,27,27,112,112,TRUE
"2823","saginaw",2012,2012-04-23,114,11.2,8.6,5.3,4.75,5.8,11.1,8.6,6.65,7.25714285714286,27,27,112,112,TRUE
"2824","saginaw",2012,2012-04-24,115,11.3,10,8.6,5.3,4.75,5.8,11.1,8.6,7.73571428571429,27,27,112,112,TRUE
"2825","saginaw",2012,2012-04-25,116,12.1,9.2,10,8.6,5.3,4.75,5.8,11.1,7.82142857142857,27,27,112,112,TRUE
"2826","saginaw",2012,2012-04-26,117,12.4,7.5,9.2,10,8.6,5.3,4.75,5.8,7.30714285714286,27,27,112,112,TRUE
"2827","saginaw",2012,2012-04-27,118,11.6,5.85,7.5,9.2,10,8.6,5.3,4.75,7.31428571428571,27,27,112,112,TRUE
"2828","saginaw",2012,2012-04-28,119,11.6,5.55,5.85,7.5,9.2,10,8.6,5.3,7.42857142857143,27,27,112,112,TRUE
"2829","saginaw",2012,2012-04-29,120,11.1,6.95,5.55,5.85,7.5,9.2,10,8.6,7.66428571428571,27,27,112,112,TRUE
"2830","saginaw",2012,2012-04-30,121,11.8,8.65,6.95,5.55,5.85,7.5,9.2,10,7.67142857142857,27,27,112,112,TRUE
"2831","saginaw",2012,2012-05-01,122,11.8,10.55,8.65,6.95,5.55,5.85,7.5,9.2,7.75,27,27,112,112,TRUE
"2832","saginaw",2012,2012-05-02,123,12.5,16.95,10.55,8.65,6.95,5.55,5.85,7.5,8.85714285714286,27,27,112,112,TRUE
"2833","saginaw",2012,2012-05-03,124,15.4,21.65,16.95,10.55,8.65,6.95,5.55,5.85,10.8785714285714,27,27,112,112,TRUE
"2834","saginaw",2012,2012-05-04,125,16.7,14.15,21.65,16.95,10.55,8.65,6.95,5.55,12.0642857142857,27,27,112,112,TRUE
"2835","saginaw",2012,2012-05-05,126,14.9,10.55,14.15,21.65,16.95,10.55,8.65,6.95,12.7785714285714,27,27,112,112,TRUE
"2836","saginaw",2012,2012-05-06,127,14.9,13.05,10.55,14.15,21.65,16.95,10.55,8.65,13.65,27,27,112,112,TRUE
"2837","saginaw",2012,2012-05-07,128,14.5,13.05,13.05,10.55,14.15,21.65,16.95,10.55,14.2785714285714,27,27,112,112,TRUE
"2838","saginaw",2012,2012-05-08,129,15,15.3,13.05,13.05,10.55,14.15,21.65,16.95,14.9571428571429,27,27,112,112,TRUE
"2839","saginaw",2012,2012-05-09,130,15.8,13.05,15.3,13.05,13.05,10.55,14.15,21.65,14.4,27,27,112,112,TRUE
"2840","saginaw",2012,2012-05-10,131,15.7,11.4,13.05,15.3,13.05,13.05,10.55,14.15,12.9357142857143,27,27,112,112,TRUE
"2841","saginaw",2012,2012-05-11,132,16.4,15,11.4,13.05,15.3,13.05,13.05,10.55,13.0571428571429,27,27,112,112,TRUE
"2842","saginaw",2012,2012-05-12,133,17,17.25,15,11.4,13.05,15.3,13.05,13.05,14.0142857142857,27,27,112,112,TRUE
"2843","saginaw",2012,2012-05-13,134,17.8,15.85,17.25,15,11.4,13.05,15.3,13.05,14.4142857142857,27,27,112,112,TRUE
"2844","saginaw",2012,2012-05-14,135,18.7,16.1,15.85,17.25,15,11.4,13.05,15.3,14.85,27,27,112,112,TRUE
"2845","saginaw",2012,2012-05-15,136,19.4,20,16.1,15.85,17.25,15,11.4,13.05,15.5214285714286,27,27,112,112,TRUE
"2846","saginaw",2012,2012-05-16,137,19.5,12.5,20,16.1,15.85,17.25,15,11.4,15.4428571428571,27,27,112,112,TRUE
"2847","saginaw",2012,2012-05-17,138,18.8,11.95,12.5,20,16.1,15.85,17.25,15,15.5214285714286,27,27,112,112,TRUE
"2848","saginaw",2012,2012-05-18,139,19.1,18.1,11.95,12.5,20,16.1,15.85,17.25,15.9642857142857,27,27,112,112,TRUE
"2849","saginaw",2012,2012-05-19,140,20.3,21.15,18.1,11.95,12.5,20,16.1,15.85,16.5214285714286,27,27,112,112,TRUE
"2850","saginaw",2012,2012-05-20,141,22.2,24.45,21.15,18.1,11.95,12.5,20,16.1,17.75,27,27,112,112,TRUE
"2851","saginaw",2012,2012-05-21,142,23.1,18.9,24.45,21.15,18.1,11.95,12.5,20,18.15,27,27,112,112,TRUE
"2852","saginaw",2012,2012-05-22,143,21.5,15,18.9,24.45,21.15,18.1,11.95,12.5,17.4357142857143,27,27,112,112,TRUE
"2853","saginaw",2012,2012-05-23,144,21,17.25,15,18.9,24.45,21.15,18.1,11.95,18.1142857142857,27,27,112,112,TRUE
"2854","saginaw",2012,2012-05-24,145,22.3,23.1,17.25,15,18.9,24.45,21.15,18.1,19.7071428571429,27,27,112,112,TRUE
"2855","saginaw",2012,2012-05-25,146,23.1,23.3,23.1,17.25,15,18.9,24.45,21.15,20.45,27,27,112,112,TRUE
"2856","saginaw",2012,2012-05-26,147,23.3,19.45,23.3,23.1,17.25,15,18.9,24.45,20.2071428571429,27,27,112,112,TRUE
"2857","saginaw",2012,2012-05-27,148,23,19.7,19.45,23.3,23.1,17.25,15,18.9,19.5285714285714,27,27,112,112,TRUE
"2858","saginaw",2012,2012-05-28,149,22.6,25.85,19.7,19.45,23.3,23.1,17.25,15,20.5214285714286,27,27,112,112,TRUE
"2859","saginaw",2012,2012-05-29,150,23.2,20.85,25.85,19.7,19.45,23.3,23.1,17.25,21.3571428571429,27,27,112,112,TRUE
"2860","saginaw",2012,2012-05-30,151,22,14.15,20.85,25.85,19.7,19.45,23.3,23.1,20.9142857142857,27,27,112,112,TRUE
"2861","saginaw",2012,2012-05-31,152,20.1,10.85,14.15,20.85,25.85,19.7,19.45,23.3,19.1642857142857,27,27,112,112,TRUE
"2862","saginaw",2012,2012-06-01,153,18.2,10.55,10.85,14.15,20.85,25.85,19.7,19.45,17.3428571428571,27,27,112,112,TRUE
"2863","saginaw",2012,2012-06-02,154,15.9,14.45,10.55,10.85,14.15,20.85,25.85,19.7,16.6285714285714,27,27,112,112,TRUE
"2864","saginaw",2012,2012-06-03,155,17.2,18.6,14.45,10.55,10.85,14.15,20.85,25.85,16.4714285714286,27,27,112,112,TRUE
"2865","saginaw",2012,2012-06-04,156,18.4,15.6,18.6,14.45,10.55,10.85,14.15,20.85,15.0071428571429,27,27,112,112,TRUE
"2866","saginaw",2012,2012-06-05,157,18.9,16.95,15.6,18.6,14.45,10.55,10.85,14.15,14.45,27,27,112,112,TRUE
"2867","saginaw",2012,2012-06-06,158,19.2,17.2,16.95,15.6,18.6,14.45,10.55,10.85,14.8857142857143,27,27,112,112,TRUE
"2868","saginaw",2012,2012-06-07,159,19.8,19.75,17.2,16.95,15.6,18.6,14.45,10.55,16.1571428571429,27,27,112,112,TRUE
"2869","saginaw",2012,2012-06-08,160,21.1,20.25,19.75,17.2,16.95,15.6,18.6,14.45,17.5428571428571,27,27,112,112,TRUE
"2870","saginaw",2012,2012-06-09,161,22.3,24.7,20.25,19.75,17.2,16.95,15.6,18.6,19.0071428571429,27,27,112,112,TRUE
"2871","saginaw",2012,2012-06-10,162,23.9,25.3,24.7,20.25,19.75,17.2,16.95,15.6,19.9642857142857,27,27,112,112,TRUE
"2872","saginaw",2012,2012-06-11,163,25.1,24.2,25.3,24.7,20.25,19.75,17.2,16.95,21.1928571428571,27,27,112,112,TRUE
"2873","saginaw",2012,2012-06-12,164,24.8,17.5,24.2,25.3,24.7,20.25,19.75,17.2,21.2714285714286,27,27,112,112,TRUE
"2874","saginaw",2012,2012-06-13,165,23.8,13.6,17.5,24.2,25.3,24.7,20.25,19.75,20.7571428571429,27,27,112,112,TRUE
"2875","saginaw",2012,2012-06-14,166,22.7,17.25,13.6,17.5,24.2,25.3,24.7,20.25,20.4,27,27,112,112,TRUE
"2876","saginaw",2012,2012-06-15,167,23.1,22.25,17.25,13.6,17.5,24.2,25.3,24.7,20.6857142857143,27,27,112,112,TRUE
"2877","saginaw",2012,2012-06-16,168,24.5,23.35,22.25,17.25,13.6,17.5,24.2,25.3,20.4928571428571,27,27,112,112,TRUE
"2878","saginaw",2012,2012-06-17,169,24.8,22.2,23.35,22.25,17.25,13.6,17.5,24.2,20.05,27,27,112,112,TRUE
"2879","saginaw",2012,2012-06-18,170,24.4,22.5,22.2,23.35,22.25,17.25,13.6,17.5,19.8071428571429,27,27,112,112,TRUE
"2880","saginaw",2012,2012-06-19,171,24.7,29.15,22.5,22.2,23.35,22.25,17.25,13.6,21.4714285714286,27,27,112,112,TRUE
"2881","saginaw",2012,2012-06-20,172,26.4,28.05,29.15,22.5,22.2,23.35,22.25,17.25,23.5357142857143,27,27,112,112,TRUE
"2882","saginaw",2012,2012-06-21,173,27.2,24.15,28.05,29.15,22.5,22.2,23.35,22.25,24.5214285714286,27,27,112,112,TRUE
"2883","saginaw",2012,2012-06-22,174,26.7,21.15,24.15,28.05,29.15,22.5,22.2,23.35,24.3642857142857,27,27,112,112,TRUE
"2884","saginaw",2012,2012-06-23,175,26,20,21.15,24.15,28.05,29.15,22.5,22.2,23.8857142857143,27,27,112,112,TRUE
"2885","saginaw",2012,2012-06-24,176,26,23.3,20,21.15,24.15,28.05,29.15,22.5,24.0428571428571,27,27,112,112,TRUE
"2886","saginaw",2012,2012-06-25,177,25.6,17.25,23.3,20,21.15,24.15,28.05,29.15,23.2928571428571,27,27,112,112,TRUE
"2887","saginaw",2012,2012-06-26,178,25.1,19.15,17.25,23.3,20,21.15,24.15,28.05,21.8642857142857,27,27,112,112,TRUE
"2888","saginaw",2012,2012-06-27,179,25,22.25,19.15,17.25,23.3,20,21.15,24.15,21.0357142857143,27,27,112,112,TRUE
"2889","saginaw",2012,2012-06-28,180,25.6,28.05,22.25,19.15,17.25,23.3,20,21.15,21.5928571428571,27,27,112,112,TRUE
"2890","saginaw",2012,2012-06-29,181,26.8,26.1,28.05,22.25,19.15,17.25,23.3,20,22.3,27,27,112,112,TRUE
"2891","saginaw",2012,2012-06-30,182,27.2,25.25,26.1,28.05,22.25,19.15,17.25,23.3,23.05,27,27,112,112,TRUE
"2892","saginaw",2012,2012-07-01,183,27.6,25,25.25,26.1,28.05,22.25,19.15,17.25,23.2928571428571,27,27,112,112,TRUE
"2893","saginaw",2012,2012-07-02,184,28.2,25.55,25,25.25,26.1,28.05,22.25,19.15,24.4785714285714,27,27,112,112,TRUE
"2894","saginaw",2012,2012-07-03,185,28.1,26.1,25.55,25,25.25,26.1,28.05,22.25,25.4714285714286,27,27,112,112,TRUE
"2895","saginaw",2012,2012-07-04,186,28.3,30,26.1,25.55,25,25.25,26.1,28.05,26.5785714285714,27,27,112,112,TRUE
"2896","saginaw",2012,2012-07-05,187,29.1,28.3,30,26.1,25.55,25,25.25,26.1,26.6142857142857,27,27,112,112,TRUE
"2897","saginaw",2012,2012-07-06,188,30.2,29.7,28.3,30,26.1,25.55,25,25.25,27.1285714285714,27,27,112,112,TRUE
"2898","saginaw",2012,2012-07-07,189,31.1,24.45,29.7,28.3,30,26.1,25.55,25,27.0142857142857,27,27,112,112,TRUE
"2899","saginaw",2012,2012-07-08,190,30.4,22.5,24.45,29.7,28.3,30,26.1,25.55,26.6571428571429,27,27,112,112,TRUE
"2900","saginaw",2012,2012-07-09,191,28.7,22.5,22.5,24.45,29.7,28.3,30,26.1,26.2214285714286,27,27,112,112,TRUE
"2901","saginaw",2012,2012-07-10,192,27.7,21.1,22.5,22.5,24.45,29.7,28.3,30,25.5071428571429,27,27,112,112,TRUE
"2902","saginaw",2012,2012-07-11,193,27.2,21.4,21.1,22.5,22.5,24.45,29.7,28.3,24.2785714285714,27,27,112,112,TRUE
"2903","saginaw",2012,2012-07-12,194,27.2,23.65,21.4,21.1,22.5,22.5,24.45,29.7,23.6142857142857,27,27,112,112,TRUE
"2904","saginaw",2012,2012-07-13,195,27.4,25.55,23.65,21.4,21.1,22.5,22.5,24.45,23.0214285714286,27,27,112,112,TRUE
"2905","saginaw",2012,2012-07-14,196,27.9,27.2,25.55,23.65,21.4,21.1,22.5,22.5,23.4142857142857,27,27,112,112,TRUE
"2906","saginaw",2012,2012-07-15,197,28.6,27.5,27.2,25.55,23.65,21.4,21.1,22.5,24.1285714285714,27,27,112,112,TRUE
"2907","saginaw",2012,2012-07-16,198,29.2,27.2,27.5,27.2,25.55,23.65,21.4,21.1,24.8,27,27,112,112,TRUE
"2908","saginaw",2012,2012-07-17,199,29.2,30.55,27.2,27.5,27.2,25.55,23.65,21.4,26.15,27,27,112,112,TRUE
"2909","saginaw",2012,2012-07-18,200,29.3,24.45,30.55,27.2,27.5,27.2,25.55,23.65,26.5857142857143,27,27,112,112,TRUE
"2910","saginaw",2012,2012-07-19,201,28.2,19.45,24.45,30.55,27.2,27.5,27.2,25.55,25.9857142857143,27,27,112,112,TRUE
"2911","saginaw",2012,2012-07-20,202,26.5,21.1,19.45,24.45,30.55,27.2,27.5,27.2,25.35,27,27,112,112,TRUE
"2912","saginaw",2012,2012-07-21,203,25.2,22.75,21.1,19.45,24.45,30.55,27.2,27.5,24.7142857142857,27,27,112,112,TRUE
"2913","saginaw",2014,2014-04-02,92,2.2,3.65,6.95,7.85,2.3,0.3,4.2,2.25,3.92857142857143,26,26,112,112,TRUE
"2914","saginaw",2014,2014-04-03,93,2.8,0.85,3.65,6.95,7.85,2.3,0.3,4.2,3.72857142857143,26,26,112,112,TRUE
"2915","saginaw",2014,2014-04-04,94,2.5,3.9,0.85,3.65,6.95,7.85,2.3,0.3,3.68571428571429,26,26,112,112,TRUE
"2916","saginaw",2014,2014-04-05,95,2.8,3.65,3.9,0.85,3.65,6.95,7.85,2.3,4.16428571428571,26,26,112,112,TRUE
"2917","saginaw",2014,2014-04-06,96,3.6,6.4,3.65,3.9,0.85,3.65,6.95,7.85,4.75,26,26,112,112,TRUE
"2918","saginaw",2014,2014-04-07,97,4.7,5,6.4,3.65,3.9,0.85,3.65,6.95,4.34285714285714,26,26,112,112,TRUE
"2919","saginaw",2014,2014-04-08,98,5.6,10.3,5,6.4,3.65,3.9,0.85,3.65,4.82142857142857,26,26,112,112,TRUE
"2920","saginaw",2014,2014-04-09,99,6.5,6.95,10.3,5,6.4,3.65,3.9,0.85,5.29285714285714,26,26,112,112,TRUE
"2921","saginaw",2014,2014-04-10,100,7.1,13.35,6.95,10.3,5,6.4,3.65,3.9,7.07857142857143,26,26,112,112,TRUE
"2922","saginaw",2014,2014-04-11,101,7.5,10,13.35,6.95,10.3,5,6.4,3.65,7.95,26,26,112,112,TRUE
"2923","saginaw",2014,2014-04-12,102,7.7,10,10,13.35,6.95,10.3,5,6.4,8.85714285714286,26,26,112,112,TRUE
"2924","saginaw",2014,2014-04-13,103,7.6,14.15,10,10,13.35,6.95,10.3,5,9.96428571428572,26,26,112,112,TRUE
"2925","saginaw",2014,2014-04-14,104,8.1,8.1,14.15,10,10,13.35,6.95,10.3,10.4071428571429,26,26,112,112,TRUE
"2926","saginaw",2014,2014-04-15,105,7.6,-1.35,8.1,14.15,10,10,13.35,6.95,8.74285714285714,26,26,112,112,TRUE
"2927","saginaw",2014,2014-04-16,106,7.1,1.45,-1.35,8.1,14.15,10,10,13.35,7.95714285714286,26,26,112,112,TRUE
"2928","saginaw",2014,2014-04-17,107,7.1,9.15,1.45,-1.35,8.1,14.15,10,10,7.35714285714286,26,26,112,112,TRUE
"2929","saginaw",2014,2014-04-18,108,8.3,8.65,9.15,1.45,-1.35,8.1,14.15,10,7.16428571428571,26,26,112,112,TRUE
"2930","saginaw",2014,2014-04-19,109,9,5.35,8.65,9.15,1.45,-1.35,8.1,14.15,6.5,26,26,112,112,TRUE
"2931","saginaw",2014,2014-04-20,110,9.9,11.95,5.35,8.65,9.15,1.45,-1.35,8.1,6.18571428571429,26,26,112,112,TRUE
"2932","saginaw",2014,2014-04-21,111,11.3,20,11.95,5.35,8.65,9.15,1.45,-1.35,7.88571428571429,26,26,112,112,TRUE
"2933","saginaw",2014,2014-04-22,112,12.2,8.6,20,11.95,5.35,8.65,9.15,1.45,9.30714285714286,26,26,112,112,TRUE
"2934","saginaw",2014,2014-04-23,113,11.3,7.25,8.6,20,11.95,5.35,8.65,9.15,10.1357142857143,26,26,112,112,TRUE
"2935","saginaw",2014,2014-04-24,114,11.1,8.05,7.25,8.6,20,11.95,5.35,8.65,9.97857142857143,26,26,112,112,TRUE
"2936","saginaw",2014,2014-04-25,115,10.5,8.6,8.05,7.25,8.6,20,11.95,5.35,9.97142857142857,26,26,112,112,TRUE
"2937","saginaw",2014,2014-04-26,116,10.1,7.5,8.6,8.05,7.25,8.6,20,11.95,10.2785714285714,26,26,112,112,TRUE
"2938","saginaw",2014,2014-04-27,117,10,5.85,7.5,8.6,8.05,7.25,8.6,20,9.40714285714286,26,26,112,112,TRUE
"2939","saginaw",2014,2014-04-28,118,10.3,10,5.85,7.5,8.6,8.05,7.25,8.6,7.97857142857143,26,26,112,112,TRUE
"2940","saginaw",2014,2014-04-29,119,10.6,14.15,10,5.85,7.5,8.6,8.05,7.25,8.77142857142857,26,26,112,112,TRUE
"2941","saginaw",2014,2014-04-30,120,11.3,14.7,14.15,10,5.85,7.5,8.6,8.05,9.83571428571429,26,26,112,112,TRUE
"2942","saginaw",2014,2014-05-01,121,11,8.35,14.7,14.15,10,5.85,7.5,8.6,9.87857142857143,26,26,112,112,TRUE
"2943","saginaw",2014,2014-05-02,122,10.8,10,8.35,14.7,14.15,10,5.85,7.5,10.0785714285714,26,26,112,112,TRUE
"2944","saginaw",2014,2014-05-03,123,10.7,10.55,10,8.35,14.7,14.15,10,5.85,10.5142857142857,26,26,112,112,TRUE
"2945","saginaw",2014,2014-05-04,124,10.9,8.85,10.55,10,8.35,14.7,14.15,10,10.9428571428571,26,26,112,112,TRUE
"2946","saginaw",2014,2014-05-05,125,11.3,8.05,8.85,10.55,10,8.35,14.7,14.15,10.6642857142857,26,26,112,112,TRUE
"2947","saginaw",2014,2014-05-06,126,11.9,8.9,8.05,8.85,10.55,10,8.35,14.7,9.91428571428571,26,26,112,112,TRUE
"2948","saginaw",2014,2014-05-07,127,12.2,10.3,8.9,8.05,8.85,10.55,10,8.35,9.28571428571429,26,26,112,112,TRUE
"2949","saginaw",2014,2014-05-08,128,12.9,18.6,10.3,8.9,8.05,8.85,10.55,10,10.75,26,26,112,112,TRUE
"2950","saginaw",2014,2014-05-09,129,14.8,19.15,18.6,10.3,8.9,8.05,8.85,10.55,12.0571428571429,26,26,112,112,TRUE
"2951","saginaw",2014,2014-05-10,130,15.4,15.55,19.15,18.6,10.3,8.9,8.05,8.85,12.7714285714286,26,26,112,112,TRUE
"2952","saginaw",2014,2014-05-11,131,16.3,16.95,15.55,19.15,18.6,10.3,8.9,8.05,13.9285714285714,26,26,112,112,TRUE
"2953","saginaw",2014,2014-05-12,132,16.9,17.5,16.95,15.55,19.15,18.6,10.3,8.9,15.2785714285714,26,26,112,112,TRUE
"2954","saginaw",2014,2014-05-13,133,17,20.55,17.5,16.95,15.55,19.15,18.6,10.3,16.9428571428571,26,26,112,112,TRUE
"2955","saginaw",2014,2014-05-14,134,16.9,11.95,20.55,17.5,16.95,15.55,19.15,18.6,17.1785714285714,26,26,112,112,TRUE
"2956","saginaw",2014,2014-05-15,135,15.1,6.1,11.95,20.55,17.5,16.95,15.55,19.15,15.3928571428571,26,26,112,112,TRUE
"2957","saginaw",2014,2014-05-16,136,12.8,6.95,6.1,11.95,20.55,17.5,16.95,15.55,13.65,26,26,112,112,TRUE
"2958","saginaw",2014,2014-05-17,137,12.2,8.05,6.95,6.1,11.95,20.55,17.5,16.95,12.5785714285714,26,26,112,112,TRUE
"2959","saginaw",2014,2014-05-18,138,12.7,13.6,8.05,6.95,6.1,11.95,20.55,17.5,12.1,26,26,112,112,TRUE
"2960","saginaw",2014,2014-05-19,139,14.3,15.8,13.6,8.05,6.95,6.1,11.95,20.55,11.8571428571429,26,26,112,112,TRUE
"2961","saginaw",2014,2014-05-20,140,15.4,18.05,15.8,13.6,8.05,6.95,6.1,11.95,11.5,26,26,112,112,TRUE
"2962","saginaw",2014,2014-05-21,141,16.3,20.55,18.05,15.8,13.6,8.05,6.95,6.1,12.7285714285714,26,26,112,112,TRUE
"2963","saginaw",2014,2014-05-22,142,17.6,16.7,20.55,18.05,15.8,13.6,8.05,6.95,14.2428571428571,26,26,112,112,TRUE
"2964","saginaw",2014,2014-05-23,143,17.8,15.3,16.7,20.55,18.05,15.8,13.6,8.05,15.4357142857143,26,26,112,112,TRUE
"2965","saginaw",2014,2014-05-24,144,18.4,17.5,15.3,16.7,20.55,18.05,15.8,13.6,16.7857142857143,26,26,112,112,TRUE
"2966","saginaw",2014,2014-05-25,145,19.6,19.75,17.5,15.3,16.7,20.55,18.05,15.8,17.6642857142857,26,26,112,112,TRUE
"2967","saginaw",2014,2014-05-26,146,20.6,22.5,19.75,17.5,15.3,16.7,20.55,18.05,18.6214285714286,26,26,112,112,TRUE
"2968","saginaw",2014,2014-05-27,147,21.4,23.6,22.5,19.75,17.5,15.3,16.7,20.55,19.4142857142857,26,26,112,112,TRUE
"2969","saginaw",2014,2014-05-28,148,21,15.55,23.6,22.5,19.75,17.5,15.3,16.7,18.7,26,26,112,112,TRUE
"2970","saginaw",2014,2014-05-29,149,20.4,15.85,15.55,23.6,22.5,19.75,17.5,15.3,18.5785714285714,26,26,112,112,TRUE
"2971","saginaw",2014,2014-05-30,150,21,20.3,15.85,15.55,23.6,22.5,19.75,17.5,19.2928571428571,26,26,112,112,TRUE
"2972","saginaw",2014,2014-05-31,151,22,20.85,20.3,15.85,15.55,23.6,22.5,19.75,19.7714285714286,26,26,112,112,TRUE
"2973","saginaw",2014,2014-06-01,152,22.8,22.5,20.85,20.3,15.85,15.55,23.6,22.5,20.1642857142857,26,26,112,112,TRUE
"2974","saginaw",2014,2014-06-02,153,23.4,25.55,22.5,20.85,20.3,15.85,15.55,23.6,20.6,26,26,112,112,TRUE
"2975","saginaw",2014,2014-06-03,154,23.2,20,25.55,22.5,20.85,20.3,15.85,15.55,20.0857142857143,26,26,112,112,TRUE
"2976","saginaw",2014,2014-06-04,155,22.2,18.35,20,25.55,22.5,20.85,20.3,15.85,20.4857142857143,26,26,112,112,TRUE
"2977","saginaw",2014,2014-06-05,156,21.1,17.5,18.35,20,25.55,22.5,20.85,20.3,20.7214285714286,26,26,112,112,TRUE
"2978","saginaw",2014,2014-06-06,157,21.7,18.6,17.5,18.35,20,25.55,22.5,20.85,20.4785714285714,26,26,112,112,TRUE
"2979","saginaw",2014,2014-06-07,158,22.4,21.35,18.6,17.5,18.35,20,25.55,22.5,20.55,26,26,112,112,TRUE
"2980","saginaw",2014,2014-06-08,159,23.3,21.1,21.35,18.6,17.5,18.35,20,25.55,20.35,26,26,112,112,TRUE
"2981","saginaw",2014,2014-06-09,160,23.3,18.35,21.1,21.35,18.6,17.5,18.35,20,19.3214285714286,26,26,112,112,TRUE
"2982","saginaw",2014,2014-06-10,161,23.4,19.45,18.35,21.1,21.35,18.6,17.5,18.35,19.2428571428571,26,26,112,112,TRUE
"2983","saginaw",2014,2014-06-11,162,22.6,19.15,19.45,18.35,21.1,21.35,18.6,17.5,19.3571428571429,26,26,112,112,TRUE
"2984","saginaw",2014,2014-06-12,163,21.9,21.4,19.15,19.45,18.35,21.1,21.35,18.6,19.9142857142857,26,26,112,112,TRUE
"2985","saginaw",2014,2014-06-13,164,21.6,15,21.4,19.15,19.45,18.35,21.1,21.35,19.4,26,26,112,112,TRUE
"2986","saginaw",2014,2014-06-14,165,19.6,15.3,15,21.4,19.15,19.45,18.35,21.1,18.5357142857143,26,26,112,112,TRUE
"2987","saginaw",2014,2014-06-15,166,20.9,19.75,15.3,15,21.4,19.15,19.45,18.35,18.3428571428571,26,26,112,112,TRUE
"2988","saginaw",2014,2014-06-16,167,22.3,25.3,19.75,15.3,15,21.4,19.15,19.45,19.3357142857143,26,26,112,112,TRUE
"2989","saginaw",2014,2014-06-17,168,24.2,25.55,25.3,19.75,15.3,15,21.4,19.15,20.2071428571429,26,26,112,112,TRUE
"2990","saginaw",2014,2014-06-18,169,24.4,21.1,25.55,25.3,19.75,15.3,15,21.4,20.4857142857143,26,26,112,112,TRUE
"2991","saginaw",2014,2014-06-19,170,23.3,18.9,21.1,25.55,25.3,19.75,15.3,15,20.1285714285714,26,26,112,112,TRUE
"2992","saginaw",2014,2014-06-20,171,22.4,17.2,18.9,21.1,25.55,25.3,19.75,15.3,20.4428571428571,26,26,112,112,TRUE
"2993","saginaw",2014,2014-06-21,172,21.7,20.3,17.2,18.9,21.1,25.55,25.3,19.75,21.1571428571429,26,26,112,112,TRUE
"2994","saginaw",2014,2014-06-22,173,22.9,22.8,20.3,17.2,18.9,21.1,25.55,25.3,21.5928571428571,26,26,112,112,TRUE
"2995","saginaw",2014,2014-06-23,174,23.6,20.8,22.8,20.3,17.2,18.9,21.1,25.55,20.95,26,26,112,112,TRUE
"2996","saginaw",2014,2014-06-24,175,23.3,23.35,20.8,22.8,20.3,17.2,18.9,21.1,20.6357142857143,26,26,112,112,TRUE
"2997","saginaw",2014,2014-06-25,176,23.1,18.9,23.35,20.8,22.8,20.3,17.2,18.9,20.3214285714286,26,26,112,112,TRUE
"2998","saginaw",2014,2014-06-26,177,22.7,19.75,18.9,23.35,20.8,22.8,20.3,17.2,20.4428571428571,26,26,112,112,TRUE
"2999","saginaw",2014,2014-06-27,178,23.1,21.95,19.75,18.9,23.35,20.8,22.8,20.3,21.1214285714286,26,26,112,112,TRUE
"3000","saginaw",2014,2014-06-28,179,24.1,25,21.95,19.75,18.9,23.35,20.8,22.8,21.7928571428571,26,26,112,112,TRUE
"3001","saginaw",2014,2014-06-29,180,25.2,26.95,25,21.95,19.75,18.9,23.35,20.8,22.3857142857143,26,26,112,112,TRUE
"3002","saginaw",2014,2014-06-30,181,26.1,26.65,26.95,25,21.95,19.75,18.9,23.35,23.2214285714286,26,26,112,112,TRUE
"3003","saginaw",2014,2014-07-01,182,26.1,24.45,26.65,26.95,25,21.95,19.75,18.9,23.3785714285714,26,26,112,112,TRUE
"3004","saginaw",2014,2014-07-02,183,25.2,20,24.45,26.65,26.95,25,21.95,19.75,23.5357142857143,26,26,112,112,TRUE
"3005","saginaw",2014,2014-07-03,184,23.9,16.95,20,24.45,26.65,26.95,25,21.95,23.1357142857143,26,26,112,112,TRUE
"3006","saginaw",2014,2014-07-04,185,23,17.8,16.95,20,24.45,26.65,26.95,25,22.5428571428571,26,26,112,112,TRUE
"3007","saginaw",2014,2014-07-05,186,23.6,19.7,17.8,16.95,20,24.45,26.65,26.95,21.7857142857143,26,26,112,112,TRUE
"3008","saginaw",2014,2014-07-06,187,24,21.7,19.7,17.8,16.95,20,24.45,26.65,21.0357142857143,26,26,112,112,TRUE
"3009","saginaw",2014,2014-07-07,188,24.5,25,21.7,19.7,17.8,16.95,20,24.45,20.8,26,26,112,112,TRUE
"3010","saginaw",2014,2014-07-08,189,23.1,21.7,25,21.7,19.7,17.8,16.95,20,20.4071428571429,26,26,112,112,TRUE
"3011","saginaw",2014,2014-07-09,190,22.3,18.35,21.7,25,21.7,19.7,17.8,16.95,20.1714285714286,26,26,112,112,TRUE
"3012","saginaw",2014,2014-07-10,191,22.1,18.35,18.35,21.7,25,21.7,19.7,17.8,20.3714285714286,26,26,112,112,TRUE
"3013","saginaw",2014,2014-07-11,192,22.3,20,18.35,18.35,21.7,25,21.7,19.7,20.6857142857143,26,26,112,112,TRUE
"3014","saginaw",2014,2014-07-12,193,22.8,23.05,20,18.35,18.35,21.7,25,21.7,21.1642857142857,26,26,112,112,TRUE
"3015","saginaw",2014,2014-07-13,194,23.7,23.05,23.05,20,18.35,18.35,21.7,25,21.3571428571429,26,26,112,112,TRUE
"3016","saginaw",2014,2014-07-14,195,24.4,21.7,23.05,23.05,20,18.35,18.35,21.7,20.8857142857143,26,26,112,112,TRUE
"3017","saginaw",2014,2014-07-15,196,23.4,16.7,21.7,23.05,23.05,20,18.35,18.35,20.1714285714286,26,26,112,112,TRUE
"3018","saginaw",2014,2014-07-16,197,21.6,16.15,16.7,21.7,23.05,23.05,20,18.35,19.8571428571429,26,26,112,112,TRUE
"3019","saginaw",2014,2014-07-17,198,21.1,18.35,16.15,16.7,21.7,23.05,23.05,20,19.8571428571429,26,26,112,112,TRUE
"3020","saginaw",2014,2014-07-18,199,21.9,18.9,18.35,16.15,16.7,21.7,23.05,23.05,19.7,26,26,112,112,TRUE
"3021","saginaw",2014,2014-07-19,200,22.8,21.1,18.9,18.35,16.15,16.7,21.7,23.05,19.4214285714286,26,26,112,112,TRUE
"3022","saginaw",2014,2014-07-20,201,23.4,20.85,21.1,18.9,18.35,16.15,16.7,21.7,19.1071428571429,26,26,112,112,TRUE
"3023","saginaw",2014,2014-07-21,202,24.3,24.15,20.85,21.1,18.9,18.35,16.15,16.7,19.4571428571429,26,26,112,112,TRUE
"3024","saginaw",2014,2014-07-22,203,25.5,25.25,24.15,20.85,21.1,18.9,18.35,16.15,20.6785714285714,26,26,112,112,TRUE
"3025","saginaw",2016,2016-04-01,92,8.9,5.85,13.35,8.9,4.2,5.55,10,5.05,7.55714285714286,30,30,112,112,TRUE
"3026","saginaw",2016,2016-04-02,93,8.4,0.05,5.85,13.35,8.9,4.2,5.55,10,6.84285714285714,30,30,112,112,TRUE
"3027","saginaw",2016,2016-04-03,94,6.6,-3,0.05,5.85,13.35,8.9,4.2,5.55,4.98571428571429,30,30,112,112,TRUE
"3028","saginaw",2016,2016-04-04,95,5.2,-2.4,-3,0.05,5.85,13.35,8.9,4.2,3.85,30,30,112,112,TRUE
"3029","saginaw",2016,2016-04-05,96,4.9,-1.05,-2.4,-3,0.05,5.85,13.35,8.9,3.1,30,30,112,112,TRUE
"3030","saginaw",2016,2016-04-06,97,5.2,3.65,-1.05,-2.4,-3,0.05,5.85,13.35,2.35,30,30,112,112,TRUE
"3031","saginaw",2016,2016-04-07,98,5.2,1.4,3.65,-1.05,-2.4,-3,0.05,5.85,0.642857142857143,30,30,112,112,TRUE
"3032","saginaw",2016,2016-04-08,99,4.9,1.45,1.4,3.65,-1.05,-2.4,-3,0.05,0.0142857142857143,30,30,112,112,TRUE
"3033","saginaw",2016,2016-04-09,100,5,-0.75,1.45,1.4,3.65,-1.05,-2.4,-3,-0.1,30,30,112,112,TRUE
"3034","saginaw",2016,2016-04-10,101,4.6,0.6,-0.75,1.45,1.4,3.65,-1.05,-2.4,0.414285714285714,30,30,112,112,TRUE
"3035","saginaw",2016,2016-04-11,102,4.7,7.5,0.6,-0.75,1.45,1.4,3.65,-1.05,1.82857142857143,30,30,112,112,TRUE
"3036","saginaw",2016,2016-04-12,103,5.6,4.2,7.5,0.6,-0.75,1.45,1.4,3.65,2.57857142857143,30,30,112,112,TRUE
"3037","saginaw",2016,2016-04-13,104,6.3,5.3,4.2,7.5,0.6,-0.75,1.45,1.4,2.81428571428571,30,30,112,112,TRUE
"3038","saginaw",2016,2016-04-14,105,7.2,6.95,5.3,4.2,7.5,0.6,-0.75,1.45,3.60714285714286,30,30,112,112,TRUE
"3039","saginaw",2016,2016-04-15,106,8.4,8.35,6.95,5.3,4.2,7.5,0.6,-0.75,4.59285714285714,30,30,112,112,TRUE
"3040","saginaw",2016,2016-04-16,107,9.9,13.05,8.35,6.95,5.3,4.2,7.5,0.6,6.56428571428571,30,30,112,112,TRUE
"3041","saginaw",2016,2016-04-17,108,11.8,15.85,13.05,8.35,6.95,5.3,4.2,7.5,8.74285714285714,30,30,112,112,TRUE
"3042","saginaw",2016,2016-04-18,109,13.4,18.6,15.85,13.05,8.35,6.95,5.3,4.2,10.3285714285714,30,30,112,112,TRUE
"3043","saginaw",2016,2016-04-19,110,13.8,9.45,18.6,15.85,13.05,8.35,6.95,5.3,11.0785714285714,30,30,112,112,TRUE
"3044","saginaw",2016,2016-04-20,111,13.7,11.95,9.45,18.6,15.85,13.05,8.35,6.95,12.0285714285714,30,30,112,112,TRUE
"3045","saginaw",2016,2016-04-21,112,13.7,12.5,11.95,9.45,18.6,15.85,13.05,8.35,12.8214285714286,30,30,112,112,TRUE
"3046","saginaw",2016,2016-04-22,113,13.2,9.4,12.5,11.95,9.45,18.6,15.85,13.05,12.9714285714286,30,30,112,112,TRUE
"3047","saginaw",2016,2016-04-23,114,12.7,6.95,9.4,12.5,11.95,9.45,18.6,15.85,12.1,30,30,112,112,TRUE
"3048","saginaw",2016,2016-04-24,115,12.7,9.75,6.95,9.4,12.5,11.95,9.45,18.6,11.2285714285714,30,30,112,112,TRUE
"3049","saginaw",2016,2016-04-25,116,12.7,12.75,9.75,6.95,9.4,12.5,11.95,9.45,10.3928571428571,30,30,112,112,TRUE
"3050","saginaw",2016,2016-04-26,117,12.5,4.7,12.75,9.75,6.95,9.4,12.5,11.95,9.71428571428571,30,30,112,112,TRUE
"3051","saginaw",2016,2016-04-27,118,11.5,6.15,4.7,12.75,9.75,6.95,9.4,12.5,8.88571428571429,30,30,112,112,TRUE
"3052","saginaw",2016,2016-04-28,119,11,6.9,6.15,4.7,12.75,9.75,6.95,9.4,8.08571428571429,30,30,112,112,TRUE
"3053","saginaw",2016,2016-04-29,120,10.4,8.3,6.9,6.15,4.7,12.75,9.75,6.95,7.92857142857143,30,30,112,112,TRUE
"3054","saginaw",2016,2016-04-30,121,10.6,8.3,8.3,6.9,6.15,4.7,12.75,9.75,8.12142857142857,30,30,112,112,TRUE
"3055","saginaw",2016,2016-05-01,122,11,8.65,8.3,8.3,6.9,6.15,4.7,12.75,7.96428571428571,30,30,112,112,TRUE
"3056","saginaw",2016,2016-05-02,123,11,10.85,8.65,8.3,8.3,6.9,6.15,4.7,7.69285714285714,30,30,112,112,TRUE
"3057","saginaw",2016,2016-05-03,124,12.2,11.95,10.85,8.65,8.3,8.3,6.9,6.15,8.72857142857143,30,30,112,112,TRUE
"3058","saginaw",2016,2016-05-04,125,13.1,10.85,11.95,10.85,8.65,8.3,8.3,6.9,9.4,30,30,112,112,TRUE
"3059","saginaw",2016,2016-05-05,126,13,12.5,10.85,11.95,10.85,8.65,8.3,8.3,10.2,30,30,112,112,TRUE
"3060","saginaw",2016,2016-05-06,127,13.6,14.2,12.5,10.85,11.95,10.85,8.65,8.3,11.0428571428571,30,30,112,112,TRUE
"3061","saginaw",2016,2016-05-07,128,14.9,15.3,14.2,12.5,10.85,11.95,10.85,8.65,12.0428571428571,30,30,112,112,TRUE
"3062","saginaw",2016,2016-05-08,129,14.9,11.95,15.3,14.2,12.5,10.85,11.95,10.85,12.5142857142857,30,30,112,112,TRUE
"3063","saginaw",2016,2016-05-09,130,14.9,10.55,11.95,15.3,14.2,12.5,10.85,11.95,12.4714285714286,30,30,112,112,TRUE
"3064","saginaw",2016,2016-05-10,131,14.4,11.65,10.55,11.95,15.3,14.2,12.5,10.85,12.4285714285714,30,30,112,112,TRUE
"3065","saginaw",2016,2016-05-11,132,14.2,15.55,11.65,10.55,11.95,15.3,14.2,12.5,13.1,30,30,112,112,TRUE
"3066","saginaw",2016,2016-05-12,133,15.6,18.6,15.55,11.65,10.55,11.95,15.3,14.2,13.9714285714286,30,30,112,112,TRUE
"3067","saginaw",2016,2016-05-13,134,16.6,15.3,18.6,15.55,11.65,10.55,11.95,15.3,14.1285714285714,30,30,112,112,TRUE
"3068","saginaw",2016,2016-05-14,135,16.1,8.3,15.3,18.6,15.55,11.65,10.55,11.95,13.1285714285714,30,30,112,112,TRUE
"3069","saginaw",2016,2016-05-15,136,13.1,6.7,8.3,15.3,18.6,15.55,11.65,10.55,12.3785714285714,30,30,112,112,TRUE
"3070","saginaw",2016,2016-05-16,137,12.1,12.25,6.7,8.3,15.3,18.6,15.55,11.65,12.6214285714286,30,30,112,112,TRUE
"3071","saginaw",2016,2016-05-17,138,13.3,12.25,12.25,6.7,8.3,15.3,18.6,15.55,12.7071428571429,30,30,112,112,TRUE
"3072","saginaw",2016,2016-05-18,139,14.7,12.2,12.25,12.25,6.7,8.3,15.3,18.6,12.2285714285714,30,30,112,112,TRUE
"3073","saginaw",2016,2016-05-19,140,16,14.2,12.2,12.25,12.25,6.7,8.3,15.3,11.6,30,30,112,112,TRUE
"3074","saginaw",2016,2016-05-20,141,17,16.1,14.2,12.2,12.25,12.25,6.7,8.3,11.7142857142857,30,30,112,112,TRUE
"3075","saginaw",2016,2016-05-21,142,17.9,18.6,16.1,14.2,12.2,12.25,12.25,6.7,13.1857142857143,30,30,112,112,TRUE
"3076","saginaw",2016,2016-05-22,143,18.7,15.3,18.6,16.1,14.2,12.2,12.25,12.25,14.4142857142857,30,30,112,112,TRUE
"3077","saginaw",2016,2016-05-23,144,19.2,16.7,15.3,18.6,16.1,14.2,12.2,12.25,15.05,30,30,112,112,TRUE
"3078","saginaw",2016,2016-05-24,145,20.1,21.7,16.7,15.3,18.6,16.1,14.2,12.2,16.4,30,30,112,112,TRUE
"3079","saginaw",2016,2016-05-25,146,21.3,24.2,21.7,16.7,15.3,18.6,16.1,14.2,18.1142857142857,30,30,112,112,TRUE
"3080","saginaw",2016,2016-05-26,147,22.7,23.6,24.2,21.7,16.7,15.3,18.6,16.1,19.4571428571429,30,30,112,112,TRUE
"3081","saginaw",2016,2016-05-27,148,23.1,24.15,23.6,24.2,21.7,16.7,15.3,18.6,20.6071428571429,30,30,112,112,TRUE
"3082","saginaw",2016,2016-05-28,149,24.1,26.15,24.15,23.6,24.2,21.7,16.7,15.3,21.6857142857143,30,30,112,112,TRUE
"3083","saginaw",2016,2016-05-29,150,24.5,24.7,26.15,24.15,23.6,24.2,21.7,16.7,23.0285714285714,30,30,112,112,TRUE
"3084","saginaw",2016,2016-05-30,151,24.4,22.8,24.7,26.15,24.15,23.6,24.2,21.7,23.9,30,30,112,112,TRUE
"3085","saginaw",2016,2016-05-31,152,24.3,19.7,22.8,24.7,26.15,24.15,23.6,24.2,23.6142857142857,30,30,112,112,TRUE
"3086","saginaw",2016,2016-06-01,153,24,19.4,19.7,22.8,24.7,26.15,24.15,23.6,22.9285714285714,30,30,112,112,TRUE
"3087","saginaw",2016,2016-06-02,154,22.9,20.55,19.4,19.7,22.8,24.7,26.15,24.15,22.4928571428571,30,30,112,112,TRUE
"3088","saginaw",2016,2016-06-03,155,22.6,20.55,20.55,19.4,19.7,22.8,24.7,26.15,21.9785714285714,30,30,112,112,TRUE
"3089","saginaw",2016,2016-06-04,156,23.7,23.05,20.55,20.55,19.4,19.7,22.8,24.7,21.5357142857143,30,30,112,112,TRUE
"3090","saginaw",2016,2016-06-05,157,23.9,20.55,23.05,20.55,20.55,19.4,19.7,22.8,20.9428571428571,30,30,112,112,TRUE
"3091","saginaw",2016,2016-06-06,158,23.2,20.55,20.55,23.05,20.55,20.55,19.4,19.7,20.6214285714286,30,30,112,112,TRUE
"3092","saginaw",2016,2016-06-07,159,21.9,13.9,20.55,20.55,23.05,20.55,20.55,19.4,19.7928571428571,30,30,112,112,TRUE
"3093","saginaw",2016,2016-06-08,160,20.3,13.6,13.9,20.55,20.55,23.05,20.55,20.55,18.9642857142857,30,30,112,112,TRUE
"3094","saginaw",2016,2016-06-09,161,20.1,19.75,13.6,13.9,20.55,20.55,23.05,20.55,18.85,30,30,112,112,TRUE
"3095","saginaw",2016,2016-06-10,162,20.6,19.75,19.75,13.6,13.9,20.55,20.55,23.05,18.7357142857143,30,30,112,112,TRUE
"3096","saginaw",2016,2016-06-11,163,22.5,26.1,19.75,19.75,13.6,13.9,20.55,20.55,19.1714285714286,30,30,112,112,TRUE
"3097","saginaw",2016,2016-06-12,164,22.9,17.8,26.1,19.75,19.75,13.6,13.9,20.55,18.7785714285714,30,30,112,112,TRUE
"3098","saginaw",2016,2016-06-13,165,23.5,14.7,17.8,26.1,19.75,19.75,13.6,13.9,17.9428571428571,30,30,112,112,TRUE
"3099","saginaw",2016,2016-06-14,166,22.9,19.15,14.7,17.8,26.1,19.75,19.75,13.6,18.6928571428571,30,30,112,112,TRUE
"3100","saginaw",2016,2016-06-15,167,22.2,20,19.15,14.7,17.8,26.1,19.75,19.75,19.6071428571429,30,30,112,112,TRUE
"3101","saginaw",2016,2016-06-16,168,21.9,18.9,20,19.15,14.7,17.8,26.1,19.75,19.4857142857143,30,30,112,112,TRUE
"3102","saginaw",2016,2016-06-17,169,21.6,20.8,18.9,20,19.15,14.7,17.8,26.1,19.6357142857143,30,30,112,112,TRUE
"3103","saginaw",2016,2016-06-18,170,22.8,23.05,20.8,18.9,20,19.15,14.7,17.8,19.2,30,30,112,112,TRUE
"3104","saginaw",2016,2016-06-19,171,24.1,25.3,23.05,20.8,18.9,20,19.15,14.7,20.2714285714286,30,30,112,112,TRUE
"3105","saginaw",2016,2016-06-20,172,25.5,24.45,25.3,23.05,20.8,18.9,20,19.15,21.6642857142857,30,30,112,112,TRUE
"3106","saginaw",2016,2016-06-21,173,25.4,19.45,24.45,25.3,23.05,20.8,18.9,20,21.7071428571429,30,30,112,112,TRUE
"3107","saginaw",2016,2016-06-22,174,25.1,19.45,19.45,24.45,25.3,23.05,20.8,18.9,21.6285714285714,30,30,112,112,TRUE
"3108","saginaw",2016,2016-06-23,175,24.6,19.4,19.45,19.45,24.45,25.3,23.05,20.8,21.7,30,30,112,112,TRUE
"3109","saginaw",2016,2016-06-24,176,23.8,19.75,19.4,19.45,19.45,24.45,25.3,23.05,21.55,30,30,112,112,TRUE
"3110","saginaw",2016,2016-06-25,177,23.9,22.5,19.75,19.4,19.45,19.45,24.45,25.3,21.4714285714286,30,30,112,112,TRUE
"3111","saginaw",2016,2016-06-26,178,24.7,25.6,22.5,19.75,19.4,19.45,19.45,24.45,21.5142857142857,30,30,112,112,TRUE
"3112","saginaw",2016,2016-06-27,179,25.1,24.7,25.6,22.5,19.75,19.4,19.45,19.45,21.55,30,30,112,112,TRUE
"3113","saginaw",2016,2016-06-28,180,24.9,16.95,24.7,25.6,22.5,19.75,19.4,19.45,21.1928571428571,30,30,112,112,TRUE
"3114","saginaw",2016,2016-06-29,181,24.4,17.5,16.95,24.7,25.6,22.5,19.75,19.4,20.9142857142857,30,30,112,112,TRUE
"3115","saginaw",2016,2016-06-30,182,24.3,19.45,17.5,16.95,24.7,25.6,22.5,19.75,20.9214285714286,30,30,112,112,TRUE
"3116","saginaw",2016,2016-07-01,183,24.2,16.95,19.45,17.5,16.95,24.7,25.6,22.5,20.5214285714286,30,30,112,112,TRUE
"3117","saginaw",2016,2016-07-02,184,23.8,18.35,16.95,19.45,17.5,16.95,24.7,25.6,19.9285714285714,30,30,112,112,TRUE
"3118","saginaw",2016,2016-07-03,185,23.6,19.7,18.35,16.95,19.45,17.5,16.95,24.7,19.0857142857143,30,30,112,112,TRUE
"3119","saginaw",2016,2016-07-04,186,23.7,21.1,19.7,18.35,16.95,19.45,17.5,16.95,18.5714285714286,30,30,112,112,TRUE
"3120","saginaw",2016,2016-07-05,187,24.5,24.45,21.1,19.7,18.35,16.95,19.45,17.5,19.6428571428571,30,30,112,112,TRUE
"3121","saginaw",2016,2016-07-06,188,25.3,24.45,24.45,21.1,19.7,18.35,16.95,19.45,20.6357142857143,30,30,112,112,TRUE
"3122","saginaw",2016,2016-07-07,189,25.6,25.3,24.45,24.45,21.1,19.7,18.35,16.95,21.4714285714286,30,30,112,112,TRUE
"3123","saginaw",2016,2016-07-08,190,26.5,24.15,25.3,24.45,24.45,21.1,19.7,18.35,22.5,30,30,112,112,TRUE
"3124","saginaw",2016,2016-07-09,191,26.6,21.65,24.15,25.3,24.45,24.45,21.1,19.7,22.9714285714286,30,30,112,112,TRUE
"3125","saginaw",2016,2016-07-10,192,25.8,21.35,21.65,24.15,25.3,24.45,24.45,21.1,23.2071428571429,30,30,112,112,TRUE
"3126","saginaw",2016,2016-07-11,193,26,23.9,21.35,21.65,24.15,25.3,24.45,24.45,23.6071428571429,30,30,112,112,TRUE
"3127","saginaw",2016,2016-07-12,194,26,26.95,23.9,21.35,21.65,24.15,25.3,24.45,23.9642857142857,30,30,112,112,TRUE
"3128","saginaw",2016,2016-07-13,195,26.6,25.85,26.95,23.9,21.35,21.65,24.15,25.3,24.1642857142857,30,30,112,112,TRUE
"3129","saginaw",2016,2016-07-14,196,26.9,25,25.85,26.95,23.9,21.35,21.65,24.15,24.1214285714286,30,30,112,112,TRUE
"3130","saginaw",2016,2016-07-15,197,26.7,20.8,25,25.85,26.95,23.9,21.35,21.65,23.6428571428571,30,30,112,112,TRUE
"3131","saginaw",2016,2016-07-16,198,25.8,19.4,20.8,25,25.85,26.95,23.9,21.35,23.3214285714286,30,30,112,112,TRUE
"3132","saginaw",2016,2016-07-17,199,25.3,21.65,19.4,20.8,25,25.85,26.95,23.9,23.3642857142857,30,30,112,112,TRUE
"3133","saginaw",2016,2016-07-18,200,25.2,23.85,21.65,19.4,20.8,25,25.85,26.95,23.3571428571429,30,30,112,112,TRUE
"3134","saginaw",2016,2016-07-19,201,25.3,21.95,23.85,21.65,19.4,20.8,25,25.85,22.6428571428571,30,30,112,112,TRUE
"3135","saginaw",2016,2016-07-20,202,25.7,22.5,21.95,23.85,21.65,19.4,20.8,25,22.1642857142857,30,30,112,112,TRUE
"3136","saginaw",2016,2016-07-21,203,26.4,25,22.5,21.95,23.85,21.65,19.4,20.8,22.1642857142857,30,30,112,112,TRUE
"3137","saginaw",2017,2017-04-02,92,6.1,8.65,6.7,2.25,2.25,3.35,4.45,7.25,4.98571428571429,28,28,112,112,TRUE
"3138","saginaw",2017,2017-04-03,93,7.7,10,8.65,6.7,2.25,2.25,3.35,4.45,5.37857142857143,28,28,112,112,TRUE
"3139","saginaw",2017,2017-04-04,94,8.1,6.9,10,8.65,6.7,2.25,2.25,3.35,5.72857142857143,28,28,112,112,TRUE
"3140","saginaw",2017,2017-04-05,95,7.3,3.9,6.9,10,8.65,6.7,2.25,2.25,5.80714285714286,28,28,112,112,TRUE
"3141","saginaw",2017,2017-04-06,96,6.1,2.75,3.9,6.9,10,8.65,6.7,2.25,5.87857142857143,28,28,112,112,TRUE
"3142","saginaw",2017,2017-04-07,97,5.4,6.15,2.75,3.9,6.9,10,8.65,6.7,6.43571428571429,28,28,112,112,TRUE
"3143","saginaw",2017,2017-04-08,98,6,7.55,6.15,2.75,3.9,6.9,10,8.65,6.55714285714286,28,28,112,112,TRUE
"3144","saginaw",2017,2017-04-09,99,7.6,16.65,7.55,6.15,2.75,3.9,6.9,10,7.7,28,28,112,112,TRUE
"3145","saginaw",2017,2017-04-10,100,9.8,15.3,16.65,7.55,6.15,2.75,3.9,6.9,8.45714285714286,28,28,112,112,TRUE
"3146","saginaw",2017,2017-04-11,101,10.9,6.95,15.3,16.65,7.55,6.15,2.75,3.9,8.46428571428571,28,28,112,112,TRUE
"3147","saginaw",2017,2017-04-12,102,10.7,9.7,6.95,15.3,16.65,7.55,6.15,2.75,9.29285714285714,28,28,112,112,TRUE
"3148","saginaw",2017,2017-04-13,103,10.5,6.35,9.7,6.95,15.3,16.65,7.55,6.15,9.80714285714286,28,28,112,112,TRUE
"3149","saginaw",2017,2017-04-14,104,10.5,10.55,6.35,9.7,6.95,15.3,16.65,7.55,10.4357142857143,28,28,112,112,TRUE
"3150","saginaw",2017,2017-04-15,105,12.1,17.75,10.55,6.35,9.7,6.95,15.3,16.65,11.8928571428571,28,28,112,112,TRUE
"3151","saginaw",2017,2017-04-16,106,13.9,15.3,17.75,10.55,6.35,9.7,6.95,15.3,11.7,28,28,112,112,TRUE
"3152","saginaw",2017,2017-04-17,107,14.1,8.6,15.3,17.75,10.55,6.35,9.7,6.95,10.7428571428571,28,28,112,112,TRUE
"3153","saginaw",2017,2017-04-18,108,13.5,10.3,8.6,15.3,17.75,10.55,6.35,9.7,11.2214285714286,28,28,112,112,TRUE
"3154","saginaw",2017,2017-04-19,109,14.1,15.85,10.3,8.6,15.3,17.75,10.55,6.35,12.1,28,28,112,112,TRUE
"3155","saginaw",2017,2017-04-20,110,13.8,8.9,15.85,10.3,8.6,15.3,17.75,10.55,12.4642857142857,28,28,112,112,TRUE
"3156","saginaw",2017,2017-04-21,111,12,7.8,8.9,15.85,10.3,8.6,15.3,17.75,12.0714285714286,28,28,112,112,TRUE
"3157","saginaw",2017,2017-04-22,112,11.5,8.65,7.8,8.9,15.85,10.3,8.6,15.3,10.7714285714286,28,28,112,112,TRUE
"3158","saginaw",2017,2017-04-23,113,12.5,13.05,8.65,7.8,8.9,15.85,10.3,8.6,10.45,28,28,112,112,TRUE
"3159","saginaw",2017,2017-04-24,114,13.5,10.55,13.05,8.65,7.8,8.9,15.85,10.3,10.7285714285714,28,28,112,112,TRUE
"3160","saginaw",2017,2017-04-25,115,14.4,15.25,10.55,13.05,8.65,7.8,8.9,15.85,11.4357142857143,28,28,112,112,TRUE
"3161","saginaw",2017,2017-04-26,116,15.8,20.55,15.25,10.55,13.05,8.65,7.8,8.9,12.1071428571429,28,28,112,112,TRUE
"3162","saginaw",2017,2017-04-27,117,16.9,15,20.55,15.25,10.55,13.05,8.65,7.8,12.9785714285714,28,28,112,112,TRUE
"3163","saginaw",2017,2017-04-28,118,15.9,11.95,15,20.55,15.25,10.55,13.05,8.65,13.5714285714286,28,28,112,112,TRUE
"3164","saginaw",2017,2017-04-29,119,15.8,8.9,11.95,15,20.55,15.25,10.55,13.05,13.6071428571429,28,28,112,112,TRUE
"3165","saginaw",2017,2017-04-30,120,14.1,6.1,8.9,11.95,15,20.55,15.25,10.55,12.6142857142857,28,28,112,112,TRUE
"3166","saginaw",2017,2017-05-01,121,12.2,13.05,6.1,8.9,11.95,15,20.55,15.25,12.9714285714286,28,28,112,112,TRUE
"3167","saginaw",2017,2017-05-02,122,11.7,7.8,13.05,6.1,8.9,11.95,15,20.55,11.9071428571429,28,28,112,112,TRUE
"3168","saginaw",2017,2017-05-03,123,11.5,8.35,7.8,13.05,6.1,8.9,11.95,15,10.1642857142857,28,28,112,112,TRUE
"3169","saginaw",2017,2017-05-04,124,11.8,9.15,8.35,7.8,13.05,6.1,8.9,11.95,9.32857142857143,28,28,112,112,TRUE
"3170","saginaw",2017,2017-05-05,125,11.5,9.45,9.15,8.35,7.8,13.05,6.1,8.9,8.97142857142857,28,28,112,112,TRUE
"3171","saginaw",2017,2017-05-06,126,11.9,10.3,9.45,9.15,8.35,7.8,13.05,6.1,9.17142857142857,28,28,112,112,TRUE
"3172","saginaw",2017,2017-05-07,127,11.9,7.5,10.3,9.45,9.15,8.35,7.8,13.05,9.37142857142857,28,28,112,112,TRUE
"3173","saginaw",2017,2017-05-08,128,12.2,6.4,7.5,10.3,9.45,9.15,8.35,7.8,8.42142857142857,28,28,112,112,TRUE
"3174","saginaw",2017,2017-05-09,129,12.9,7.3,6.4,7.5,10.3,9.45,9.15,8.35,8.35,28,28,112,112,TRUE
"3175","saginaw",2017,2017-05-10,130,13.4,12.8,7.3,6.4,7.5,10.3,9.45,9.15,8.98571428571429,28,28,112,112,TRUE
"3176","saginaw",2017,2017-05-11,131,14.4,12.25,12.8,7.3,6.4,7.5,10.3,9.45,9.42857142857143,28,28,112,112,TRUE
"3177","saginaw",2017,2017-05-12,132,15.3,11.65,12.25,12.8,7.3,6.4,7.5,10.3,9.74285714285714,28,28,112,112,TRUE
"3178","saginaw",2017,2017-05-13,133,16.3,13.65,11.65,12.25,12.8,7.3,6.4,7.5,10.2214285714286,28,28,112,112,TRUE
"3179","saginaw",2017,2017-05-14,134,16.5,14.15,13.65,11.65,12.25,12.8,7.3,6.4,11.1714285714286,28,28,112,112,TRUE
"3180","saginaw",2017,2017-05-15,135,16.5,14.15,14.15,13.65,11.65,12.25,12.8,7.3,12.2785714285714,28,28,112,112,TRUE
"3181","saginaw",2017,2017-05-16,136,18.1,20.25,14.15,14.15,13.65,11.65,12.25,12.8,14.1285714285714,28,28,112,112,TRUE
"3182","saginaw",2017,2017-05-17,137,19.8,25.3,20.25,14.15,14.15,13.65,11.65,12.25,15.9142857142857,28,28,112,112,TRUE
"3183","saginaw",2017,2017-05-18,138,20.9,17.5,25.3,20.25,14.15,14.15,13.65,11.65,16.6642857142857,28,28,112,112,TRUE
"3184","saginaw",2017,2017-05-19,139,20.1,8.9,17.5,25.3,20.25,14.15,14.15,13.65,16.2714285714286,28,28,112,112,TRUE
"3185","saginaw",2017,2017-05-20,140,17.6,13.35,8.9,17.5,25.3,20.25,14.15,14.15,16.2285714285714,28,28,112,112,TRUE
"3186","saginaw",2017,2017-05-21,141,16.6,16.95,13.35,8.9,17.5,25.3,20.25,14.15,16.6285714285714,28,28,112,112,TRUE
"3187","saginaw",2017,2017-05-22,142,16.7,14.7,16.95,13.35,8.9,17.5,25.3,20.25,16.7071428571429,28,28,112,112,TRUE
"3188","saginaw",2017,2017-05-23,143,17.4,17.8,14.7,16.95,13.35,8.9,17.5,25.3,16.3571428571429,28,28,112,112,TRUE
"3189","saginaw",2017,2017-05-24,144,18,13.9,17.8,14.7,16.95,13.35,8.9,17.5,14.7285714285714,28,28,112,112,TRUE
"3190","saginaw",2017,2017-05-25,145,17.1,14.45,13.9,17.8,14.7,16.95,13.35,8.9,14.2928571428571,28,28,112,112,TRUE
"3191","saginaw",2017,2017-05-26,146,17,16.65,14.45,13.9,17.8,14.7,16.95,13.35,15.4,28,28,112,112,TRUE
"3192","saginaw",2017,2017-05-27,147,18,18.35,16.65,14.45,13.9,17.8,14.7,16.95,16.1142857142857,28,28,112,112,TRUE
"3193","saginaw",2017,2017-05-28,148,19.6,20.55,18.35,16.65,14.45,13.9,17.8,14.7,16.6285714285714,28,28,112,112,TRUE
"3194","saginaw",2017,2017-05-29,149,20.5,18.9,20.55,18.35,16.65,14.45,13.9,17.8,17.2285714285714,28,28,112,112,TRUE
"3195","saginaw",2017,2017-05-30,150,20.3,16.7,18.9,20.55,18.35,16.65,14.45,13.9,17.0714285714286,28,28,112,112,TRUE
"3196","saginaw",2017,2017-05-31,151,19.6,15.3,16.7,18.9,20.55,18.35,16.65,14.45,17.2714285714286,28,28,112,112,TRUE
"3197","saginaw",2017,2017-06-01,152,19,15,15.3,16.7,18.9,20.55,18.35,16.65,17.35,28,28,112,112,TRUE
"3198","saginaw",2017,2017-06-02,153,19.5,19.45,15,15.3,16.7,18.9,20.55,18.35,17.75,28,28,112,112,TRUE
"3199","saginaw",2017,2017-06-03,154,20.3,18.6,19.45,15,15.3,16.7,18.9,20.55,17.7857142857143,28,28,112,112,TRUE
"3200","saginaw",2017,2017-06-04,155,21.5,23.1,18.6,19.45,15,15.3,16.7,18.9,18.15,28,28,112,112,TRUE
"3201","saginaw",2017,2017-06-05,156,21.8,15.85,23.1,18.6,19.45,15,15.3,16.7,17.7142857142857,28,28,112,112,TRUE
"3202","saginaw",2017,2017-06-06,157,21.8,15.85,15.85,23.1,18.6,19.45,15,15.3,17.5928571428571,28,28,112,112,TRUE
"3203","saginaw",2017,2017-06-07,158,21.1,17.2,15.85,15.85,23.1,18.6,19.45,15,17.8642857142857,28,28,112,112,TRUE
"3204","saginaw",2017,2017-06-08,159,21.5,19.2,17.2,15.85,15.85,23.1,18.6,19.45,18.4642857142857,28,28,112,112,TRUE
"3205","saginaw",2017,2017-06-09,160,22.3,20.6,19.2,17.2,15.85,15.85,23.1,18.6,18.6285714285714,28,28,112,112,TRUE
"3206","saginaw",2017,2017-06-10,161,23,22.75,20.6,19.2,17.2,15.85,15.85,23.1,19.2214285714286,28,28,112,112,TRUE
"3207","saginaw",2017,2017-06-11,162,24,27.5,22.75,20.6,19.2,17.2,15.85,15.85,19.85,28,28,112,112,TRUE
"3208","saginaw",2017,2017-06-12,163,24.4,27.5,27.5,22.75,20.6,19.2,17.2,15.85,21.5142857142857,28,28,112,112,TRUE
"3209","saginaw",2017,2017-06-13,164,24.8,22.8,27.5,27.5,22.75,20.6,19.2,17.2,22.5071428571429,28,28,112,112,TRUE
"3210","saginaw",2017,2017-06-14,165,26.1,23.6,22.8,27.5,27.5,22.75,20.6,19.2,23.4214285714286,28,28,112,112,TRUE
"3211","saginaw",2017,2017-06-15,166,26.5,24.4,23.6,22.8,27.5,27.5,22.75,20.6,24.1642857142857,28,28,112,112,TRUE
"3212","saginaw",2017,2017-06-16,167,26.3,23.3,24.4,23.6,22.8,27.5,27.5,22.75,24.55,28,28,112,112,TRUE
"3213","saginaw",2017,2017-06-17,168,24.3,22.25,23.3,24.4,23.6,22.8,27.5,27.5,24.4785714285714,28,28,112,112,TRUE
"3214","saginaw",2017,2017-06-18,169,23.7,22.75,22.25,23.3,24.4,23.6,22.8,27.5,23.8,28,28,112,112,TRUE
"3215","saginaw",2017,2017-06-19,170,22.6,20,22.75,22.25,23.3,24.4,23.6,22.8,22.7285714285714,28,28,112,112,TRUE
"3216","saginaw",2017,2017-06-20,171,21.5,17.8,20,22.75,22.25,23.3,24.4,23.6,22.0142857142857,28,28,112,112,TRUE
"3217","saginaw",2017,2017-06-21,172,21.1,18.35,17.8,20,22.75,22.25,23.3,24.4,21.2642857142857,28,28,112,112,TRUE
"3218","saginaw",2017,2017-06-22,173,21.3,23.05,18.35,17.8,20,22.75,22.25,23.3,21.0714285714286,28,28,112,112,TRUE
"3219","saginaw",2017,2017-06-23,174,21.3,21.95,23.05,18.35,17.8,20,22.75,22.25,20.8785714285714,28,28,112,112,TRUE
"3220","saginaw",2017,2017-06-24,175,20.7,18.6,21.95,23.05,18.35,17.8,20,22.75,20.3571428571429,28,28,112,112,TRUE
"3221","saginaw",2017,2017-06-25,176,20,15.85,18.6,21.95,23.05,18.35,17.8,20,19.3714285714286,28,28,112,112,TRUE
"3222","saginaw",2017,2017-06-26,177,19.5,16.4,15.85,18.6,21.95,23.05,18.35,17.8,18.8571428571429,28,28,112,112,TRUE
"3223","saginaw",2017,2017-06-27,178,19,16.65,16.4,15.85,18.6,21.95,23.05,18.35,18.6928571428571,28,28,112,112,TRUE
"3224","saginaw",2017,2017-06-28,179,19.1,18.3,16.65,16.4,15.85,18.6,21.95,23.05,18.6857142857143,28,28,112,112,TRUE
"3225","saginaw",2017,2017-06-29,180,19.7,22.8,18.3,16.65,16.4,15.85,18.6,21.95,18.65,28,28,112,112,TRUE
"3226","saginaw",2017,2017-06-30,181,20.8,23.9,22.8,18.3,16.65,16.4,15.85,18.6,18.9285714285714,28,28,112,112,TRUE
"3227","saginaw",2017,2017-07-01,182,22,23.05,23.9,22.8,18.3,16.65,16.4,15.85,19.5642857142857,28,28,112,112,TRUE
"3228","saginaw",2017,2017-07-02,183,22.9,21.4,23.05,23.9,22.8,18.3,16.65,16.4,20.3571428571429,28,28,112,112,TRUE
"3229","saginaw",2017,2017-07-03,184,22.9,20,21.4,23.05,23.9,22.8,18.3,16.65,20.8714285714286,28,28,112,112,TRUE
"3230","saginaw",2017,2017-07-04,185,23.2,20.8,20,21.4,23.05,23.9,22.8,18.3,21.4642857142857,28,28,112,112,TRUE
"3231","saginaw",2017,2017-07-05,186,23.8,22.25,20.8,20,21.4,23.05,23.9,22.8,22.0285714285714,28,28,112,112,TRUE
"3232","saginaw",2017,2017-07-06,187,24.7,24.45,22.25,20.8,20,21.4,23.05,23.9,22.2642857142857,28,28,112,112,TRUE
"3233","saginaw",2017,2017-07-07,188,25.1,24.4,24.45,22.25,20.8,20,21.4,23.05,22.3357142857143,28,28,112,112,TRUE
"3234","saginaw",2017,2017-07-08,189,25.7,20,24.4,24.45,22.25,20.8,20,21.4,21.9,28,28,112,112,TRUE
"3235","saginaw",2017,2017-07-09,190,25.2,21.35,20,24.4,24.45,22.25,20.8,20,21.8928571428571,28,28,112,112,TRUE
"3236","saginaw",2017,2017-07-10,191,24.5,22.25,21.35,20,24.4,24.45,22.25,20.8,22.2142857142857,28,28,112,112,TRUE
"3237","saginaw",2017,2017-07-11,192,24.3,23.9,22.25,21.35,20,24.4,24.45,22.25,22.6571428571429,28,28,112,112,TRUE
"3238","saginaw",2017,2017-07-12,193,25.4,24.45,23.9,22.25,21.35,20,24.4,24.45,22.9714285714286,28,28,112,112,TRUE
"3239","saginaw",2017,2017-07-13,194,25.6,24.2,24.45,23.9,22.25,21.35,20,24.4,22.9357142857143,28,28,112,112,TRUE
"3240","saginaw",2017,2017-07-14,195,25.4,21.4,24.2,24.45,23.9,22.25,21.35,20,22.5071428571429,28,28,112,112,TRUE
"3241","saginaw",2017,2017-07-15,196,24.9,20.85,21.4,24.2,24.45,23.9,22.25,21.35,22.6285714285714,28,28,112,112,TRUE
"3242","saginaw",2017,2017-07-16,197,25.1,20.25,20.85,21.4,24.2,24.45,23.9,22.25,22.4714285714286,28,28,112,112,TRUE
"3243","saginaw",2017,2017-07-17,198,24.2,19.75,20.25,20.85,21.4,24.2,24.45,23.9,22.1142857142857,28,28,112,112,TRUE
"3244","saginaw",2017,2017-07-18,199,24.6,23.05,19.75,20.25,20.85,21.4,24.2,24.45,21.9928571428571,28,28,112,112,TRUE
"3245","saginaw",2017,2017-07-19,200,25.3,25.25,23.05,19.75,20.25,20.85,21.4,24.2,22.1071428571429,28,28,112,112,TRUE
"3246","saginaw",2017,2017-07-20,201,26.3,26.65,25.25,23.05,19.75,20.25,20.85,21.4,22.4571428571429,28,28,112,112,TRUE
"3247","saginaw",2017,2017-07-21,202,26.9,25.25,26.65,25.25,23.05,19.75,20.25,20.85,23.0071428571429,28,28,112,112,TRUE
"3248","saginaw",2017,2017-07-22,203,27.3,23.35,25.25,26.65,25.25,23.05,19.75,20.25,23.3642857142857,28,28,112,112,TRUE
"3249","saginaw",2018,2018-04-02,92,5.6,0.0500000000000003,-0.5,3.4,2.85,5.3,5,7.75,3.40714285714286,29,29,112,112,TRUE
"3250","saginaw",2018,2018-04-03,93,6,2.5,0.0500000000000003,-0.5,3.4,2.85,5.3,5,2.65714285714286,29,29,112,112,TRUE
"3251","saginaw",2018,2018-04-04,94,5.1,-1.6,2.5,0.0500000000000003,-0.5,3.4,2.85,5.3,1.71428571428571,29,29,112,112,TRUE
"3252","saginaw",2018,2018-04-05,95,4.5,-1.65,-1.6,2.5,0.0500000000000003,-0.5,3.4,2.85,0.721428571428571,29,29,112,112,TRUE
"3253","saginaw",2018,2018-04-06,96,4.6,-1.1,-1.65,-1.6,2.5,0.0500000000000003,-0.5,3.4,0.157142857142857,29,29,112,112,TRUE
"3254","saginaw",2018,2018-04-07,97,4.2,-4.6,-1.1,-1.65,-1.6,2.5,0.0500000000000003,-0.5,-0.985714285714286,29,29,112,112,TRUE
"3255","saginaw",2018,2018-04-08,98,3.8,-2.45,-4.6,-1.1,-1.65,-1.6,2.5,0.0500000000000003,-1.26428571428571,29,29,112,112,TRUE
"3256","saginaw",2018,2018-04-09,99,4.4,0.6,-2.45,-4.6,-1.1,-1.65,-1.6,2.5,-1.18571428571429,29,29,112,112,TRUE
"3257","saginaw",2018,2018-04-10,100,5.1,2.25,0.6,-2.45,-4.6,-1.1,-1.65,-1.6,-1.22142857142857,29,29,112,112,TRUE
"3258","saginaw",2018,2018-04-11,101,5.5,6.4,2.25,0.6,-2.45,-4.6,-1.1,-1.65,-0.0785714285714285,29,29,112,112,TRUE
"3259","saginaw",2018,2018-04-12,102,7,12.25,6.4,2.25,0.6,-2.45,-4.6,-1.1,1.90714285714286,29,29,112,112,TRUE
"3260","saginaw",2018,2018-04-13,103,8.1,4.7,12.25,6.4,2.25,0.6,-2.45,-4.6,2.73571428571429,29,29,112,112,TRUE
"3261","saginaw",2018,2018-04-14,104,7.1,0.35,4.7,12.25,6.4,2.25,0.6,-2.45,3.44285714285714,29,29,112,112,TRUE
"3262","saginaw",2018,2018-04-15,105,3.6,-1.05,0.35,4.7,12.25,6.4,2.25,0.6,3.64285714285714,29,29,112,112,TRUE
"3263","saginaw",2018,2018-04-16,106,2.3,0.3,-1.05,0.35,4.7,12.25,6.4,2.25,3.6,29,29,112,112,TRUE
"3264","saginaw",2018,2018-04-17,107,2.4,-0.25,0.3,-1.05,0.35,4.7,12.25,6.4,3.24285714285714,29,29,112,112,TRUE
"3265","saginaw",2018,2018-04-18,108,3.2,2.25,-0.25,0.3,-1.05,0.35,4.7,12.25,2.65,29,29,112,112,TRUE
"3266","saginaw",2018,2018-04-19,109,4.4,4.8,2.25,-0.25,0.3,-1.05,0.35,4.7,1.58571428571429,29,29,112,112,TRUE
"3267","saginaw",2018,2018-04-20,110,5.6,6.7,4.8,2.25,-0.25,0.3,-1.05,0.35,1.87142857142857,29,29,112,112,TRUE
"3268","saginaw",2018,2018-04-21,111,6.9,8.1,6.7,4.8,2.25,-0.25,0.3,-1.05,2.97857142857143,29,29,112,112,TRUE
"3269","saginaw",2018,2018-04-22,112,8.2,8.9,8.1,6.7,4.8,2.25,-0.25,0.3,4.4,29,29,112,112,TRUE
"3270","saginaw",2018,2018-04-23,113,9.4,9.7,8.9,8.1,6.7,4.8,2.25,-0.25,5.74285714285714,29,29,112,112,TRUE
"3271","saginaw",2018,2018-04-24,114,10.5,12.8,9.7,8.9,8.1,6.7,4.8,2.25,7.60714285714286,29,29,112,112,TRUE
"3272","saginaw",2018,2018-04-25,115,11.1,7.5,12.8,9.7,8.9,8.1,6.7,4.8,8.35714285714286,29,29,112,112,TRUE
"3273","saginaw",2018,2018-04-26,116,11.3,8.65,7.5,12.8,9.7,8.9,8.1,6.7,8.90714285714286,29,29,112,112,TRUE
"3274","saginaw",2018,2018-04-27,117,11.5,7.5,8.65,7.5,12.8,9.7,8.9,8.1,9.02142857142857,29,29,112,112,TRUE
"3275","saginaw",2018,2018-04-28,118,11.3,6.4,7.5,8.65,7.5,12.8,9.7,8.9,8.77857142857143,29,29,112,112,TRUE
"3276","saginaw",2018,2018-04-29,119,11.7,6.75,6.4,7.5,8.65,7.5,12.8,9.7,8.47142857142857,29,29,112,112,TRUE
"3277","saginaw",2018,2018-04-30,120,12.3,11.65,6.75,6.4,7.5,8.65,7.5,12.8,8.75,29,29,112,112,TRUE
"3278","saginaw",2018,2018-05-01,121,14.1,21.4,11.65,6.75,6.4,7.5,8.65,7.5,9.97857142857143,29,29,112,112,TRUE
"3279","saginaw",2018,2018-05-02,122,15.8,22.25,21.4,11.65,6.75,6.4,7.5,8.65,12.0857142857143,29,29,112,112,TRUE
"3280","saginaw",2018,2018-05-03,123,16.9,13.9,22.25,21.4,11.65,6.75,6.4,7.5,12.8357142857143,29,29,112,112,TRUE
"3281","saginaw",2018,2018-05-04,124,16,17.25,13.9,22.25,21.4,11.65,6.75,6.4,14.2285714285714,29,29,112,112,TRUE
"3282","saginaw",2018,2018-05-05,125,15.7,18.9,17.25,13.9,22.25,21.4,11.65,6.75,16.0142857142857,29,29,112,112,TRUE
"3283","saginaw",2018,2018-05-06,126,15.7,11.65,18.9,17.25,13.9,22.25,21.4,11.65,16.7142857142857,29,29,112,112,TRUE
"3284","saginaw",2018,2018-05-07,127,15.6,12.5,11.65,18.9,17.25,13.9,22.25,21.4,16.8357142857143,29,29,112,112,TRUE
"3285","saginaw",2018,2018-05-08,128,16.5,18.9,12.5,11.65,18.9,17.25,13.9,22.25,16.4785714285714,29,29,112,112,TRUE
"3286","saginaw",2018,2018-05-09,129,17.8,20.55,18.9,12.5,11.65,18.9,17.25,13.9,16.2357142857143,29,29,112,112,TRUE
"3287","saginaw",2018,2018-05-10,130,17.9,13.05,20.55,18.9,12.5,11.65,18.9,17.25,16.1142857142857,29,29,112,112,TRUE
"3288","saginaw",2018,2018-05-11,131,16.2,5.55,13.05,20.55,18.9,12.5,11.65,18.9,14.4428571428571,29,29,112,112,TRUE
"3289","saginaw",2018,2018-05-12,132,14.5,9.45,5.55,13.05,20.55,18.9,12.5,11.65,13.0928571428571,29,29,112,112,TRUE
"3290","saginaw",2018,2018-05-13,133,14.9,13.6,9.45,5.55,13.05,20.55,18.9,12.5,13.3714285714286,29,29,112,112,TRUE
"3291","saginaw",2018,2018-05-14,134,16.4,18.05,13.6,9.45,5.55,13.05,20.55,18.9,14.1642857142857,29,29,112,112,TRUE
"3292","saginaw",2018,2018-05-15,135,17.6,16.15,18.05,13.6,9.45,5.55,13.05,20.55,13.7714285714286,29,29,112,112,TRUE
"3293","saginaw",2018,2018-05-16,136,18.2,16.95,16.15,18.05,13.6,9.45,5.55,13.05,13.2571428571429,29,29,112,112,TRUE
"3294","saginaw",2018,2018-05-17,137,19,13.6,16.95,16.15,18.05,13.6,9.45,5.55,13.3357142857143,29,29,112,112,TRUE
"3295","saginaw",2018,2018-05-18,138,18.5,15.55,13.6,16.95,16.15,18.05,13.6,9.45,14.7642857142857,29,29,112,112,TRUE
"3296","saginaw",2018,2018-05-19,139,18.2,15.85,15.55,13.6,16.95,16.15,18.05,13.6,15.6785714285714,29,29,112,112,TRUE
"3297","saginaw",2018,2018-05-20,140,17.6,12.75,15.85,15.55,13.6,16.95,16.15,18.05,15.5571428571429,29,29,112,112,TRUE
"3298","saginaw",2018,2018-05-21,141,16.5,12.5,12.75,15.85,15.55,13.6,16.95,16.15,14.7642857142857,29,29,112,112,TRUE
"3299","saginaw",2018,2018-05-22,142,16,14.45,12.5,12.75,15.85,15.55,13.6,16.95,14.5214285714286,29,29,112,112,TRUE
"3300","saginaw",2018,2018-05-23,143,16.6,18.6,14.45,12.5,12.75,15.85,15.55,13.6,14.7571428571429,29,29,112,112,TRUE
"3301","saginaw",2018,2018-05-24,144,18.7,21.1,18.6,14.45,12.5,12.75,15.85,15.55,15.8285714285714,29,29,112,112,TRUE
"3302","saginaw",2018,2018-05-25,145,20.5,24.2,21.1,18.6,14.45,12.5,12.75,15.85,17.0642857142857,29,29,112,112,TRUE
"3303","saginaw",2018,2018-05-26,146,22.1,24.45,24.2,21.1,18.6,14.45,12.5,12.75,18.2928571428571,29,29,112,112,TRUE
"3304","saginaw",2018,2018-05-27,147,23.3,25,24.45,24.2,21.1,18.6,14.45,12.5,20.0428571428571,29,29,112,112,TRUE
"3305","saginaw",2018,2018-05-28,148,23.4,25.55,25,24.45,24.2,21.1,18.6,14.45,21.9071428571429,29,29,112,112,TRUE
"3306","saginaw",2018,2018-05-29,149,24.3,22.2,25.55,25,24.45,24.2,21.1,18.6,23.0142857142857,29,29,112,112,TRUE
"3307","saginaw",2018,2018-05-30,150,24.8,23.9,22.2,25.55,25,24.45,24.2,21.1,23.7714285714286,29,29,112,112,TRUE
"3308","saginaw",2018,2018-05-31,151,25,25.85,23.9,22.2,25.55,25,24.45,24.2,24.45,29,29,112,112,TRUE
"3309","saginaw",2018,2018-06-01,152,24.5,20.85,25.85,23.9,22.2,25.55,25,24.45,23.9714285714286,29,29,112,112,TRUE
"3310","saginaw",2018,2018-06-02,153,22.8,13.35,20.85,25.85,23.9,22.2,25.55,25,22.3857142857143,29,29,112,112,TRUE
"3311","saginaw",2018,2018-06-03,154,21.6,18.9,13.35,20.85,25.85,23.9,22.2,25.55,21.5142857142857,29,29,112,112,TRUE
"3312","saginaw",2018,2018-06-04,155,21,17.8,18.9,13.35,20.85,25.85,23.9,22.2,20.4071428571429,29,29,112,112,TRUE
"3313","saginaw",2018,2018-06-05,156,20.7,15.3,17.8,18.9,13.35,20.85,25.85,23.9,19.4214285714286,29,29,112,112,TRUE
"3314","saginaw",2018,2018-06-06,157,20.4,15.25,15.3,17.8,18.9,13.35,20.85,25.85,18.1857142857143,29,29,112,112,TRUE
"3315","saginaw",2018,2018-06-07,158,21.3,21.65,15.25,15.3,17.8,18.9,13.35,20.85,17.5857142857143,29,29,112,112,TRUE
"3316","saginaw",2018,2018-06-08,159,22.1,20,21.65,15.25,15.3,17.8,18.9,13.35,17.4642857142857,29,29,112,112,TRUE
"3317","saginaw",2018,2018-06-09,160,22.6,17.5,20,21.65,15.25,15.3,17.8,18.9,18.0571428571429,29,29,112,112,TRUE
"3318","saginaw",2018,2018-06-10,161,21.5,18.3,17.5,20,21.65,15.25,15.3,17.8,17.9714285714286,29,29,112,112,TRUE
"3319","saginaw",2018,2018-06-11,162,20.4,19.45,18.3,17.5,20,21.65,15.25,15.3,18.2071428571429,29,29,112,112,TRUE
"3320","saginaw",2018,2018-06-12,163,21.2,19.7,19.45,18.3,17.5,20,21.65,15.25,18.8357142857143,29,29,112,112,TRUE
"3321","saginaw",2018,2018-06-13,164,22.5,21.1,19.7,19.45,18.3,17.5,20,21.65,19.6714285714286,29,29,112,112,TRUE
"3322","saginaw",2018,2018-06-14,165,23,21.1,21.1,19.7,19.45,18.3,17.5,20,19.5928571428571,29,29,112,112,TRUE
"3323","saginaw",2018,2018-06-15,166,23.5,19.45,21.1,21.1,19.7,19.45,18.3,17.5,19.5142857142857,29,29,112,112,TRUE
"3324","saginaw",2018,2018-06-16,167,23.9,23.05,19.45,21.1,21.1,19.7,19.45,18.3,20.3071428571429,29,29,112,112,TRUE
"3325","saginaw",2018,2018-06-17,168,24.4,27.75,23.05,19.45,21.1,21.1,19.7,19.45,21.6571428571429,29,29,112,112,TRUE
"3326","saginaw",2018,2018-06-18,169,25.4,26.15,27.75,23.05,19.45,21.1,21.1,19.7,22.6142857142857,29,29,112,112,TRUE
"3327","saginaw",2018,2018-06-19,170,25.7,19.75,26.15,27.75,23.05,19.45,21.1,21.1,22.6214285714286,29,29,112,112,TRUE
"3328","saginaw",2018,2018-06-20,171,25,19.7,19.75,26.15,27.75,23.05,19.45,21.1,22.4214285714286,29,29,112,112,TRUE
"3329","saginaw",2018,2018-06-21,172,24.6,17.2,19.7,19.75,26.15,27.75,23.05,19.45,21.8642857142857,29,29,112,112,TRUE
"3330","saginaw",2018,2018-06-22,173,23.3,19.15,17.2,19.7,19.75,26.15,27.75,23.05,21.8214285714286,29,29,112,112,TRUE
"3331","saginaw",2018,2018-06-23,174,22.6,20,19.15,17.2,19.7,19.75,26.15,27.75,21.3857142857143,29,29,112,112,TRUE
"3332","saginaw",2018,2018-06-24,175,22.6,19.45,20,19.15,17.2,19.7,19.75,26.15,20.2,29,29,112,112,TRUE
"3333","saginaw",2018,2018-06-25,176,22.7,17.25,19.45,20,19.15,17.2,19.7,19.75,18.9285714285714,29,29,112,112,TRUE
"3334","saginaw",2018,2018-06-26,177,22.9,18.6,17.25,19.45,20,19.15,17.2,19.7,18.7642857142857,29,29,112,112,TRUE
"3335","saginaw",2018,2018-06-27,178,22.8,20.55,18.6,17.25,19.45,20,19.15,17.2,18.8857142857143,29,29,112,112,TRUE
"3336","saginaw",2018,2018-06-28,179,22.6,23.35,20.55,18.6,17.25,19.45,20,19.15,19.7642857142857,29,29,112,112,TRUE
"3337","saginaw",2018,2018-06-29,180,24.3,25.25,23.35,20.55,18.6,17.25,19.45,20,20.6357142857143,29,29,112,112,TRUE
"3338","saginaw",2018,2018-06-30,181,26.1,29.45,25.25,23.35,20.55,18.6,17.25,19.45,21.9857142857143,29,29,112,112,TRUE
"3339","saginaw",2018,2018-07-01,182,27.7,29.15,29.45,25.25,23.35,20.55,18.6,17.25,23.3714285714286,29,29,112,112,TRUE
"3340","saginaw",2018,2018-07-02,183,28.4,25.3,29.15,29.45,25.25,23.35,20.55,18.6,24.5214285714286,29,29,112,112,TRUE
"3341","saginaw",2018,2018-07-03,184,28.7,25.55,25.3,29.15,29.45,25.25,23.35,20.55,25.5142857142857,29,29,112,112,TRUE
"3342","saginaw",2018,2018-07-04,185,29,27.5,25.55,25.3,29.15,29.45,25.25,23.35,26.5071428571429,29,29,112,112,TRUE
"3343","saginaw",2018,2018-07-05,186,29.3,27.5,27.5,25.55,25.3,29.15,29.45,25.25,27.1,29,29,112,112,TRUE
"3344","saginaw",2018,2018-07-06,187,29.1,19.4,27.5,27.5,25.55,25.3,29.15,29.45,26.2642857142857,29,29,112,112,TRUE
"3345","saginaw",2018,2018-07-07,188,28.2,18.9,19.4,27.5,27.5,25.55,25.3,29.15,24.7571428571429,29,29,112,112,TRUE
"3346","saginaw",2018,2018-07-08,189,27.1,21.95,18.9,19.4,27.5,27.5,25.55,25.3,23.7285714285714,29,29,112,112,TRUE
"3347","saginaw",2018,2018-07-09,190,27,24.2,21.95,18.9,19.4,27.5,27.5,25.55,23.5714285714286,29,29,112,112,TRUE
"3348","saginaw",2018,2018-07-10,191,27.1,24.15,24.2,21.95,18.9,19.4,27.5,27.5,23.3714285714286,29,29,112,112,TRUE
"3349","saginaw",2018,2018-07-11,192,27.2,21.1,24.15,24.2,21.95,18.9,19.4,27.5,22.4571428571429,29,29,112,112,TRUE
"3350","saginaw",2018,2018-07-12,193,27.2,21.4,21.1,24.15,24.2,21.95,18.9,19.4,21.5857142857143,29,29,112,112,TRUE
"3351","saginaw",2018,2018-07-13,194,26.8,25,21.4,21.1,24.15,24.2,21.95,18.9,22.3857142857143,29,29,112,112,TRUE
"3352","saginaw",2018,2018-07-14,195,27.1,25.25,25,21.4,21.1,24.15,24.2,21.95,23.2928571428571,29,29,112,112,TRUE
"3353","saginaw",2018,2018-07-15,196,27,26.15,25.25,25,21.4,21.1,24.15,24.2,23.8928571428571,29,29,112,112,TRUE
"3354","saginaw",2018,2018-07-16,197,28,25.25,26.15,25.25,25,21.4,21.1,24.15,24.0428571428571,29,29,112,112,TRUE
"3355","saginaw",2018,2018-07-17,198,28.1,21.4,25.25,26.15,25.25,25,21.4,21.1,23.65,29,29,112,112,TRUE
"3356","saginaw",2018,2018-07-18,199,27.4,19.75,21.4,25.25,26.15,25.25,25,21.4,23.4571428571429,29,29,112,112,TRUE
"3357","saginaw",2018,2018-07-19,200,26.9,21.1,19.75,21.4,25.25,26.15,25.25,25,23.4142857142857,29,29,112,112,TRUE
"3358","saginaw",2018,2018-07-20,201,26.3,23.05,21.1,19.75,21.4,25.25,26.15,25.25,23.1357142857143,29,29,112,112,TRUE
"3359","saginaw",2018,2018-07-21,202,26,22.25,23.05,21.1,19.75,21.4,25.25,26.15,22.7071428571429,29,29,112,112,TRUE
"3360","saginaw",2018,2018-07-22,203,25.3,20.55,22.25,23.05,21.1,19.75,21.4,25.25,21.9071428571429,29,29,112,112,TRUE
"3361","salmontrout",2010,2010-04-30,120,10.4,11.65,6.1,2.5,3.6,6.95,8.3,12.5,7.37142857142857,34,34,84,84,TRUE
"3362","salmontrout",2010,2010-05-01,121,12,17.25,11.65,6.1,2.5,3.6,6.95,8.3,8.05,34,34,84,84,TRUE
"3363","salmontrout",2010,2010-05-02,122,11,16.1,17.25,11.65,6.1,2.5,3.6,6.95,9.16428571428571,34,34,84,84,TRUE
"3364","salmontrout",2010,2010-05-03,123,9.5,13.3,16.1,17.25,11.65,6.1,2.5,3.6,10.0714285714286,34,34,84,84,TRUE
"3365","salmontrout",2010,2010-05-04,124,9.5,10.3,13.3,16.1,17.25,11.65,6.1,2.5,11.0285714285714,34,34,84,84,TRUE
"3366","salmontrout",2010,2010-05-05,125,9.3,9.2,10.3,13.3,16.1,17.25,11.65,6.1,11.9857142857143,34,34,84,84,TRUE
"3367","salmontrout",2010,2010-05-06,126,8.4,9.2,9.2,10.3,13.3,16.1,17.25,11.65,12.4285714285714,34,34,84,84,TRUE
"3368","salmontrout",2010,2010-05-07,127,5.9,2.2,9.2,9.2,10.3,13.3,16.1,17.25,11.0785714285714,34,34,84,84,TRUE
"3369","salmontrout",2010,2010-05-08,128,4.5,1.65,2.2,9.2,9.2,10.3,13.3,16.1,8.85,34,34,84,84,TRUE
"3370","salmontrout",2010,2010-05-09,129,6,2.5,1.65,2.2,9.2,9.2,10.3,13.3,6.90714285714286,34,34,84,84,TRUE
"3371","salmontrout",2010,2010-05-10,130,7,2.8,2.5,1.65,2.2,9.2,9.2,10.3,5.40714285714286,34,34,84,84,TRUE
"3372","salmontrout",2010,2010-05-11,131,7.4,9.7,2.8,2.5,1.65,2.2,9.2,9.2,5.32142857142857,34,34,84,84,TRUE
"3373","salmontrout",2010,2010-05-12,132,8.7,6.1,9.7,2.8,2.5,1.65,2.2,9.2,4.87857142857143,34,34,84,84,TRUE
"3374","salmontrout",2010,2010-05-13,133,8.2,8.6,6.1,9.7,2.8,2.5,1.65,2.2,4.79285714285714,34,34,84,84,TRUE
"3375","salmontrout",2010,2010-05-14,134,8.3,9.2,8.6,6.1,9.7,2.8,2.5,1.65,5.79285714285714,34,34,84,84,TRUE
"3376","salmontrout",2010,2010-05-15,135,9.3,6.4,9.2,8.6,6.1,9.7,2.8,2.5,6.47142857142857,34,34,84,84,TRUE
"3377","salmontrout",2010,2010-05-16,136,10.9,9.7,6.4,9.2,8.6,6.1,9.7,2.8,7.5,34,34,84,84,TRUE
"3378","salmontrout",2010,2010-05-17,137,11.4,13.05,9.7,6.4,9.2,8.6,6.1,9.7,8.96428571428571,34,34,84,84,TRUE
"3379","salmontrout",2010,2010-05-18,138,11.4,12.8,13.05,9.7,6.4,9.2,8.6,6.1,9.40714285714286,34,34,84,84,TRUE
"3380","salmontrout",2010,2010-05-19,139,12.3,15,12.8,13.05,9.7,6.4,9.2,8.6,10.6785714285714,34,34,84,84,TRUE
"3381","salmontrout",2010,2010-05-20,140,12,18.9,15,12.8,13.05,9.7,6.4,9.2,12.15,34,34,84,84,TRUE
"3382","salmontrout",2010,2010-05-21,141,11.7,11.9,18.9,15,12.8,13.05,9.7,6.4,12.5357142857143,34,34,84,84,TRUE
"3383","salmontrout",2010,2010-05-22,142,12,15.55,11.9,18.9,15,12.8,13.05,9.7,13.8428571428571,34,34,84,84,TRUE
"3384","salmontrout",2010,2010-05-23,143,14.6,16.1,15.55,11.9,18.9,15,12.8,13.05,14.7571428571429,34,34,84,84,TRUE
"3385","salmontrout",2010,2010-05-24,144,16.7,23.6,16.1,15.55,11.9,18.9,15,12.8,16.2642857142857,34,34,84,84,TRUE
"3386","salmontrout",2010,2010-05-25,145,17,28.6,23.6,16.1,15.55,11.9,18.9,15,18.5214285714286,34,34,84,84,TRUE
"3387","salmontrout",2010,2010-05-26,146,15.6,25.25,28.6,23.6,16.1,15.55,11.9,18.9,19.9857142857143,34,34,84,84,TRUE
"3388","salmontrout",2010,2010-05-27,147,13.7,18.6,25.25,28.6,23.6,16.1,15.55,11.9,19.9428571428571,34,34,84,84,TRUE
"3389","salmontrout",2010,2010-05-28,148,12.8,15.85,18.6,25.25,28.6,23.6,16.1,15.55,20.5071428571429,34,34,84,84,TRUE
"3390","salmontrout",2010,2010-05-29,149,13.3,13.3,15.85,18.6,25.25,28.6,23.6,16.1,20.1857142857143,34,34,84,84,TRUE
"3391","salmontrout",2010,2010-05-30,150,14.9,17.2,13.3,15.85,18.6,25.25,28.6,23.6,20.3428571428571,34,34,84,84,TRUE
"3392","salmontrout",2010,2010-05-31,151,14.4,19.15,17.2,13.3,15.85,18.6,25.25,28.6,19.7071428571429,34,34,84,84,TRUE
"3393","salmontrout",2010,2010-06-01,152,13.5,16.95,19.15,17.2,13.3,15.85,18.6,25.25,18.0428571428571,34,34,84,84,TRUE
"3394","salmontrout",2010,2010-06-02,153,12.7,19.45,16.95,19.15,17.2,13.3,15.85,18.6,17.2142857142857,34,34,84,84,TRUE
"3395","salmontrout",2010,2010-06-03,154,11.5,10.25,19.45,16.95,19.15,17.2,13.3,15.85,16.0214285714286,34,34,84,84,TRUE
"3396","salmontrout",2010,2010-06-04,155,11.3,13.6,10.25,19.45,16.95,19.15,17.2,13.3,15.7,34,34,84,84,TRUE
"3397","salmontrout",2010,2010-06-05,156,11.4,13.85,13.6,10.25,19.45,16.95,19.15,17.2,15.7785714285714,34,34,84,84,TRUE
"3398","salmontrout",2010,2010-06-06,157,11.1,11.95,13.85,13.6,10.25,19.45,16.95,19.15,15.0285714285714,34,34,84,84,TRUE
"3399","salmontrout",2010,2010-06-07,158,10.5,8.9,11.95,13.85,13.6,10.25,19.45,16.95,13.5642857142857,34,34,84,84,TRUE
"3400","salmontrout",2010,2010-06-08,159,10.6,12.25,8.9,11.95,13.85,13.6,10.25,19.45,12.8928571428571,34,34,84,84,TRUE
"3401","salmontrout",2010,2010-06-09,160,11.6,16.1,12.25,8.9,11.95,13.85,13.6,10.25,12.4142857142857,34,34,84,84,TRUE
"3402","salmontrout",2010,2010-06-10,161,11.7,16.1,16.1,12.25,8.9,11.95,13.85,13.6,13.25,34,34,84,84,TRUE
"3403","salmontrout",2010,2010-06-11,162,11.4,13.6,16.1,16.1,12.25,8.9,11.95,13.85,13.25,34,34,84,84,TRUE
"3404","salmontrout",2010,2010-06-12,163,11.4,12.5,13.6,16.1,16.1,12.25,8.9,11.95,13.0571428571429,34,34,84,84,TRUE
"3405","salmontrout",2010,2010-06-13,164,11.9,12.75,12.5,13.6,16.1,16.1,12.25,8.9,13.1714285714286,34,34,84,84,TRUE
"3406","salmontrout",2010,2010-06-14,165,12.1,16.1,12.75,12.5,13.6,16.1,16.1,12.25,14.2,34,34,84,84,TRUE
"3407","salmontrout",2010,2010-06-15,166,12,14.15,16.1,12.75,12.5,13.6,16.1,16.1,14.4714285714286,34,34,84,84,TRUE
"3408","salmontrout",2010,2010-06-16,167,12.3,12.8,14.15,16.1,12.75,12.5,13.6,16.1,14,34,34,84,84,TRUE
"3409","salmontrout",2010,2010-06-17,168,13.4,13.3,12.8,14.15,16.1,12.75,12.5,13.6,13.6,34,34,84,84,TRUE
"3410","salmontrout",2010,2010-06-18,169,15.6,20,13.3,12.8,14.15,16.1,12.75,12.5,14.5142857142857,34,34,84,84,TRUE
"3411","salmontrout",2010,2010-06-19,170,14.7,24.45,20,13.3,12.8,14.15,16.1,12.75,16.2214285714286,34,34,84,84,TRUE
"3412","salmontrout",2010,2010-06-20,171,13.7,16.65,24.45,20,13.3,12.8,14.15,16.1,16.7785714285714,34,34,84,84,TRUE
"3413","salmontrout",2010,2010-06-21,172,13.8,14.45,16.65,24.45,20,13.3,12.8,14.15,16.5428571428571,34,34,84,84,TRUE
"3414","salmontrout",2010,2010-06-22,173,14.5,19.45,14.45,16.65,24.45,20,13.3,12.8,17.3,34,34,84,84,TRUE
"3415","salmontrout",2010,2010-06-23,174,14.5,19.15,19.45,14.45,16.65,24.45,20,13.3,18.2071428571429,34,34,84,84,TRUE
"3416","salmontrout",2010,2010-06-24,175,14.2,18.85,19.15,19.45,14.45,16.65,24.45,20,19,34,34,84,84,TRUE
"3417","salmontrout",2010,2010-06-25,176,13.6,16.7,18.85,19.15,19.45,14.45,16.65,24.45,18.5285714285714,34,34,84,84,TRUE
"3418","salmontrout",2010,2010-06-26,177,14.3,18.6,16.7,18.85,19.15,19.45,14.45,16.65,17.6928571428571,34,34,84,84,TRUE
"3419","salmontrout",2010,2010-06-27,178,14.4,15.25,18.6,16.7,18.85,19.15,19.45,14.45,17.4928571428571,34,34,84,84,TRUE
"3420","salmontrout",2010,2010-06-28,179,13.5,17.5,15.25,18.6,16.7,18.85,19.15,19.45,17.9285714285714,34,34,84,84,TRUE
"3421","salmontrout",2010,2010-06-29,180,11.9,11.7,17.5,15.25,18.6,16.7,18.85,19.15,16.8214285714286,34,34,84,84,TRUE
"3422","salmontrout",2010,2010-06-30,181,11.4,11.7,11.7,17.5,15.25,18.6,16.7,18.85,15.7571428571429,34,34,84,84,TRUE
"3423","salmontrout",2010,2010-07-01,182,11,11.95,11.7,11.7,17.5,15.25,18.6,16.7,14.7714285714286,34,34,84,84,TRUE
"3424","salmontrout",2010,2010-07-02,183,14.1,14.7,11.95,11.7,11.7,17.5,15.25,18.6,14.4857142857143,34,34,84,84,TRUE
"3425","salmontrout",2010,2010-07-03,184,16.3,24.75,14.7,11.95,11.7,11.7,17.5,15.25,15.3642857142857,34,34,84,84,TRUE
"3426","salmontrout",2010,2010-07-04,185,17.3,27.75,24.75,14.7,11.95,11.7,11.7,17.5,17.15,34,34,84,84,TRUE
"3427","salmontrout",2010,2010-07-05,186,16.1,26.4,27.75,24.75,14.7,11.95,11.7,11.7,18.4214285714286,34,34,84,84,TRUE
"3428","salmontrout",2010,2010-07-06,187,16.3,22.2,26.4,27.75,24.75,14.7,11.95,11.7,19.9214285714286,34,34,84,84,TRUE
"3429","salmontrout",2010,2010-07-07,188,16.7,21.4,22.2,26.4,27.75,24.75,14.7,11.95,21.3071428571429,34,34,84,84,TRUE
"3430","salmontrout",2010,2010-07-08,189,16.5,21.7,21.4,22.2,26.4,27.75,24.75,14.7,22.7,34,34,84,84,TRUE
"3431","salmontrout",2010,2010-07-09,190,15.6,20.85,21.7,21.4,22.2,26.4,27.75,24.75,23.5785714285714,34,34,84,84,TRUE
"3432","salmontrout",2010,2010-07-10,191,15.1,20.6,20.85,21.7,21.4,22.2,26.4,27.75,22.9857142857143,34,34,84,84,TRUE
"3433","salmontrout",2010,2010-07-11,192,15.4,23.9,20.6,20.85,21.7,21.4,22.2,26.4,22.4357142857143,34,34,84,84,TRUE
"3434","salmontrout",2010,2010-07-12,193,14.7,19.45,23.9,20.6,20.85,21.7,21.4,22.2,21.4428571428571,34,34,84,84,TRUE
"3435","salmontrout",2010,2010-07-13,194,13.6,14.15,19.45,23.9,20.6,20.85,21.7,21.4,20.2928571428571,34,34,84,84,TRUE
"3436","salmontrout",2010,2010-07-14,195,14.4,16.1,14.15,19.45,23.9,20.6,20.85,21.7,19.5357142857143,34,34,84,84,TRUE
"3437","salmontrout",2010,2010-07-15,196,15.9,23.9,16.1,14.15,19.45,23.9,20.6,20.85,19.85,34,34,84,84,TRUE
"3438","salmontrout",2010,2010-07-16,197,16,21.65,23.9,16.1,14.15,19.45,23.9,20.6,19.9642857142857,34,34,84,84,TRUE
"3439","salmontrout",2010,2010-07-17,198,15.8,22.25,21.65,23.9,16.1,14.15,19.45,23.9,20.2,34,34,84,84,TRUE
"3440","salmontrout",2010,2010-07-18,199,14.7,18.85,22.25,21.65,23.9,16.1,14.15,19.45,19.4785714285714,34,34,84,84,TRUE
"3441","salmontrout",2010,2010-07-19,200,14.1,18.05,18.85,22.25,21.65,23.9,16.1,14.15,19.2785714285714,34,34,84,84,TRUE
"3442","salmontrout",2010,2010-07-20,201,14.3,19.45,18.05,18.85,22.25,21.65,23.9,16.1,20.0357142857143,34,34,84,84,TRUE
"3443","salmontrout",2010,2010-07-21,202,15,19.7,19.45,18.05,18.85,22.25,21.65,23.9,20.55,34,34,84,84,TRUE
"3444","salmontrout",2010,2010-07-22,203,14.4,20,19.7,19.45,18.05,18.85,22.25,21.65,19.9928571428571,34,34,84,84,TRUE
"3445","salmontrout",2011,2011-04-30,120,5.8,5.85,3.3,2.2,1.95,10.85,10.55,3.6,5.47142857142857,31,31,84,84,TRUE
"3446","salmontrout",2011,2011-05-01,121,6.1,10.55,5.85,3.3,2.2,1.95,10.85,10.55,6.46428571428571,31,31,84,84,TRUE
"3447","salmontrout",2011,2011-05-02,122,4.3,6.4,10.55,5.85,3.3,2.2,1.95,10.85,5.87142857142857,31,31,84,84,TRUE
"3448","salmontrout",2011,2011-05-03,123,5.2,-0.3,6.4,10.55,5.85,3.3,2.2,1.95,4.27857142857143,31,31,84,84,TRUE
"3449","salmontrout",2011,2011-05-04,124,6.7,3.6,-0.3,6.4,10.55,5.85,3.3,2.2,4.51428571428571,31,31,84,84,TRUE
"3450","salmontrout",2011,2011-05-05,125,6.8,10,3.6,-0.3,6.4,10.55,5.85,3.3,5.62857142857143,31,31,84,84,TRUE
"3451","salmontrout",2011,2011-05-06,126,6.3,10.8,10,3.6,-0.3,6.4,10.55,5.85,6.7,31,31,84,84,TRUE
"3452","salmontrout",2011,2011-05-07,127,7.2,3.3,10.8,10,3.6,-0.3,6.4,10.55,6.33571428571429,31,31,84,84,TRUE
"3453","salmontrout",2011,2011-05-08,128,8.8,7.5,3.3,10.8,10,3.6,-0.3,6.4,5.9,31,31,84,84,TRUE
"3454","salmontrout",2011,2011-05-09,129,9.2,11.95,7.5,3.3,10.8,10,3.6,-0.3,6.69285714285714,31,31,84,84,TRUE
"3455","salmontrout",2011,2011-05-10,130,10.3,13.35,11.95,7.5,3.3,10.8,10,3.6,8.64285714285714,31,31,84,84,TRUE
"3456","salmontrout",2011,2011-05-11,131,12.3,12.5,13.35,11.95,7.5,3.3,10.8,10,9.91428571428571,31,31,84,84,TRUE
"3457","salmontrout",2011,2011-05-12,132,12.3,17.8,12.5,13.35,11.95,7.5,3.3,10.8,11.0285714285714,31,31,84,84,TRUE
"3458","salmontrout",2011,2011-05-13,133,9.3,12.5,17.8,12.5,13.35,11.95,7.5,3.3,11.2714285714286,31,31,84,84,TRUE
"3459","salmontrout",2011,2011-05-14,134,7.6,5,12.5,17.8,12.5,13.35,11.95,7.5,11.5142857142857,31,31,84,84,TRUE
"3460","salmontrout",2011,2011-05-15,135,8,6.7,5,12.5,17.8,12.5,13.35,11.95,11.4,31,31,84,84,TRUE
"3461","salmontrout",2011,2011-05-16,136,8,3.05,6.7,5,12.5,17.8,12.5,13.35,10.1285714285714,31,31,84,84,TRUE
"3462","salmontrout",2011,2011-05-17,137,8.5,4.2,3.05,6.7,5,12.5,17.8,12.5,8.82142857142857,31,31,84,84,TRUE
"3463","salmontrout",2011,2011-05-18,138,9,6.65,4.2,3.05,6.7,5,12.5,17.8,7.98571428571429,31,31,84,84,TRUE
"3464","salmontrout",2011,2011-05-19,139,11,11.4,6.65,4.2,3.05,6.7,5,12.5,7.07142857142857,31,31,84,84,TRUE
"3465","salmontrout",2011,2011-05-20,140,12.8,13.05,11.4,6.65,4.2,3.05,6.7,5,7.15,31,31,84,84,TRUE
"3466","salmontrout",2011,2011-05-21,141,13.4,13.9,13.05,11.4,6.65,4.2,3.05,6.7,8.42142857142857,31,31,84,84,TRUE
"3467","salmontrout",2011,2011-05-22,142,14.7,15.55,13.9,13.05,11.4,6.65,4.2,3.05,9.68571428571429,31,31,84,84,TRUE
"3468","salmontrout",2011,2011-05-23,143,12.9,18.6,15.55,13.9,13.05,11.4,6.65,4.2,11.9071428571429,31,31,84,84,TRUE
"3469","salmontrout",2011,2011-05-24,144,10.3,12.5,18.6,15.55,13.9,13.05,11.4,6.65,13.0928571428571,31,31,84,84,TRUE
"3470","salmontrout",2011,2011-05-25,145,9.5,3.35,12.5,18.6,15.55,13.9,13.05,11.4,12.6214285714286,31,31,84,84,TRUE
"3471","salmontrout",2011,2011-05-26,146,8.6,5,3.35,12.5,18.6,15.55,13.9,13.05,11.7071428571429,31,31,84,84,TRUE
"3472","salmontrout",2011,2011-05-27,147,8.3,0.85,5,3.35,12.5,18.6,15.55,13.9,9.96428571428572,31,31,84,84,TRUE
"3473","salmontrout",2011,2011-05-28,148,9.9,6.65,0.85,5,3.35,12.5,18.6,15.55,8.92857142857143,31,31,84,84,TRUE
"3474","salmontrout",2011,2011-05-29,149,11.7,10.55,6.65,0.85,5,3.35,12.5,18.6,8.21428571428572,31,31,84,84,TRUE
"3475","salmontrout",2011,2011-05-30,150,11.3,15.55,10.55,6.65,0.85,5,3.35,12.5,7.77857142857143,31,31,84,84,TRUE
"3476","salmontrout",2011,2011-05-31,151,14.5,15,15.55,10.55,6.65,0.85,5,3.35,8.13571428571429,31,31,84,84,TRUE
"3477","salmontrout",2011,2011-06-01,152,12,22.2,15,15.55,10.55,6.65,0.85,5,10.8285714285714,31,31,84,84,TRUE
"3478","salmontrout",2011,2011-06-02,153,10.9,9.2,22.2,15,15.55,10.55,6.65,0.85,11.4285714285714,31,31,84,84,TRUE
"3479","salmontrout",2011,2011-06-03,154,12.8,11.4,9.2,22.2,15,15.55,10.55,6.65,12.9357142857143,31,31,84,84,TRUE
"3480","salmontrout",2011,2011-06-04,155,15,19.2,11.4,9.2,22.2,15,15.55,10.55,14.7285714285714,31,31,84,84,TRUE
"3481","salmontrout",2011,2011-06-05,156,13.6,18.6,19.2,11.4,9.2,22.2,15,15.55,15.8785714285714,31,31,84,84,TRUE
"3482","salmontrout",2011,2011-06-06,157,14.3,13.3,18.6,19.2,11.4,9.2,22.2,15,15.5571428571429,31,31,84,84,TRUE
"3483","salmontrout",2011,2011-06-07,158,15,16.95,13.3,18.6,19.2,11.4,9.2,22.2,15.8357142857143,31,31,84,84,TRUE
"3484","salmontrout",2011,2011-06-08,159,16.1,20.55,16.95,13.3,18.6,19.2,11.4,9.2,15.6,31,31,84,84,TRUE
"3485","salmontrout",2011,2011-06-09,160,11.2,14.7,20.55,16.95,13.3,18.6,19.2,11.4,16.3857142857143,31,31,84,84,TRUE
"3486","salmontrout",2011,2011-06-10,161,9.4,6.1,14.7,20.55,16.95,13.3,18.6,19.2,15.6285714285714,31,31,84,84,TRUE
"3487","salmontrout",2011,2011-06-11,162,9.7,7.2,6.1,14.7,20.55,16.95,13.3,18.6,13.9142857142857,31,31,84,84,TRUE
"3488","salmontrout",2011,2011-06-12,163,10.4,8.6,7.2,6.1,14.7,20.55,16.95,13.3,12.4857142857143,31,31,84,84,TRUE
"3489","salmontrout",2011,2011-06-13,164,11.7,12.75,8.6,7.2,6.1,14.7,20.55,16.95,12.4071428571429,31,31,84,84,TRUE
"3490","salmontrout",2011,2011-06-14,165,13,15,12.75,8.6,7.2,6.1,14.7,20.55,12.1285714285714,31,31,84,84,TRUE
"3491","salmontrout",2011,2011-06-15,166,13.5,16.95,15,12.75,8.6,7.2,6.1,14.7,11.6142857142857,31,31,84,84,TRUE
"3492","salmontrout",2011,2011-06-16,167,13.2,18.35,16.95,15,12.75,8.6,7.2,6.1,12.1357142857143,31,31,84,84,TRUE
"3493","salmontrout",2011,2011-06-17,168,13.6,14.15,18.35,16.95,15,12.75,8.6,7.2,13.2857142857143,31,31,84,84,TRUE
"3494","salmontrout",2011,2011-06-18,169,12.7,14.75,14.15,18.35,16.95,15,12.75,8.6,14.3642857142857,31,31,84,84,TRUE
"3495","salmontrout",2011,2011-06-19,170,11.6,12.25,14.75,14.15,18.35,16.95,15,12.75,14.8857142857143,31,31,84,84,TRUE
"3496","salmontrout",2011,2011-06-20,171,12,9.45,12.25,14.75,14.15,18.35,16.95,15,14.4142857142857,31,31,84,84,TRUE
"3497","salmontrout",2011,2011-06-21,172,11.7,10.85,9.45,12.25,14.75,14.15,18.35,16.95,13.8214285714286,31,31,84,84,TRUE
"3498","salmontrout",2011,2011-06-22,173,11.7,11.65,10.85,9.45,12.25,14.75,14.15,18.35,13.0642857142857,31,31,84,84,TRUE
"3499","salmontrout",2011,2011-06-23,174,11.2,8.6,11.65,10.85,9.45,12.25,14.75,14.15,11.6714285714286,31,31,84,84,TRUE
"3500","salmontrout",2011,2011-06-24,175,11.2,10,8.6,11.65,10.85,9.45,12.25,14.75,11.0785714285714,31,31,84,84,TRUE
"3501","salmontrout",2011,2011-06-25,176,12.3,13.9,10,8.6,11.65,10.85,9.45,12.25,10.9571428571429,31,31,84,84,TRUE
"3502","salmontrout",2011,2011-06-26,177,14,16.4,13.9,10,8.6,11.65,10.85,9.45,11.55,31,31,84,84,TRUE
"3503","salmontrout",2011,2011-06-27,178,14.3,20.8,16.4,13.9,10,8.6,11.65,10.85,13.1714285714286,31,31,84,84,TRUE
"3504","salmontrout",2011,2011-06-28,179,13.3,17.75,20.8,16.4,13.9,10,8.6,11.65,14.1571428571429,31,31,84,84,TRUE
"3505","salmontrout",2011,2011-06-29,180,12.6,11.95,17.75,20.8,16.4,13.9,10,8.6,14.2,31,31,84,84,TRUE
"3506","salmontrout",2011,2011-06-30,181,14.3,13.9,11.95,17.75,20.8,16.4,13.9,10,14.9571428571429,31,31,84,84,TRUE
"3507","salmontrout",2011,2011-07-01,182,16.6,22.5,13.9,11.95,17.75,20.8,16.4,13.9,16.7428571428571,31,31,84,84,TRUE
"3508","salmontrout",2011,2011-07-02,183,17,25.55,22.5,13.9,11.95,17.75,20.8,16.4,18.4071428571429,31,31,84,84,TRUE
"3509","salmontrout",2011,2011-07-03,184,15.2,21.65,25.55,22.5,13.9,11.95,17.75,20.8,19.1571428571429,31,31,84,84,TRUE
"3510","salmontrout",2011,2011-07-04,185,14.4,19.7,21.65,25.55,22.5,13.9,11.95,17.75,19,31,31,84,84,TRUE
"3511","salmontrout",2011,2011-07-05,186,16,20.85,19.7,21.65,25.55,22.5,13.9,11.95,19.4428571428571,31,31,84,84,TRUE
"3512","salmontrout",2011,2011-07-06,187,15.2,22.25,20.85,19.7,21.65,25.55,22.5,13.9,20.9142857142857,31,31,84,84,TRUE
"3513","salmontrout",2011,2011-07-07,188,14.6,18.6,22.25,20.85,19.7,21.65,25.55,22.5,21.5857142857143,31,31,84,84,TRUE
"3514","salmontrout",2011,2011-07-08,189,14.9,20.25,18.6,22.25,20.85,19.7,21.65,25.55,21.2642857142857,31,31,84,84,TRUE
"3515","salmontrout",2011,2011-07-09,190,13.9,16.65,20.25,18.6,22.25,20.85,19.7,21.65,19.9928571428571,31,31,84,84,TRUE
"3516","salmontrout",2011,2011-07-10,191,16,20.85,16.65,20.25,18.6,22.25,20.85,19.7,19.8785714285714,31,31,84,84,TRUE
"3517","salmontrout",2011,2011-07-11,192,16.7,24.45,20.85,16.65,20.25,18.6,22.25,20.85,20.5571428571429,31,31,84,84,TRUE
"3518","salmontrout",2011,2011-07-12,193,15.2,21.65,24.45,20.85,16.65,20.25,18.6,22.25,20.6714285714286,31,31,84,84,TRUE
"3519","salmontrout",2011,2011-07-13,194,14,16.95,21.65,24.45,20.85,16.65,20.25,18.6,19.9142857142857,31,31,84,84,TRUE
"3520","salmontrout",2011,2011-07-14,195,13.1,12.8,16.95,21.65,24.45,20.85,16.65,20.25,19.0857142857143,31,31,84,84,TRUE
"3521","salmontrout",2011,2011-07-15,196,14.2,15.85,12.8,16.95,21.65,24.45,20.85,16.65,18.4571428571429,31,31,84,84,TRUE
"3522","salmontrout",2011,2011-07-16,197,15.6,20.85,15.85,12.8,16.95,21.65,24.45,20.85,19.0571428571429,31,31,84,84,TRUE
"3523","salmontrout",2011,2011-07-17,198,17,24.2,20.85,15.85,12.8,16.95,21.65,24.45,19.5357142857143,31,31,84,84,TRUE
"3524","salmontrout",2011,2011-07-18,199,17.5,26.65,24.2,20.85,15.85,12.8,16.95,21.65,19.85,31,31,84,84,TRUE
"3525","salmontrout",2011,2011-07-19,200,17,23.6,26.65,24.2,20.85,15.85,12.8,16.95,20.1285714285714,31,31,84,84,TRUE
"3526","salmontrout",2011,2011-07-20,201,18,22.8,23.6,26.65,24.2,20.85,15.85,12.8,20.9642857142857,31,31,84,84,TRUE
"3527","salmontrout",2011,2011-07-21,202,18.3,27.25,22.8,23.6,26.65,24.2,20.85,15.85,23.0285714285714,31,31,84,84,TRUE
"3528","salmontrout",2011,2011-07-22,203,17.2,25,27.25,22.8,23.6,26.65,24.2,20.85,24.3357142857143,31,31,84,84,TRUE
"3529","salmontrout",2014,2014-04-30,120,2.3,1.1,3.35,0.55,-1.7,2.2,2.8,3.6,1.7,35,35,84,84,TRUE
"3530","salmontrout",2014,2014-05-01,121,2.9,3.35,1.1,3.35,0.55,-1.7,2.2,2.8,1.66428571428571,35,35,84,84,TRUE
"3531","salmontrout",2014,2014-05-02,122,3.4,3.65,3.35,1.1,3.35,0.55,-1.7,2.2,1.78571428571429,35,35,84,84,TRUE
"3532","salmontrout",2014,2014-05-03,123,3.4,6.1,3.65,3.35,1.1,3.35,0.55,-1.7,2.34285714285714,35,35,84,84,TRUE
"3533","salmontrout",2014,2014-05-04,124,3.4,5.8,6.1,3.65,3.35,1.1,3.35,0.55,3.41428571428571,35,35,84,84,TRUE
"3534","salmontrout",2014,2014-05-05,125,3.7,1.95,5.8,6.1,3.65,3.35,1.1,3.35,3.61428571428571,35,35,84,84,TRUE
"3535","salmontrout",2014,2014-05-06,126,4.5,1.4,1.95,5.8,6.1,3.65,3.35,1.1,3.33571428571429,35,35,84,84,TRUE
"3536","salmontrout",2014,2014-05-07,127,5.5,3.85,1.4,1.95,5.8,6.1,3.65,3.35,3.72857142857143,35,35,84,84,TRUE
"3537","salmontrout",2014,2014-05-08,128,6.2,7.75,3.85,1.4,1.95,5.8,6.1,3.65,4.35714285714286,35,35,84,84,TRUE
"3538","salmontrout",2014,2014-05-09,129,8.1,9.45,7.75,3.85,1.4,1.95,5.8,6.1,5.18571428571429,35,35,84,84,TRUE
"3539","salmontrout",2014,2014-05-10,130,8.7,15.3,9.45,7.75,3.85,1.4,1.95,5.8,6.5,35,35,84,84,TRUE
"3540","salmontrout",2014,2014-05-11,131,9.1,12.5,15.3,9.45,7.75,3.85,1.4,1.95,7.45714285714286,35,35,84,84,TRUE
"3541","salmontrout",2014,2014-05-12,132,7.7,10.55,12.5,15.3,9.45,7.75,3.85,1.4,8.68571428571429,35,35,84,84,TRUE
"3542","salmontrout",2014,2014-05-13,133,8.4,7.2,10.55,12.5,15.3,9.45,7.75,3.85,9.51428571428571,35,35,84,84,TRUE
"3543","salmontrout",2014,2014-05-14,134,8,9.15,7.2,10.55,12.5,15.3,9.45,7.75,10.2714285714286,35,35,84,84,TRUE
"3544","salmontrout",2014,2014-05-15,135,6,7.2,9.15,7.2,10.55,12.5,15.3,9.45,10.1928571428571,35,35,84,84,TRUE
"3545","salmontrout",2014,2014-05-16,136,5.5,1.95,7.2,9.15,7.2,10.55,12.5,15.3,9.12142857142857,35,35,84,84,TRUE
"3546","salmontrout",2014,2014-05-17,137,7.2,2.5,1.95,7.2,9.15,7.2,10.55,12.5,7.29285714285714,35,35,84,84,TRUE
"3547","salmontrout",2014,2014-05-18,138,8.8,10.25,2.5,1.95,7.2,9.15,7.2,10.55,6.97142857142857,35,35,84,84,TRUE
"3548","salmontrout",2014,2014-05-19,139,10.3,16.65,10.25,2.5,1.95,7.2,9.15,7.2,7.84285714285714,35,35,84,84,TRUE
"3549","salmontrout",2014,2014-05-20,140,10.1,15.55,16.65,10.25,2.5,1.95,7.2,9.15,9.03571428571429,35,35,84,84,TRUE
"3550","salmontrout",2014,2014-05-21,141,10.6,10.55,15.55,16.65,10.25,2.5,1.95,7.2,9.23571428571429,35,35,84,84,TRUE
"3551","salmontrout",2014,2014-05-22,142,11,12.8,10.55,15.55,16.65,10.25,2.5,1.95,10.0357142857143,35,35,84,84,TRUE
"3552","salmontrout",2014,2014-05-23,143,11.7,10.55,12.8,10.55,15.55,16.65,10.25,2.5,11.2642857142857,35,35,84,84,TRUE
"3553","salmontrout",2014,2014-05-24,144,13,13.9,10.55,12.8,10.55,15.55,16.65,10.25,12.8928571428571,35,35,84,84,TRUE
"3554","salmontrout",2014,2014-05-25,145,14.7,17.25,13.9,10.55,12.8,10.55,15.55,16.65,13.8928571428571,35,35,84,84,TRUE
"3555","salmontrout",2014,2014-05-26,146,15.2,21.1,17.25,13.9,10.55,12.8,10.55,15.55,14.5285714285714,35,35,84,84,TRUE
"3556","salmontrout",2014,2014-05-27,147,13.9,17.75,21.1,17.25,13.9,10.55,12.8,10.55,14.8428571428571,35,35,84,84,TRUE
"3557","salmontrout",2014,2014-05-28,148,12.2,8.35,17.75,21.1,17.25,13.9,10.55,12.8,14.5285714285714,35,35,84,84,TRUE
"3558","salmontrout",2014,2014-05-29,149,12.8,10,8.35,17.75,21.1,17.25,13.9,10.55,14.1285714285714,35,35,84,84,TRUE
"3559","salmontrout",2014,2014-05-30,150,14.3,13.9,10,8.35,17.75,21.1,17.25,13.9,14.6071428571429,35,35,84,84,TRUE
"3560","salmontrout",2014,2014-05-31,151,15.6,16.4,13.9,10,8.35,17.75,21.1,17.25,14.9642857142857,35,35,84,84,TRUE
"3561","salmontrout",2014,2014-06-01,152,15.6,26.1,16.4,13.9,10,8.35,17.75,21.1,16.2285714285714,35,35,84,84,TRUE
"3562","salmontrout",2014,2014-06-02,153,14.8,20.3,26.1,16.4,13.9,10,8.35,17.75,16.1142857142857,35,35,84,84,TRUE
"3563","salmontrout",2014,2014-06-03,154,13.3,15.8,20.3,26.1,16.4,13.9,10,8.35,15.8357142857143,35,35,84,84,TRUE
"3564","salmontrout",2014,2014-06-04,155,12.5,13.05,15.8,20.3,26.1,16.4,13.9,10,16.5071428571429,35,35,84,84,TRUE
"3565","salmontrout",2014,2014-06-05,156,12.2,11.65,13.05,15.8,20.3,26.1,16.4,13.9,16.7428571428571,35,35,84,84,TRUE
"3566","salmontrout",2014,2014-06-06,157,14,14.15,11.65,13.05,15.8,20.3,26.1,16.4,16.7785714285714,35,35,84,84,TRUE
"3567","salmontrout",2014,2014-06-07,158,13,15.3,14.15,11.65,13.05,15.8,20.3,26.1,16.6214285714286,35,35,84,84,TRUE
"3568","salmontrout",2014,2014-06-08,159,11.8,11.4,15.3,14.15,11.65,13.05,15.8,20.3,14.5214285714286,35,35,84,84,TRUE
"3569","salmontrout",2014,2014-06-09,160,10.7,10.3,11.4,15.3,14.15,11.65,13.05,15.8,13.0928571428571,35,35,84,84,TRUE
"3570","salmontrout",2014,2014-06-10,161,11.1,9.75,10.3,11.4,15.3,14.15,11.65,13.05,12.2285714285714,35,35,84,84,TRUE
"3571","salmontrout",2014,2014-06-11,162,12.2,11.1,9.75,10.3,11.4,15.3,14.15,11.65,11.95,35,35,84,84,TRUE
"3572","salmontrout",2014,2014-06-12,163,12.4,14.15,11.1,9.75,10.3,11.4,15.3,14.15,12.3071428571429,35,35,84,84,TRUE
"3573","salmontrout",2014,2014-06-13,164,10.3,13.65,14.15,11.1,9.75,10.3,11.4,15.3,12.2357142857143,35,35,84,84,TRUE
"3574","salmontrout",2014,2014-06-14,165,9.6,8.6,13.65,14.15,11.1,9.75,10.3,11.4,11.2785714285714,35,35,84,84,TRUE
"3575","salmontrout",2014,2014-06-15,166,11.3,10.55,8.6,13.65,14.15,11.1,9.75,10.3,11.1571428571429,35,35,84,84,TRUE
"3576","salmontrout",2014,2014-06-16,167,13.5,16.65,10.55,8.6,13.65,14.15,11.1,9.75,12.0642857142857,35,35,84,84,TRUE
"3577","salmontrout",2014,2014-06-17,168,15,23.05,16.65,10.55,8.6,13.65,14.15,11.1,13.9642857142857,35,35,84,84,TRUE
"3578","salmontrout",2014,2014-06-18,169,13.9,18.6,23.05,16.65,10.55,8.6,13.65,14.15,15.0357142857143,35,35,84,84,TRUE
"3579","salmontrout",2014,2014-06-19,170,13,11.4,18.6,23.05,16.65,10.55,8.6,13.65,14.6428571428571,35,35,84,84,TRUE
"3580","salmontrout",2014,2014-06-20,171,11.7,12.75,11.4,18.6,23.05,16.65,10.55,8.6,14.5142857142857,35,35,84,84,TRUE
"3581","salmontrout",2014,2014-06-21,172,11.9,8.9,12.75,11.4,18.6,23.05,16.65,10.55,14.5571428571429,35,35,84,84,TRUE
"3582","salmontrout",2014,2014-06-22,173,13.4,13.3,8.9,12.75,11.4,18.6,23.05,16.65,14.95,35,35,84,84,TRUE
"3583","salmontrout",2014,2014-06-23,174,14.8,15,13.3,8.9,12.75,11.4,18.6,23.05,14.7142857142857,35,35,84,84,TRUE
"3584","salmontrout",2014,2014-06-24,175,13.6,14.7,15,13.3,8.9,12.75,11.4,18.6,13.5214285714286,35,35,84,84,TRUE
"3585","salmontrout",2014,2014-06-25,176,11.8,7.75,14.7,15,13.3,8.9,12.75,11.4,11.9714285714286,35,35,84,84,TRUE
"3586","salmontrout",2014,2014-06-26,177,12.1,7.5,7.75,14.7,15,13.3,8.9,12.75,11.4142857142857,35,35,84,84,TRUE
"3587","salmontrout",2014,2014-06-27,178,13.7,12.5,7.5,7.75,14.7,15,13.3,8.9,11.3785714285714,35,35,84,84,TRUE
"3588","salmontrout",2014,2014-06-28,179,16.3,20,12.5,7.5,7.75,14.7,15,13.3,12.9642857142857,35,35,84,84,TRUE
"3589","salmontrout",2014,2014-06-29,180,17,25.85,20,12.5,7.5,7.75,14.7,15,14.7571428571429,35,35,84,84,TRUE
"3590","salmontrout",2014,2014-06-30,181,16.9,23.9,25.85,20,12.5,7.5,7.75,14.7,16.0285714285714,35,35,84,84,TRUE
"3591","salmontrout",2014,2014-07-01,182,16,25,23.9,25.85,20,12.5,7.5,7.75,17.5,35,35,84,84,TRUE
"3592","salmontrout",2014,2014-07-02,183,13.7,17.8,25,23.9,25.85,20,12.5,7.5,18.9357142857143,35,35,84,84,TRUE
"3593","salmontrout",2014,2014-07-03,184,12.7,14.4,17.8,25,23.9,25.85,20,12.5,19.9214285714286,35,35,84,84,TRUE
"3594","salmontrout",2014,2014-07-04,185,12.7,15.85,14.4,17.8,25,23.9,25.85,20,20.4,35,35,84,84,TRUE
"3595","salmontrout",2014,2014-07-05,186,14.2,20,15.85,14.4,17.8,25,23.9,25.85,20.4,35,35,84,84,TRUE
"3596","salmontrout",2014,2014-07-06,187,15.4,23.3,20,15.85,14.4,17.8,25,23.9,20.0357142857143,35,35,84,84,TRUE
"3597","salmontrout",2014,2014-07-07,188,15.4,21.65,23.3,20,15.85,14.4,17.8,25,19.7142857142857,35,35,84,84,TRUE
"3598","salmontrout",2014,2014-07-08,189,12.7,17.25,21.65,23.3,20,15.85,14.4,17.8,18.6071428571429,35,35,84,84,TRUE
"3599","salmontrout",2014,2014-07-09,190,12.3,10.85,17.25,21.65,23.3,20,15.85,14.4,17.6142857142857,35,35,84,84,TRUE
"3600","salmontrout",2014,2014-07-10,191,12.5,12.75,10.85,17.25,21.65,23.3,20,15.85,17.3785714285714,35,35,84,84,TRUE
"3601","salmontrout",2014,2014-07-11,192,13.8,16.7,12.75,10.85,17.25,21.65,23.3,20,17.5,35,35,84,84,TRUE
"3602","salmontrout",2014,2014-07-12,193,14.6,22.2,16.7,12.75,10.85,17.25,21.65,23.3,17.8142857142857,35,35,84,84,TRUE
"3603","salmontrout",2014,2014-07-13,194,14.1,20.3,22.2,16.7,12.75,10.85,17.25,21.65,17.3857142857143,35,35,84,84,TRUE
"3604","salmontrout",2014,2014-07-14,195,12.7,16.7,20.3,22.2,16.7,12.75,10.85,17.25,16.6785714285714,35,35,84,84,TRUE
"3605","salmontrout",2014,2014-07-15,196,11.6,14.45,16.7,20.3,22.2,16.7,12.75,10.85,16.2785714285714,35,35,84,84,TRUE
"3606","salmontrout",2014,2014-07-16,197,12.1,11.1,14.45,16.7,20.3,22.2,16.7,12.75,16.3142857142857,35,35,84,84,TRUE
"3607","salmontrout",2014,2014-07-17,198,12.4,15.85,11.1,14.45,16.7,20.3,22.2,16.7,16.7571428571429,35,35,84,84,TRUE
"3608","salmontrout",2014,2014-07-18,199,13.7,19.45,15.85,11.1,14.45,16.7,20.3,22.2,17.15,35,35,84,84,TRUE
"3609","salmontrout",2014,2014-07-19,200,14.8,22.5,19.45,15.85,11.1,14.45,16.7,20.3,17.1928571428571,35,35,84,84,TRUE
"3610","salmontrout",2014,2014-07-20,201,15.8,22.8,22.5,19.45,15.85,11.1,14.45,16.7,17.55,35,35,84,84,TRUE
"3611","salmontrout",2014,2014-07-21,202,16.6,25,22.8,22.5,19.45,15.85,11.1,14.45,18.7357142857143,35,35,84,84,TRUE
"3612","salmontrout",2014,2014-07-22,203,16.8,25,25,22.8,22.5,19.45,15.85,11.1,20.2428571428571,35,35,84,84,TRUE
"3613","salmontrout",2017,2017-04-30,120,5.6,3.05,0.55,-1.1,1.35,12.2,6.4,0.55,3.28571428571429,32,32,84,84,TRUE
"3614","salmontrout",2017,2017-05-01,121,5,4.2,3.05,0.55,-1.1,1.35,12.2,6.4,3.80714285714286,32,32,84,84,TRUE
"3615","salmontrout",2017,2017-05-02,122,4.7,1.7,4.2,3.05,0.55,-1.1,1.35,12.2,3.13571428571429,32,32,84,84,TRUE
"3616","salmontrout",2017,2017-05-03,123,6.4,3.35,1.7,4.2,3.05,0.55,-1.1,1.35,1.87142857142857,32,32,84,84,TRUE
"3617","salmontrout",2017,2017-05-04,124,8.3,9.15,3.35,1.7,4.2,3.05,0.55,-1.1,2.98571428571429,32,32,84,84,TRUE
"3618","salmontrout",2017,2017-05-05,125,8,6.95,9.15,3.35,1.7,4.2,3.05,0.55,4.13571428571429,32,32,84,84,TRUE
"3619","salmontrout",2017,2017-05-06,126,7.4,3.9,6.95,9.15,3.35,1.7,4.2,3.05,4.61428571428571,32,32,84,84,TRUE
"3620","salmontrout",2017,2017-05-07,127,6.4,3.85,3.9,6.95,9.15,3.35,1.7,4.2,4.72857142857143,32,32,84,84,TRUE
"3621","salmontrout",2017,2017-05-08,128,6.1,0.85,3.85,3.9,6.95,9.15,3.35,1.7,4.25,32,32,84,84,TRUE
"3622","salmontrout",2017,2017-05-09,129,6.1,2.5,0.85,3.85,3.9,6.95,9.15,3.35,4.36428571428571,32,32,84,84,TRUE
"3623","salmontrout",2017,2017-05-10,130,8.8,6.65,2.5,0.85,3.85,3.9,6.95,9.15,4.83571428571429,32,32,84,84,TRUE
"3624","salmontrout",2017,2017-05-11,131,9.9,12.5,6.65,2.5,0.85,3.85,3.9,6.95,5.31428571428571,32,32,84,84,TRUE
"3625","salmontrout",2017,2017-05-12,132,9.4,7.2,12.5,6.65,2.5,0.85,3.85,3.9,5.35,32,32,84,84,TRUE
"3626","salmontrout",2017,2017-05-13,133,10.7,10.55,7.2,12.5,6.65,2.5,0.85,3.85,6.3,32,32,84,84,TRUE
"3627","salmontrout",2017,2017-05-14,134,9.2,6.95,10.55,7.2,12.5,6.65,2.5,0.85,6.74285714285714,32,32,84,84,TRUE
"3628","salmontrout",2017,2017-05-15,135,9.2,5.8,6.95,10.55,7.2,12.5,6.65,2.5,7.45,32,32,84,84,TRUE
"3629","salmontrout",2017,2017-05-16,136,10.8,13.65,5.8,6.95,10.55,7.2,12.5,6.65,9.04285714285714,32,32,84,84,TRUE
"3630","salmontrout",2017,2017-05-17,137,11,16.4,13.65,5.8,6.95,10.55,7.2,12.5,10.4357142857143,32,32,84,84,TRUE
"3631","salmontrout",2017,2017-05-18,138,7.9,8.35,16.4,13.65,5.8,6.95,10.55,7.2,9.84285714285714,32,32,84,84,TRUE
"3632","salmontrout",2017,2017-05-19,139,6.8,0.55,8.35,16.4,13.65,5.8,6.95,10.55,8.89285714285714,32,32,84,84,TRUE
"3633","salmontrout",2017,2017-05-20,140,7.1,3.05,0.55,8.35,16.4,13.65,5.8,6.95,7.82142857142857,32,32,84,84,TRUE
"3634","salmontrout",2017,2017-05-21,141,9.1,6.65,3.05,0.55,8.35,16.4,13.65,5.8,7.77857142857143,32,32,84,84,TRUE
"3635","salmontrout",2017,2017-05-22,142,9.2,11.1,6.65,3.05,0.55,8.35,16.4,13.65,8.53571428571428,32,32,84,84,TRUE
"3636","salmontrout",2017,2017-05-23,143,8.4,8.35,11.1,6.65,3.05,0.55,8.35,16.4,7.77857142857143,32,32,84,84,TRUE
"3637","salmontrout",2017,2017-05-24,144,8.8,9.15,8.35,11.1,6.65,3.05,0.55,8.35,6.74285714285714,32,32,84,84,TRUE
"3638","salmontrout",2017,2017-05-25,145,10.5,6.4,9.15,8.35,11.1,6.65,3.05,0.55,6.46428571428571,32,32,84,84,TRUE
"3639","salmontrout",2017,2017-05-26,146,11.2,10.85,6.4,9.15,8.35,11.1,6.65,3.05,7.93571428571429,32,32,84,84,TRUE
"3640","salmontrout",2017,2017-05-27,147,12.7,14.75,10.85,6.4,9.15,8.35,11.1,6.65,9.60714285714286,32,32,84,84,TRUE
"3641","salmontrout",2017,2017-05-28,148,12.1,16.4,14.75,10.85,6.4,9.15,8.35,11.1,11,32,32,84,84,TRUE
"3642","salmontrout",2017,2017-05-29,149,11.1,13.05,16.4,14.75,10.85,6.4,9.15,8.35,11.2785714285714,32,32,84,84,TRUE
"3643","salmontrout",2017,2017-05-30,150,10.7,12.5,13.05,16.4,14.75,10.85,6.4,9.15,11.8714285714286,32,32,84,84,TRUE
"3644","salmontrout",2017,2017-05-31,151,9.6,11.4,12.5,13.05,16.4,14.75,10.85,6.4,12.1928571428571,32,32,84,84,TRUE
"3645","salmontrout",2017,2017-06-01,152,9.6,8.05,11.4,12.5,13.05,16.4,14.75,10.85,12.4285714285714,32,32,84,84,TRUE
"3646","salmontrout",2017,2017-06-02,153,12.3,13.6,8.05,11.4,12.5,13.05,16.4,14.75,12.8214285714286,32,32,84,84,TRUE
"3647","salmontrout",2017,2017-06-03,154,12.6,13.9,13.6,8.05,11.4,12.5,13.05,16.4,12.7,32,32,84,84,TRUE
"3648","salmontrout",2017,2017-06-04,155,13.6,16.4,13.9,13.6,8.05,11.4,12.5,13.05,12.7,32,32,84,84,TRUE
"3649","salmontrout",2017,2017-06-05,156,13.2,11.4,16.4,13.9,13.6,8.05,11.4,12.5,12.4642857142857,32,32,84,84,TRUE
"3650","salmontrout",2017,2017-06-06,157,12.4,12.25,11.4,16.4,13.9,13.6,8.05,11.4,12.4285714285714,32,32,84,84,TRUE
"3651","salmontrout",2017,2017-06-07,158,12.7,12.8,12.25,11.4,16.4,13.9,13.6,8.05,12.6285714285714,32,32,84,84,TRUE
"3652","salmontrout",2017,2017-06-08,159,13.1,17.5,12.8,12.25,11.4,16.4,13.9,13.6,13.9785714285714,32,32,84,84,TRUE
"3653","salmontrout",2017,2017-06-09,160,12.8,17.25,17.5,12.8,12.25,11.4,16.4,13.9,14.5,32,32,84,84,TRUE
"3654","salmontrout",2017,2017-06-10,161,14.5,12.8,17.25,17.5,12.8,12.25,11.4,16.4,14.3428571428571,32,32,84,84,TRUE
"3655","salmontrout",2017,2017-06-11,162,14.6,23.05,12.8,17.25,17.5,12.8,12.25,11.4,15.2928571428571,32,32,84,84,TRUE
"3656","salmontrout",2017,2017-06-12,163,15.5,19.45,23.05,12.8,17.25,17.5,12.8,12.25,16.4428571428571,32,32,84,84,TRUE
"3657","salmontrout",2017,2017-06-13,164,14.8,18.35,19.45,23.05,12.8,17.25,17.5,12.8,17.3142857142857,32,32,84,84,TRUE
"3658","salmontrout",2017,2017-06-14,165,14.9,13.9,18.35,19.45,23.05,12.8,17.25,17.5,17.4714285714286,32,32,84,84,TRUE
"3659","salmontrout",2017,2017-06-15,166,15.7,19.15,13.9,18.35,19.45,23.05,12.8,17.25,17.7071428571429,32,32,84,84,TRUE
"3660","salmontrout",2017,2017-06-16,167,15,20,19.15,13.9,18.35,19.45,23.05,12.8,18.1,32,32,84,84,TRUE
"3661","salmontrout",2017,2017-06-17,168,15,21.15,20,19.15,13.9,18.35,19.45,23.05,19.2928571428571,32,32,84,84,TRUE
"3662","salmontrout",2017,2017-06-18,169,14,16.95,21.15,20,19.15,13.9,18.35,19.45,18.4214285714286,32,32,84,84,TRUE
"3663","salmontrout",2017,2017-06-19,170,13.2,12.5,16.95,21.15,20,19.15,13.9,18.35,17.4285714285714,32,32,84,84,TRUE
"3664","salmontrout",2017,2017-06-20,171,12.8,15,12.5,16.95,21.15,20,19.15,13.9,16.95,32,32,84,84,TRUE
"3665","salmontrout",2017,2017-06-21,172,12.6,14.45,15,12.5,16.95,21.15,20,19.15,17.0285714285714,32,32,84,84,TRUE
"3666","salmontrout",2017,2017-06-22,173,13.7,17.25,14.45,15,12.5,16.95,21.15,20,16.7571428571429,32,32,84,84,TRUE
"3667","salmontrout",2017,2017-06-23,174,13.5,18.05,17.25,14.45,15,12.5,16.95,21.15,16.4785714285714,32,32,84,84,TRUE
"3668","salmontrout",2017,2017-06-24,175,12.5,17.2,18.05,17.25,14.45,15,12.5,16.95,15.9142857142857,32,32,84,84,TRUE
"3669","salmontrout",2017,2017-06-25,176,12.2,14.15,17.2,18.05,17.25,14.45,15,12.5,15.5142857142857,32,32,84,84,TRUE
"3670","salmontrout",2017,2017-06-26,177,11.8,14.45,14.15,17.2,18.05,17.25,14.45,15,15.7928571428571,32,32,84,84,TRUE
"3671","salmontrout",2017,2017-06-27,178,12.3,12.25,14.45,14.15,17.2,18.05,17.25,14.45,15.4,32,32,84,84,TRUE
"3672","salmontrout",2017,2017-06-28,179,13.1,17.25,12.25,14.45,14.15,17.2,18.05,17.25,15.8,32,32,84,84,TRUE
"3673","salmontrout",2017,2017-06-29,180,13.4,18.6,17.25,12.25,14.45,14.15,17.2,18.05,15.9928571428571,32,32,84,84,TRUE
"3674","salmontrout",2017,2017-06-30,181,13.1,15.85,18.6,17.25,12.25,14.45,14.15,17.2,15.6785714285714,32,32,84,84,TRUE
"3675","salmontrout",2017,2017-07-01,182,13.3,16.1,15.85,18.6,17.25,12.25,14.45,14.15,15.5214285714286,32,32,84,84,TRUE
"3676","salmontrout",2017,2017-07-02,183,13.9,16.95,16.1,15.85,18.6,17.25,12.25,14.45,15.9214285714286,32,32,84,84,TRUE
"3677","salmontrout",2017,2017-07-03,184,13.7,16.65,16.95,16.1,15.85,18.6,17.25,12.25,16.2357142857143,32,32,84,84,TRUE
"3678","salmontrout",2017,2017-07-04,185,13.9,15,16.65,16.95,16.1,15.85,18.6,17.25,16.6285714285714,32,32,84,84,TRUE
"3679","salmontrout",2017,2017-07-05,186,15.1,18.35,15,16.65,16.95,16.1,15.85,18.6,16.7857142857143,32,32,84,84,TRUE
"3680","salmontrout",2017,2017-07-06,187,15.6,23.35,18.35,15,16.65,16.95,16.1,15.85,17.4642857142857,32,32,84,84,TRUE
"3681","salmontrout",2017,2017-07-07,188,14.4,20.3,23.35,18.35,15,16.65,16.95,16.1,18.1,32,32,84,84,TRUE
"3682","salmontrout",2017,2017-07-08,189,13.5,14.2,20.3,23.35,18.35,15,16.65,16.95,17.8285714285714,32,32,84,84,TRUE
"3683","salmontrout",2017,2017-07-09,190,13.9,19.45,14.2,20.3,23.35,18.35,15,16.65,18.1857142857143,32,32,84,84,TRUE
"3684","salmontrout",2017,2017-07-10,191,14.3,16.95,19.45,14.2,20.3,23.35,18.35,15,18.2285714285714,32,32,84,84,TRUE
"3685","salmontrout",2017,2017-07-11,192,14.6,18.35,16.95,19.45,14.2,20.3,23.35,18.35,18.7071428571429,32,32,84,84,TRUE
"3686","salmontrout",2017,2017-07-12,193,13.7,17.5,18.35,16.95,19.45,14.2,20.3,23.35,18.5857142857143,32,32,84,84,TRUE
"3687","salmontrout",2017,2017-07-13,194,12.2,11.65,17.5,18.35,16.95,19.45,14.2,20.3,16.9142857142857,32,32,84,84,TRUE
"3688","salmontrout",2017,2017-07-14,195,12.9,11.1,11.65,17.5,18.35,16.95,19.45,14.2,15.6,32,32,84,84,TRUE
"3689","salmontrout",2017,2017-07-15,196,13.8,16.1,11.1,11.65,17.5,18.35,16.95,19.45,15.8714285714286,32,32,84,84,TRUE
"3690","salmontrout",2017,2017-07-16,197,13.3,18.35,16.1,11.1,11.65,17.5,18.35,16.95,15.7142857142857,32,32,84,84,TRUE
"3691","salmontrout",2017,2017-07-17,198,12.6,10.55,18.35,16.1,11.1,11.65,17.5,18.35,14.8,32,32,84,84,TRUE
"3692","salmontrout",2017,2017-07-18,199,15.2,17.5,10.55,18.35,16.1,11.1,11.65,17.5,14.6785714285714,32,32,84,84,TRUE
"3693","salmontrout",2017,2017-07-19,200,15.4,21.65,17.5,10.55,18.35,16.1,11.1,11.65,15.2714285714286,32,32,84,84,TRUE
"3694","salmontrout",2017,2017-07-20,201,15.7,20.85,21.65,17.5,10.55,18.35,16.1,11.1,16.5857142857143,32,32,84,84,TRUE
"3695","salmontrout",2017,2017-07-21,202,15.1,21.7,20.85,21.65,17.5,10.55,18.35,16.1,18.1,32,32,84,84,TRUE
"3696","salmontrout",2017,2017-07-22,203,15.1,18.9,21.7,20.85,21.65,17.5,10.55,18.35,18.5,32,32,84,84,TRUE
"3697","salmontrout",2019,2019-04-30,120,3.6,1.7,2.5,0,2.25,10.25,12.8,3.6,4.72857142857143,33,33,84,84,TRUE
"3698","salmontrout",2019,2019-05-01,121,2.3,1.4,1.7,2.5,0,2.25,10.25,12.8,4.41428571428571,33,33,84,84,TRUE
"3699","salmontrout",2019,2019-05-02,122,3.5,0.55,1.4,1.7,2.5,0,2.25,10.25,2.66428571428571,33,33,84,84,TRUE
"3700","salmontrout",2019,2019-05-03,123,4.9,2.8,0.55,1.4,1.7,2.5,0,2.25,1.6,33,33,84,84,TRUE
"3701","salmontrout",2019,2019-05-04,124,6.8,5.3,2.8,0.55,1.4,1.7,2.5,0,2.03571428571429,33,33,84,84,TRUE
"3702","salmontrout",2019,2019-05-05,125,6.6,8.6,5.3,2.8,0.55,1.4,1.7,2.5,3.26428571428571,33,33,84,84,TRUE
"3703","salmontrout",2019,2019-05-06,126,5.9,7.8,8.6,5.3,2.8,0.55,1.4,1.7,4.02142857142857,33,33,84,84,TRUE
"3704","salmontrout",2019,2019-05-07,127,5.8,0.85,7.8,8.6,5.3,2.8,0.55,1.4,3.9,33,33,84,84,TRUE
"3705","salmontrout",2019,2019-05-08,128,5.2,1.7,0.85,7.8,8.6,5.3,2.8,0.55,3.94285714285714,33,33,84,84,TRUE
"3706","salmontrout",2019,2019-05-09,129,3.5,3.65,1.7,0.85,7.8,8.6,5.3,2.8,4.38571428571429,33,33,84,84,TRUE
"3707","salmontrout",2019,2019-05-10,130,5,1.7,3.65,1.7,0.85,7.8,8.6,5.3,4.22857142857143,33,33,84,84,TRUE
"3708","salmontrout",2019,2019-05-11,131,6.4,5.55,1.7,3.65,1.7,0.85,7.8,8.6,4.26428571428571,33,33,84,84,TRUE
"3709","salmontrout",2019,2019-05-12,132,8,8.9,5.55,1.7,3.65,1.7,0.85,7.8,4.30714285714286,33,33,84,84,TRUE
"3710","salmontrout",2019,2019-05-13,133,8.7,6.4,8.9,5.55,1.7,3.65,1.7,0.85,4.10714285714286,33,33,84,84,TRUE
"3711","salmontrout",2019,2019-05-14,134,9.8,10,6.4,8.9,5.55,1.7,3.65,1.7,5.41428571428571,33,33,84,84,TRUE
"3712","salmontrout",2019,2019-05-15,135,10,15.8,10,6.4,8.9,5.55,1.7,3.65,7.42857142857143,33,33,84,84,TRUE
"3713","salmontrout",2019,2019-05-16,136,9.4,6.4,15.8,10,6.4,8.9,5.55,1.7,7.82142857142857,33,33,84,84,TRUE
"3714","salmontrout",2019,2019-05-17,137,8.8,9.45,6.4,15.8,10,6.4,8.9,5.55,8.92857142857143,33,33,84,84,TRUE
"3715","salmontrout",2019,2019-05-18,138,7,4.45,9.45,6.4,15.8,10,6.4,8.9,8.77142857142857,33,33,84,84,TRUE
"3716","salmontrout",2019,2019-05-19,139,5.2,3.3,4.45,9.45,6.4,15.8,10,6.4,7.97142857142857,33,33,84,84,TRUE
"3717","salmontrout",2019,2019-05-20,140,6.9,3.05,3.3,4.45,9.45,6.4,15.8,10,7.49285714285714,33,33,84,84,TRUE
"3718","salmontrout",2019,2019-05-21,141,9,8.05,3.05,3.3,4.45,9.45,6.4,15.8,7.21428571428571,33,33,84,84,TRUE
"3719","salmontrout",2019,2019-05-22,142,9.2,11.1,8.05,3.05,3.3,4.45,9.45,6.4,6.54285714285714,33,33,84,84,TRUE
"3720","salmontrout",2019,2019-05-23,143,9.6,10,11.1,8.05,3.05,3.3,4.45,9.45,7.05714285714286,33,33,84,84,TRUE
"3721","salmontrout",2019,2019-05-24,144,9.2,11.4,10,11.1,8.05,3.05,3.3,4.45,7.33571428571429,33,33,84,84,TRUE
"3722","salmontrout",2019,2019-05-25,145,11.9,10.55,11.4,10,11.1,8.05,3.05,3.3,8.20714285714286,33,33,84,84,TRUE
"3723","salmontrout",2019,2019-05-26,146,12,17.2,10.55,11.4,10,11.1,8.05,3.05,10.1928571428571,33,33,84,84,TRUE
"3724","salmontrout",2019,2019-05-27,147,9.2,13.05,17.2,10.55,11.4,10,11.1,8.05,11.6214285714286,33,33,84,84,TRUE
"3725","salmontrout",2019,2019-05-28,148,9.2,5.25,13.05,17.2,10.55,11.4,10,11.1,11.2214285714286,33,33,84,84,TRUE
"3726","salmontrout",2019,2019-05-29,149,11.4,8.85,5.25,13.05,17.2,10.55,11.4,10,10.9,33,33,84,84,TRUE
"3727","salmontrout",2019,2019-05-30,150,11.5,16.1,8.85,5.25,13.05,17.2,10.55,11.4,11.7714285714286,33,33,84,84,TRUE
"3728","salmontrout",2019,2019-05-31,151,11.4,8.05,16.1,8.85,5.25,13.05,17.2,10.55,11.2928571428571,33,33,84,84,TRUE
"3729","salmontrout",2019,2019-06-01,152,10.9,10.3,8.05,16.1,8.85,5.25,13.05,17.2,11.2571428571429,33,33,84,84,TRUE
"3730","salmontrout",2019,2019-06-02,153,10,8.05,10.3,8.05,16.1,8.85,5.25,13.05,9.95,33,33,84,84,TRUE
"3731","salmontrout",2019,2019-06-03,154,9.2,6.7,8.05,10.3,8.05,16.1,8.85,5.25,9.04285714285714,33,33,84,84,TRUE
"3732","salmontrout",2019,2019-06-04,155,11.6,7.25,6.7,8.05,10.3,8.05,16.1,8.85,9.32857142857143,33,33,84,84,TRUE
"3733","salmontrout",2019,2019-06-05,156,11.6,13.05,7.25,6.7,8.05,10.3,8.05,16.1,9.92857142857143,33,33,84,84,TRUE
"3734","salmontrout",2019,2019-06-06,157,12.5,10,13.05,7.25,6.7,8.05,10.3,8.05,9.05714285714286,33,33,84,84,TRUE
"3735","salmontrout",2019,2019-06-07,158,13.7,13.6,10,13.05,7.25,6.7,8.05,10.3,9.85,33,33,84,84,TRUE
"3736","salmontrout",2019,2019-06-08,159,15,16.65,13.6,10,13.05,7.25,6.7,8.05,10.7571428571429,33,33,84,84,TRUE
"3737","salmontrout",2019,2019-06-09,160,14.5,20,16.65,13.6,10,13.05,7.25,6.7,12.4642857142857,33,33,84,84,TRUE
"3738","salmontrout",2019,2019-06-10,161,13,18.05,20,16.65,13.6,10,13.05,7.25,14.0857142857143,33,33,84,84,TRUE
"3739","salmontrout",2019,2019-06-11,162,12.5,14.4,18.05,20,16.65,13.6,10,13.05,15.1071428571429,33,33,84,84,TRUE
"3740","salmontrout",2019,2019-06-12,163,11.9,13.9,14.4,18.05,20,16.65,13.6,10,15.2285714285714,33,33,84,84,TRUE
"3741","salmontrout",2019,2019-06-13,164,10.6,9.7,13.9,14.4,18.05,20,16.65,13.6,15.1857142857143,33,33,84,84,TRUE
"3742","salmontrout",2019,2019-06-14,165,10.9,13.6,9.7,13.9,14.4,18.05,20,16.65,15.1857142857143,33,33,84,84,TRUE
"3743","salmontrout",2019,2019-06-15,166,10.7,12.2,13.6,9.7,13.9,14.4,18.05,20,14.55,33,33,84,84,TRUE
"3744","salmontrout",2019,2019-06-16,167,10.3,8.9,12.2,13.6,9.7,13.9,14.4,18.05,12.9642857142857,33,33,84,84,TRUE
"3745","salmontrout",2019,2019-06-17,168,11,7.8,8.9,12.2,13.6,9.7,13.9,14.4,11.5,33,33,84,84,TRUE
"3746","salmontrout",2019,2019-06-18,169,12,11.95,7.8,8.9,12.2,13.6,9.7,13.9,11.15,33,33,84,84,TRUE
"3747","salmontrout",2019,2019-06-19,170,11.7,10.3,11.95,7.8,8.9,12.2,13.6,9.7,10.6357142857143,33,33,84,84,TRUE
"3748","salmontrout",2019,2019-06-20,171,11.3,10.8,10.3,11.95,7.8,8.9,12.2,13.6,10.7928571428571,33,33,84,84,TRUE
"3749","salmontrout",2019,2019-06-21,172,11.3,11.95,10.8,10.3,11.95,7.8,8.9,12.2,10.5571428571429,33,33,84,84,TRUE
"3750","salmontrout",2019,2019-06-22,173,11.7,10.25,11.95,10.8,10.3,11.95,7.8,8.9,10.2785714285714,33,33,84,84,TRUE
"3751","salmontrout",2019,2019-06-23,174,12,13.05,10.25,11.95,10.8,10.3,11.95,7.8,10.8714285714286,33,33,84,84,TRUE
"3752","salmontrout",2019,2019-06-24,175,12.6,16.95,13.05,10.25,11.95,10.8,10.3,11.95,12.1785714285714,33,33,84,84,TRUE
"3753","salmontrout",2019,2019-06-25,176,13.6,20,16.95,13.05,10.25,11.95,10.8,10.3,13.3285714285714,33,33,84,84,TRUE
"3754","salmontrout",2019,2019-06-26,177,14.5,21.65,20,16.95,13.05,10.25,11.95,10.8,14.95,33,33,84,84,TRUE
"3755","salmontrout",2019,2019-06-27,178,14.8,23.05,21.65,20,16.95,13.05,10.25,11.95,16.7,33,33,84,84,TRUE
"3756","salmontrout",2019,2019-06-28,179,15.3,21.1,23.05,21.65,20,16.95,13.05,10.25,18.0071428571429,33,33,84,84,TRUE
"3757","salmontrout",2019,2019-06-29,180,15.3,16.95,21.1,23.05,21.65,20,16.95,13.05,18.9642857142857,33,33,84,84,TRUE
"3758","salmontrout",2019,2019-06-30,181,14.1,18.35,16.95,21.1,23.05,21.65,20,16.95,19.7214285714286,33,33,84,84,TRUE
"3759","salmontrout",2019,2019-07-01,182,14.1,19.45,18.35,16.95,21.1,23.05,21.65,20,20.0785714285714,33,33,84,84,TRUE
"3760","salmontrout",2019,2019-07-02,183,14.4,18.35,19.45,18.35,16.95,21.1,23.05,21.65,19.8428571428571,33,33,84,84,TRUE
"3761","salmontrout",2019,2019-07-03,184,14.9,21.1,18.35,19.45,18.35,16.95,21.1,23.05,19.7642857142857,33,33,84,84,TRUE
"3762","salmontrout",2019,2019-07-04,185,15.6,21.95,21.1,18.35,19.45,18.35,16.95,21.1,19.6071428571429,33,33,84,84,TRUE
"3763","salmontrout",2019,2019-07-05,186,16,24.75,21.95,21.1,18.35,19.45,18.35,16.95,20.1285714285714,33,33,84,84,TRUE
"3764","salmontrout",2019,2019-07-06,187,14.8,19.75,24.75,21.95,21.1,18.35,19.45,18.35,20.5285714285714,33,33,84,84,TRUE
"3765","salmontrout",2019,2019-07-07,188,12.3,13.3,19.75,24.75,21.95,21.1,18.35,19.45,19.8071428571429,33,33,84,84,TRUE
"3766","salmontrout",2019,2019-07-08,189,12.8,12.75,13.3,19.75,24.75,21.95,21.1,18.35,18.85,33,33,84,84,TRUE
"3767","salmontrout",2019,2019-07-09,190,14.7,16.1,12.75,13.3,19.75,24.75,21.95,21.1,18.5285714285714,33,33,84,84,TRUE
"3768","salmontrout",2019,2019-07-10,191,15.7,23.9,16.1,12.75,13.3,19.75,24.75,21.95,18.9285714285714,33,33,84,84,TRUE
"3769","salmontrout",2019,2019-07-11,192,14.4,21.9,23.9,16.1,12.75,13.3,19.75,24.75,18.9214285714286,33,33,84,84,TRUE
"3770","salmontrout",2019,2019-07-12,193,13.9,16.4,21.9,23.9,16.1,12.75,13.3,19.75,17.7285714285714,33,33,84,84,TRUE
"3771","salmontrout",2019,2019-07-13,194,14.3,21.1,16.4,21.9,23.9,16.1,12.75,13.3,17.9214285714286,33,33,84,84,TRUE
"3772","salmontrout",2019,2019-07-14,195,13.8,18.35,21.1,16.4,21.9,23.9,16.1,12.75,18.6428571428571,33,33,84,84,TRUE
"3773","salmontrout",2019,2019-07-15,196,15.9,22.25,18.35,21.1,16.4,21.9,23.9,16.1,20,33,33,84,84,TRUE
"3774","salmontrout",2019,2019-07-16,197,16.8,21.4,22.25,18.35,21.1,16.4,21.9,23.9,20.7571428571429,33,33,84,84,TRUE
"3775","salmontrout",2019,2019-07-17,198,15.7,21.1,21.4,22.25,18.35,21.1,16.4,21.9,20.3571428571429,33,33,84,84,TRUE
"3776","salmontrout",2019,2019-07-18,199,15.7,20.55,21.1,21.4,22.25,18.35,21.1,16.4,20.1642857142857,33,33,84,84,TRUE
"3777","salmontrout",2019,2019-07-19,200,15.9,23.35,20.55,21.1,21.4,22.25,18.35,21.1,21.1571428571429,33,33,84,84,TRUE
"3778","salmontrout",2019,2019-07-20,201,15.2,24.15,23.35,20.55,21.1,21.4,22.25,18.35,21.5928571428571,33,33,84,84,TRUE
"3779","salmontrout",2019,2019-07-21,202,13.6,18.9,24.15,23.35,20.55,21.1,21.4,22.25,21.6714285714286,33,33,84,84,TRUE
"3780","salmontrout",2019,2019-07-22,203,13.2,15.55,18.9,24.15,23.35,20.55,21.1,21.4,20.7142857142857,33,33,84,84,TRUE
"3781","stjoseph",2013,2013-04-02,92,8.5,0.3,0.3,8.9,4.45,2.8,2.25,1.95,2.99285714285714,40,40,112,112,TRUE
"3782","stjoseph",2013,2013-04-03,93,8.6,0.25,0.3,0.3,8.9,4.45,2.8,2.25,2.75,40,40,112,112,TRUE
"3783","stjoseph",2013,2013-04-04,94,9,3.3,0.25,0.3,0.3,8.9,4.45,2.8,2.9,40,40,112,112,TRUE
"3784","stjoseph",2013,2013-04-05,95,9.4,4.4,3.3,0.25,0.3,0.3,8.9,4.45,3.12857142857143,40,40,112,112,TRUE
"3785","stjoseph",2013,2013-04-06,96,9.6,9.15,4.4,3.3,0.25,0.3,0.3,8.9,3.8,40,40,112,112,TRUE
"3786","stjoseph",2013,2013-04-07,97,10.6,10.85,9.15,4.4,3.3,0.25,0.3,0.3,4.07857142857143,40,40,112,112,TRUE
"3787","stjoseph",2013,2013-04-08,98,10.8,11.4,10.85,9.15,4.4,3.3,0.25,0.3,5.66428571428571,40,40,112,112,TRUE
"3788","stjoseph",2013,2013-04-09,99,11.4,13.85,11.4,10.85,9.15,4.4,3.3,0.25,7.6,40,40,112,112,TRUE
"3789","stjoseph",2013,2013-04-10,100,11.8,8.35,13.85,11.4,10.85,9.15,4.4,3.3,8.75714285714286,40,40,112,112,TRUE
"3790","stjoseph",2013,2013-04-11,101,10.9,5.25,8.35,13.85,11.4,10.85,9.15,4.4,9.03571428571429,40,40,112,112,TRUE
"3791","stjoseph",2013,2013-04-12,102,9.9,4.75,5.25,8.35,13.85,11.4,10.85,9.15,9.08571428571429,40,40,112,112,TRUE
"3792","stjoseph",2013,2013-04-13,103,8.2,3.35,4.75,5.25,8.35,13.85,11.4,10.85,8.25714285714286,40,40,112,112,TRUE
"3793","stjoseph",2013,2013-04-14,104,8,8.9,3.35,4.75,5.25,8.35,13.85,11.4,7.97857142857143,40,40,112,112,TRUE
"3794","stjoseph",2013,2013-04-15,105,8.7,12.75,8.9,3.35,4.75,5.25,8.35,13.85,8.17142857142857,40,40,112,112,TRUE
"3795","stjoseph",2013,2013-04-16,106,9.7,8.1,12.75,8.9,3.35,4.75,5.25,8.35,7.35,40,40,112,112,TRUE
"3796","stjoseph",2013,2013-04-17,107,10.1,9.2,8.1,12.75,8.9,3.35,4.75,5.25,7.47142857142857,40,40,112,112,TRUE
"3797","stjoseph",2013,2013-04-18,108,10.8,14.45,9.2,8.1,12.75,8.9,3.35,4.75,8.78571428571428,40,40,112,112,TRUE
"3798","stjoseph",2013,2013-04-19,109,10.7,7.8,14.45,9.2,8.1,12.75,8.9,3.35,9.22142857142857,40,40,112,112,TRUE
"3799","stjoseph",2013,2013-04-20,110,9.3,2.2,7.8,14.45,9.2,8.1,12.75,8.9,9.05714285714286,40,40,112,112,TRUE
"3800","stjoseph",2013,2013-04-21,111,8.8,3.6,2.2,7.8,14.45,9.2,8.1,12.75,8.3,40,40,112,112,TRUE
"3801","stjoseph",2013,2013-04-22,112,9.4,9.75,3.6,2.2,7.8,14.45,9.2,8.1,7.87142857142857,40,40,112,112,TRUE
"3802","stjoseph",2013,2013-04-23,113,10.5,11.4,9.75,3.6,2.2,7.8,14.45,9.2,8.34285714285714,40,40,112,112,TRUE
"3803","stjoseph",2013,2013-04-24,114,10.8,4.75,11.4,9.75,3.6,2.2,7.8,14.45,7.70714285714286,40,40,112,112,TRUE
"3804","stjoseph",2013,2013-04-25,115,10.2,6.1,4.75,11.4,9.75,3.6,2.2,7.8,6.51428571428571,40,40,112,112,TRUE
"3805","stjoseph",2013,2013-04-26,116,10,8.6,6.1,4.75,11.4,9.75,3.6,2.2,6.62857142857143,40,40,112,112,TRUE
"3806","stjoseph",2013,2013-04-27,117,11.2,11.95,8.6,6.1,4.75,11.4,9.75,3.6,8.02142857142857,40,40,112,112,TRUE
"3807","stjoseph",2013,2013-04-28,118,12.5,12.8,11.95,8.6,6.1,4.75,11.4,9.75,9.33571428571429,40,40,112,112,TRUE
"3808","stjoseph",2013,2013-04-29,119,13.5,14.2,12.8,11.95,8.6,6.1,4.75,11.4,9.97142857142857,40,40,112,112,TRUE
"3809","stjoseph",2013,2013-04-30,120,14.6,20.55,14.2,12.8,11.95,8.6,6.1,4.75,11.2785714285714,40,40,112,112,TRUE
"3810","stjoseph",2013,2013-05-01,121,16.4,20.55,20.55,14.2,12.8,11.95,8.6,6.1,13.5357142857143,40,40,112,112,TRUE
"3811","stjoseph",2013,2013-05-02,122,18,16.1,20.55,20.55,14.2,12.8,11.95,8.6,14.9642857142857,40,40,112,112,TRUE
"3812","stjoseph",2013,2013-05-03,123,18.7,15.25,16.1,20.55,20.55,14.2,12.8,11.95,15.9142857142857,40,40,112,112,TRUE
"3813","stjoseph",2013,2013-05-04,124,19.1,18.6,15.25,16.1,20.55,20.55,14.2,12.8,16.8642857142857,40,40,112,112,TRUE
"3814","stjoseph",2013,2013-05-05,125,19.1,15.85,18.6,15.25,16.1,20.55,20.55,14.2,17.3,40,40,112,112,TRUE
"3815","stjoseph",2013,2013-05-06,126,18.9,18.9,15.85,18.6,15.25,16.1,20.55,20.55,17.9714285714286,40,40,112,112,TRUE
"3816","stjoseph",2013,2013-05-07,127,18.9,16.35,18.9,15.85,18.6,15.25,16.1,20.55,17.3714285714286,40,40,112,112,TRUE
"3817","stjoseph",2013,2013-05-08,128,19.6,17.8,16.35,18.9,15.85,18.6,15.25,16.1,16.9785714285714,40,40,112,112,TRUE
"3818","stjoseph",2013,2013-05-09,129,19.5,17.5,17.8,16.35,18.9,15.85,18.6,15.25,17.1785714285714,40,40,112,112,TRUE
"3819","stjoseph",2013,2013-05-10,130,19.1,11.1,17.5,17.8,16.35,18.9,15.85,18.6,16.5857142857143,40,40,112,112,TRUE
"3820","stjoseph",2013,2013-05-11,131,18.1,7.8,11.1,17.5,17.8,16.35,18.9,15.85,15.0428571428571,40,40,112,112,TRUE
"3821","stjoseph",2013,2013-05-12,132,16.8,5.55,7.8,11.1,17.5,17.8,16.35,18.9,13.5714285714286,40,40,112,112,TRUE
"3822","stjoseph",2013,2013-05-13,133,15.7,6.9,5.55,7.8,11.1,17.5,17.8,16.35,11.8571428571429,40,40,112,112,TRUE
"3823","stjoseph",2013,2013-05-14,134,15.6,18.6,6.9,5.55,7.8,11.1,17.5,17.8,12.1785714285714,40,40,112,112,TRUE
"3824","stjoseph",2013,2013-05-15,135,16.7,20.3,18.6,6.9,5.55,7.8,11.1,17.5,12.5357142857143,40,40,112,112,TRUE
"3825","stjoseph",2013,2013-05-16,136,17.9,18.9,20.3,18.6,6.9,5.55,7.8,11.1,12.7357142857143,40,40,112,112,TRUE
"3826","stjoseph",2013,2013-05-17,137,18.8,18.9,18.9,20.3,18.6,6.9,5.55,7.8,13.85,40,40,112,112,TRUE
"3827","stjoseph",2013,2013-05-18,138,19.5,20.55,18.9,18.9,20.3,18.6,6.9,5.55,15.6714285714286,40,40,112,112,TRUE
"3828","stjoseph",2013,2013-05-19,139,20.3,19.45,20.55,18.9,18.9,20.3,18.6,6.9,17.6571428571429,40,40,112,112,TRUE
"3829","stjoseph",2013,2013-05-20,140,21.3,25,19.45,20.55,18.9,18.9,20.3,18.6,20.2428571428571,40,40,112,112,TRUE
"3830","stjoseph",2013,2013-05-21,141,21.9,22.2,25,19.45,20.55,18.9,18.9,20.3,20.7571428571429,40,40,112,112,TRUE
"3831","stjoseph",2013,2013-05-22,142,22.4,20,22.2,25,19.45,20.55,18.9,18.9,20.7142857142857,40,40,112,112,TRUE
"3832","stjoseph",2013,2013-05-23,143,21.2,11.15,20,22.2,25,19.45,20.55,18.9,19.6071428571429,40,40,112,112,TRUE
"3833","stjoseph",2013,2013-05-24,144,19.8,7.8,11.15,20,22.2,25,19.45,20.55,18.0214285714286,40,40,112,112,TRUE
"3834","stjoseph",2013,2013-05-25,145,19.1,10.8,7.8,11.15,20,22.2,25,19.45,16.6285714285714,40,40,112,112,TRUE
"3835","stjoseph",2013,2013-05-26,146,18.7,12.5,10.8,7.8,11.15,20,22.2,25,15.6357142857143,40,40,112,112,TRUE
"3836","stjoseph",2013,2013-05-27,147,18.2,14.15,12.5,10.8,7.8,11.15,20,22.2,14.0857142857143,40,40,112,112,TRUE
"3837","stjoseph",2013,2013-05-28,148,18,19.7,14.15,12.5,10.8,7.8,11.15,20,13.7285714285714,40,40,112,112,TRUE
"3838","stjoseph",2013,2013-05-29,149,18.7,22.2,19.7,14.15,12.5,10.8,7.8,11.15,14.0428571428571,40,40,112,112,TRUE
"3839","stjoseph",2013,2013-05-30,150,19.5,22.8,22.2,19.7,14.15,12.5,10.8,7.8,15.7071428571429,40,40,112,112,TRUE
"3840","stjoseph",2013,2013-05-31,151,20.6,21.95,22.8,22.2,19.7,14.15,12.5,10.8,17.7285714285714,40,40,112,112,TRUE
"3841","stjoseph",2013,2013-06-01,152,21.1,20.25,21.95,22.8,22.2,19.7,14.15,12.5,19.0785714285714,40,40,112,112,TRUE
"3842","stjoseph",2013,2013-06-02,153,20.9,12.5,20.25,21.95,22.8,22.2,19.7,14.15,19.0785714285714,40,40,112,112,TRUE
"3843","stjoseph",2013,2013-06-03,154,20.3,11.35,12.5,20.25,21.95,22.8,22.2,19.7,18.6785714285714,40,40,112,112,TRUE
"3844","stjoseph",2013,2013-06-04,155,20.3,14.7,11.35,12.5,20.25,21.95,22.8,22.2,17.9642857142857,40,40,112,112,TRUE
"3845","stjoseph",2013,2013-06-05,156,20.6,18.85,14.7,11.35,12.5,20.25,21.95,22.8,17.4857142857143,40,40,112,112,TRUE
"3846","stjoseph",2013,2013-06-06,157,20.3,17.25,18.85,14.7,11.35,12.5,20.25,21.95,16.6928571428571,40,40,112,112,TRUE
"3847","stjoseph",2013,2013-06-07,158,20.4,16.4,17.25,18.85,14.7,11.35,12.5,20.25,15.9,40,40,112,112,TRUE
"3848","stjoseph",2013,2013-06-08,159,20.6,16.1,16.4,17.25,18.85,14.7,11.35,12.5,15.3071428571429,40,40,112,112,TRUE
"3849","stjoseph",2013,2013-06-09,160,21,19.7,16.1,16.4,17.25,18.85,14.7,11.35,16.3357142857143,40,40,112,112,TRUE
"3850","stjoseph",2013,2013-06-10,161,21.3,20.55,19.7,16.1,16.4,17.25,18.85,14.7,17.65,40,40,112,112,TRUE
"3851","stjoseph",2013,2013-06-11,162,21.8,21.65,20.55,19.7,16.1,16.4,17.25,18.85,18.6428571428571,40,40,112,112,TRUE
"3852","stjoseph",2013,2013-06-12,163,22,24.15,21.65,20.55,19.7,16.1,16.4,17.25,19.4,40,40,112,112,TRUE
"3853","stjoseph",2013,2013-06-13,164,22.4,18.05,24.15,21.65,20.55,19.7,16.1,16.4,19.5142857142857,40,40,112,112,TRUE
"3854","stjoseph",2013,2013-06-14,165,22.6,18.35,18.05,24.15,21.65,20.55,19.7,16.1,19.7928571428571,40,40,112,112,TRUE
"3855","stjoseph",2013,2013-06-15,166,22.4,18.3,18.35,18.05,24.15,21.65,20.55,19.7,20.1071428571429,40,40,112,112,TRUE
"3856","stjoseph",2013,2013-06-16,167,22.8,22.8,18.3,18.35,18.05,24.15,21.65,20.55,20.55,40,40,112,112,TRUE
"3857","stjoseph",2013,2013-06-17,168,23.1,23.1,22.8,18.3,18.35,18.05,24.15,21.65,20.9142857142857,40,40,112,112,TRUE
"3858","stjoseph",2013,2013-06-18,169,23,20,23.1,22.8,18.3,18.35,18.05,24.15,20.6785714285714,40,40,112,112,TRUE
"3859","stjoseph",2013,2013-06-19,170,23,18.1,20,23.1,22.8,18.3,18.35,18.05,19.8142857142857,40,40,112,112,TRUE
"3860","stjoseph",2013,2013-06-20,171,23.4,20,18.1,20,23.1,22.8,18.3,18.35,20.0928571428571,40,40,112,112,TRUE
"3861","stjoseph",2013,2013-06-21,172,23.8,23.6,20,18.1,20,23.1,22.8,18.3,20.8428571428571,40,40,112,112,TRUE
"3862","stjoseph",2013,2013-06-22,173,23.8,23.9,23.6,20,18.1,20,23.1,22.8,21.6428571428571,40,40,112,112,TRUE
"3863","stjoseph",2013,2013-06-23,174,24.4,24.45,23.9,23.6,20,18.1,20,23.1,21.8785714285714,40,40,112,112,TRUE
"3864","stjoseph",2013,2013-06-24,175,24.9,24.15,24.45,23.9,23.6,20,18.1,20,22.0285714285714,40,40,112,112,TRUE
"3865","stjoseph",2013,2013-06-25,176,24.6,24.75,24.15,24.45,23.9,23.6,20,18.1,22.7071428571429,40,40,112,112,TRUE
"3866","stjoseph",2013,2013-06-26,177,24.9,23.3,24.75,24.15,24.45,23.9,23.6,20,23.45,40,40,112,112,TRUE
"3867","stjoseph",2013,2013-06-27,178,25.4,23.6,23.3,24.75,24.15,24.45,23.9,23.6,23.9642857142857,40,40,112,112,TRUE
"3868","stjoseph",2013,2013-06-28,179,25.1,21.95,23.6,23.3,24.75,24.15,24.45,23.9,23.7285714285714,40,40,112,112,TRUE
"3869","stjoseph",2013,2013-06-29,180,24.5,20.85,21.95,23.6,23.3,24.75,24.15,24.45,23.2928571428571,40,40,112,112,TRUE
"3870","stjoseph",2013,2013-06-30,181,23.7,21.1,20.85,21.95,23.6,23.3,24.75,24.15,22.8142857142857,40,40,112,112,TRUE
"3871","stjoseph",2013,2013-07-01,182,22.7,18.6,21.1,20.85,21.95,23.6,23.3,24.75,22.0214285714286,40,40,112,112,TRUE
"3872","stjoseph",2013,2013-07-02,183,21.5,16.4,18.6,21.1,20.85,21.95,23.6,23.3,20.8285714285714,40,40,112,112,TRUE
"3873","stjoseph",2013,2013-07-03,184,21.2,20.85,16.4,18.6,21.1,20.85,21.95,23.6,20.4785714285714,40,40,112,112,TRUE
"3874","stjoseph",2013,2013-07-04,185,21.4,20,20.85,16.4,18.6,21.1,20.85,21.95,19.9642857142857,40,40,112,112,TRUE
"3875","stjoseph",2013,2013-07-05,186,22.1,21.1,20,20.85,16.4,18.6,21.1,20.85,19.8428571428571,40,40,112,112,TRUE
"3876","stjoseph",2013,2013-07-06,187,22.9,22.8,21.1,20,20.85,16.4,18.6,21.1,20.1214285714286,40,40,112,112,TRUE
"3877","stjoseph",2013,2013-07-07,188,23.4,24.15,22.8,21.1,20,20.85,16.4,18.6,20.5571428571429,40,40,112,112,TRUE
"3878","stjoseph",2013,2013-07-08,189,23.7,23.9,24.15,22.8,21.1,20,20.85,16.4,21.3142857142857,40,40,112,112,TRUE
"3879","stjoseph",2013,2013-07-09,190,24,25,23.9,24.15,22.8,21.1,20,20.85,22.5428571428571,40,40,112,112,TRUE
"3880","stjoseph",2013,2013-07-10,191,24.5,22.5,25,23.9,24.15,22.8,21.1,20,22.7785714285714,40,40,112,112,TRUE
"3881","stjoseph",2013,2013-07-11,192,24,19.75,22.5,25,23.9,24.15,22.8,21.1,22.7428571428571,40,40,112,112,TRUE
"3882","stjoseph",2013,2013-07-12,193,24.1,20,19.75,22.5,25,23.9,24.15,22.8,22.5857142857143,40,40,112,112,TRUE
"3883","stjoseph",2013,2013-07-13,194,24.4,21.1,20,19.75,22.5,25,23.9,24.15,22.3428571428571,40,40,112,112,TRUE
"3884","stjoseph",2013,2013-07-14,195,24.9,25,21.1,20,19.75,22.5,25,23.9,22.4642857142857,40,40,112,112,TRUE
"3885","stjoseph",2013,2013-07-15,196,25.3,26.1,25,21.1,20,19.75,22.5,25,22.7785714285714,40,40,112,112,TRUE
"3886","stjoseph",2013,2013-07-16,197,25.9,27.5,26.1,25,21.1,20,19.75,22.5,23.1357142857143,40,40,112,112,TRUE
"3887","stjoseph",2013,2013-07-17,198,26.8,27.5,27.5,26.1,25,21.1,20,19.75,23.85,40,40,112,112,TRUE
"3888","stjoseph",2013,2013-07-18,199,27.3,27.75,27.5,27.5,26.1,25,21.1,20,24.9928571428571,40,40,112,112,TRUE
"3889","stjoseph",2013,2013-07-19,200,27.6,28.9,27.75,27.5,27.5,26.1,25,21.1,26.2642857142857,40,40,112,112,TRUE
"3890","stjoseph",2013,2013-07-20,201,28,25.6,28.9,27.75,27.5,27.5,26.1,25,26.9071428571429,40,40,112,112,TRUE
"3891","stjoseph",2013,2013-07-21,202,27.7,24.45,25.6,28.9,27.75,27.5,27.5,26.1,26.8285714285714,40,40,112,112,TRUE
"3892","stjoseph",2013,2013-07-22,203,27.3,24.15,24.45,25.6,28.9,27.75,27.5,27.5,26.55,40,40,112,112,TRUE
"3893","stjoseph",2016,2016-04-01,92,11.2,10.55,14.7,8.6,5,12.5,11.65,4.7,9.67142857142857,36,36,112,112,TRUE
"3894","stjoseph",2016,2016-04-02,93,10.3,4.4,10.55,14.7,8.6,5,12.5,11.65,9.62857142857143,36,36,112,112,TRUE
"3895","stjoseph",2016,2016-04-03,94,9.5,4.45,4.4,10.55,14.7,8.6,5,12.5,8.6,36,36,112,112,TRUE
"3896","stjoseph",2016,2016-04-04,95,8.8,8.35,4.45,4.4,10.55,14.7,8.6,5,8.00714285714286,36,36,112,112,TRUE
"3897","stjoseph",2016,2016-04-05,96,8.2,-0.3,8.35,4.45,4.4,10.55,14.7,8.6,7.25,36,36,112,112,TRUE
"3898","stjoseph",2016,2016-04-06,97,8.1,5.3,-0.3,8.35,4.45,4.4,10.55,14.7,6.77857142857143,36,36,112,112,TRUE
"3899","stjoseph",2016,2016-04-07,98,7.9,4.75,5.3,-0.3,8.35,4.45,4.4,10.55,5.35714285714286,36,36,112,112,TRUE
"3900","stjoseph",2016,2016-04-08,99,7.5,1.1,4.75,5.3,-0.3,8.35,4.45,4.4,4.00714285714286,36,36,112,112,TRUE
"3901","stjoseph",2016,2016-04-09,100,6.9,-0.25,1.1,4.75,5.3,-0.3,8.35,4.45,3.34285714285714,36,36,112,112,TRUE
"3902","stjoseph",2016,2016-04-10,101,6.5,0.85,-0.25,1.1,4.75,5.3,-0.3,8.35,2.82857142857143,36,36,112,112,TRUE
"3903","stjoseph",2016,2016-04-11,102,7.3,6.95,0.85,-0.25,1.1,4.75,5.3,-0.3,2.62857142857143,36,36,112,112,TRUE
"3904","stjoseph",2016,2016-04-12,103,7.7,2.8,6.95,0.85,-0.25,1.1,4.75,5.3,3.07142857142857,36,36,112,112,TRUE
"3905","stjoseph",2016,2016-04-13,104,8.8,5.85,2.8,6.95,0.85,-0.25,1.1,4.75,3.15,36,36,112,112,TRUE
"3906","stjoseph",2016,2016-04-14,105,9.8,8.9,5.85,2.8,6.95,0.85,-0.25,1.1,3.74285714285714,36,36,112,112,TRUE
"3907","stjoseph",2016,2016-04-15,106,11,13.05,8.9,5.85,2.8,6.95,0.85,-0.25,5.45,36,36,112,112,TRUE
"3908","stjoseph",2016,2016-04-16,107,12.4,15,13.05,8.9,5.85,2.8,6.95,0.85,7.62857142857143,36,36,112,112,TRUE
"3909","stjoseph",2016,2016-04-17,108,14,15.6,15,13.05,8.9,5.85,2.8,6.95,9.73571428571429,36,36,112,112,TRUE
"3910","stjoseph",2016,2016-04-18,109,15.5,17.75,15.6,15,13.05,8.9,5.85,2.8,11.2785714285714,36,36,112,112,TRUE
"3911","stjoseph",2016,2016-04-19,110,16.7,19.45,17.75,15.6,15,13.05,8.9,5.85,13.6571428571429,36,36,112,112,TRUE
"3912","stjoseph",2016,2016-04-20,111,17,16.7,19.45,17.75,15.6,15,13.05,8.9,15.2071428571429,36,36,112,112,TRUE
"3913","stjoseph",2016,2016-04-21,112,17,16.4,16.7,19.45,17.75,15.6,15,13.05,16.2785714285714,36,36,112,112,TRUE
"3914","stjoseph",2016,2016-04-22,113,16.6,14.4,16.4,16.7,19.45,17.75,15.6,15,16.4714285714286,36,36,112,112,TRUE
"3915","stjoseph",2016,2016-04-23,114,16.4,11.15,14.4,16.4,16.7,19.45,17.75,15.6,15.9214285714286,36,36,112,112,TRUE
"3916","stjoseph",2016,2016-04-24,115,16.4,13.05,11.15,14.4,16.4,16.7,19.45,17.75,15.5571428571429,36,36,112,112,TRUE
"3917","stjoseph",2016,2016-04-25,116,17,18.9,13.05,11.15,14.4,16.4,16.7,19.45,15.7214285714286,36,36,112,112,TRUE
"3918","stjoseph",2016,2016-04-26,117,17,15.85,18.9,13.05,11.15,14.4,16.4,16.7,15.2071428571429,36,36,112,112,TRUE
"3919","stjoseph",2016,2016-04-27,118,16.4,10.25,15.85,18.9,13.05,11.15,14.4,16.4,14.2857142857143,36,36,112,112,TRUE
"3920","stjoseph",2016,2016-04-28,119,15.4,10.3,10.25,15.85,18.9,13.05,11.15,14.4,13.4142857142857,36,36,112,112,TRUE
"3921","stjoseph",2016,2016-04-29,120,14.4,9.75,10.3,10.25,15.85,18.9,13.05,11.15,12.75,36,36,112,112,TRUE
"3922","stjoseph",2016,2016-04-30,121,13.5,8.65,9.75,10.3,10.25,15.85,18.9,13.05,12.3928571428571,36,36,112,112,TRUE
"3923","stjoseph",2016,2016-05-01,122,13,10.55,8.65,9.75,10.3,10.25,15.85,18.9,12.0357142857143,36,36,112,112,TRUE
"3924","stjoseph",2016,2016-05-02,123,12.5,9.75,10.55,8.65,9.75,10.3,10.25,15.85,10.7285714285714,36,36,112,112,TRUE
"3925","stjoseph",2016,2016-05-03,124,13,11.65,9.75,10.55,8.65,9.75,10.3,10.25,10.1285714285714,36,36,112,112,TRUE
"3926","stjoseph",2016,2016-05-04,125,12.9,12.25,11.65,9.75,10.55,8.65,9.75,10.3,10.4142857142857,36,36,112,112,TRUE
"3927","stjoseph",2016,2016-05-05,126,13.2,8.35,12.25,11.65,9.75,10.55,8.65,9.75,10.1357142857143,36,36,112,112,TRUE
"3928","stjoseph",2016,2016-05-06,127,13.9,12.8,8.35,12.25,11.65,9.75,10.55,8.65,10.5714285714286,36,36,112,112,TRUE
"3929","stjoseph",2016,2016-05-07,128,15.1,17.5,12.8,8.35,12.25,11.65,9.75,10.55,11.8357142857143,36,36,112,112,TRUE
"3930","stjoseph",2016,2016-05-08,129,15.7,11.4,17.5,12.8,8.35,12.25,11.65,9.75,11.9571428571429,36,36,112,112,TRUE
"3931","stjoseph",2016,2016-05-09,130,15.9,13.35,11.4,17.5,12.8,8.35,12.25,11.65,12.4714285714286,36,36,112,112,TRUE
"3932","stjoseph",2016,2016-05-10,131,15.5,11.9,13.35,11.4,17.5,12.8,8.35,12.25,12.5071428571429,36,36,112,112,TRUE
"3933","stjoseph",2016,2016-05-11,132,15.4,16.15,11.9,13.35,11.4,17.5,12.8,8.35,13.0642857142857,36,36,112,112,TRUE
"3934","stjoseph",2016,2016-05-12,133,15.5,18.05,16.15,11.9,13.35,11.4,17.5,12.8,14.45,36,36,112,112,TRUE
"3935","stjoseph",2016,2016-05-13,134,15.9,14.15,18.05,16.15,11.9,13.35,11.4,17.5,14.6428571428571,36,36,112,112,TRUE
"3936","stjoseph",2016,2016-05-14,135,15.4,11.65,14.15,18.05,16.15,11.9,13.35,11.4,13.8071428571429,36,36,112,112,TRUE
"3937","stjoseph",2016,2016-05-15,136,14.8,5.25,11.65,14.15,18.05,16.15,11.9,13.35,12.9285714285714,36,36,112,112,TRUE
"3938","stjoseph",2016,2016-05-16,137,14.2,12.25,5.25,11.65,14.15,18.05,16.15,11.9,12.7714285714286,36,36,112,112,TRUE
"3939","stjoseph",2016,2016-05-17,138,14.4,15.6,12.25,5.25,11.65,14.15,18.05,16.15,13.3,36,36,112,112,TRUE
"3940","stjoseph",2016,2016-05-18,139,14.6,12.2,15.6,12.25,5.25,11.65,14.15,18.05,12.7357142857143,36,36,112,112,TRUE
"3941","stjoseph",2016,2016-05-19,140,15.3,12.5,12.2,15.6,12.25,5.25,11.65,14.15,11.9428571428571,36,36,112,112,TRUE
"3942","stjoseph",2016,2016-05-20,141,16.1,13.6,12.5,12.2,15.6,12.25,5.25,11.65,11.8642857142857,36,36,112,112,TRUE
"3943","stjoseph",2016,2016-05-21,142,17.1,15.8,13.6,12.5,12.2,15.6,12.25,5.25,12.4571428571429,36,36,112,112,TRUE
"3944","stjoseph",2016,2016-05-22,143,17.8,15.85,15.8,13.6,12.5,12.2,15.6,12.25,13.9714285714286,36,36,112,112,TRUE
"3945","stjoseph",2016,2016-05-23,144,18.7,16.15,15.85,15.8,13.6,12.5,12.2,15.6,14.5285714285714,36,36,112,112,TRUE
"3946","stjoseph",2016,2016-05-24,145,19.6,18.35,16.15,15.85,15.8,13.6,12.5,12.2,14.9214285714286,36,36,112,112,TRUE
"3947","stjoseph",2016,2016-05-25,146,20.8,22.8,18.35,16.15,15.85,15.8,13.6,12.5,16.4357142857143,36,36,112,112,TRUE
"3948","stjoseph",2016,2016-05-26,147,21.6,22.8,22.8,18.35,16.15,15.85,15.8,13.6,17.9071428571429,36,36,112,112,TRUE
"3949","stjoseph",2016,2016-05-27,148,22,23.35,22.8,22.8,18.35,16.15,15.85,15.8,19.3,36,36,112,112,TRUE
"3950","stjoseph",2016,2016-05-28,149,22.5,24.15,23.35,22.8,22.8,18.35,16.15,15.85,20.4928571428571,36,36,112,112,TRUE
"3951","stjoseph",2016,2016-05-29,150,23,22.75,24.15,23.35,22.8,22.8,18.35,16.15,21.4785714285714,36,36,112,112,TRUE
"3952","stjoseph",2016,2016-05-30,151,23.3,23.85,22.75,24.15,23.35,22.8,22.8,18.35,22.5785714285714,36,36,112,112,TRUE
"3953","stjoseph",2016,2016-05-31,152,23.5,21.4,23.85,22.75,24.15,23.35,22.8,22.8,23.0142857142857,36,36,112,112,TRUE
"3954","stjoseph",2016,2016-06-01,153,23.2,23.35,21.4,23.85,22.75,24.15,23.35,22.8,23.0928571428571,36,36,112,112,TRUE
"3955","stjoseph",2016,2016-06-02,154,23.3,20,23.35,21.4,23.85,22.75,24.15,23.35,22.6928571428571,36,36,112,112,TRUE
"3956","stjoseph",2016,2016-06-03,155,23.3,18.65,20,23.35,21.4,23.85,22.75,24.15,22.0214285714286,36,36,112,112,TRUE
"3957","stjoseph",2016,2016-06-04,156,23.1,21.1,18.65,20,23.35,21.4,23.85,22.75,21.5857142857143,36,36,112,112,TRUE
"3958","stjoseph",2016,2016-06-05,157,22.6,19.2,21.1,18.65,20,23.35,21.4,23.85,21.0785714285714,36,36,112,112,TRUE
"3959","stjoseph",2016,2016-06-06,158,22.6,20.8,19.2,21.1,18.65,20,23.35,21.4,20.6428571428571,36,36,112,112,TRUE
"3960","stjoseph",2016,2016-06-07,159,21.3,18.6,20.8,19.2,21.1,18.65,20,23.35,20.2428571428571,36,36,112,112,TRUE
"3961","stjoseph",2016,2016-06-08,160,20.8,13.6,18.6,20.8,19.2,21.1,18.65,20,18.85,36,36,112,112,TRUE
"3962","stjoseph",2016,2016-06-09,161,20.4,15.55,13.6,18.6,20.8,19.2,21.1,18.65,18.2142857142857,36,36,112,112,TRUE
"3963","stjoseph",2016,2016-06-10,162,21,24.2,15.55,13.6,18.6,20.8,19.2,21.1,19.0071428571429,36,36,112,112,TRUE
"3964","stjoseph",2016,2016-06-11,163,22.4,27.5,24.2,15.55,13.6,18.6,20.8,19.2,19.9214285714286,36,36,112,112,TRUE
"3965","stjoseph",2016,2016-06-12,164,22.7,25.8,27.5,24.2,15.55,13.6,18.6,20.8,20.8642857142857,36,36,112,112,TRUE
"3966","stjoseph",2016,2016-06-13,165,22.3,19.15,25.8,27.5,24.2,15.55,13.6,18.6,20.6285714285714,36,36,112,112,TRUE
"3967","stjoseph",2016,2016-06-14,166,23.2,23.05,19.15,25.8,27.5,24.2,15.55,13.6,21.2642857142857,36,36,112,112,TRUE
"3968","stjoseph",2016,2016-06-15,167,23.7,24.45,23.05,19.15,25.8,27.5,24.2,15.55,22.8142857142857,36,36,112,112,TRUE
"3969","stjoseph",2016,2016-06-16,168,23.4,22.75,24.45,23.05,19.15,25.8,27.5,24.2,23.8428571428571,36,36,112,112,TRUE
"3970","stjoseph",2016,2016-06-17,169,22.5,21.35,22.75,24.45,23.05,19.15,25.8,27.5,23.4357142857143,36,36,112,112,TRUE
"3971","stjoseph",2016,2016-06-18,170,23.8,21.95,21.35,22.75,24.45,23.05,19.15,25.8,22.6428571428571,36,36,112,112,TRUE
"3972","stjoseph",2016,2016-06-19,171,24.2,23.65,21.95,21.35,22.75,24.45,23.05,19.15,22.3357142857143,36,36,112,112,TRUE
"3973","stjoseph",2016,2016-06-20,172,24.7,26.15,23.65,21.95,21.35,22.75,24.45,23.05,23.3357142857143,36,36,112,112,TRUE
"3974","stjoseph",2016,2016-06-21,173,24.6,21.1,26.15,23.65,21.95,21.35,22.75,24.45,23.0571428571429,36,36,112,112,TRUE
"3975","stjoseph",2016,2016-06-22,174,24.5,20.3,21.1,26.15,23.65,21.95,21.35,22.75,22.4642857142857,36,36,112,112,TRUE
"3976","stjoseph",2016,2016-06-23,175,24.2,23.05,20.3,21.1,26.15,23.65,21.95,21.35,22.5071428571429,36,36,112,112,TRUE
"3977","stjoseph",2016,2016-06-24,176,24.4,21.65,23.05,20.3,21.1,26.15,23.65,21.95,22.55,36,36,112,112,TRUE
"3978","stjoseph",2016,2016-06-25,177,24.2,21.95,21.65,23.05,20.3,21.1,26.15,23.65,22.55,36,36,112,112,TRUE
"3979","stjoseph",2016,2016-06-26,178,24.7,25.55,21.95,21.65,23.05,20.3,21.1,26.15,22.8214285714286,36,36,112,112,TRUE
"3980","stjoseph",2016,2016-06-27,179,24.8,24.2,25.55,21.95,21.65,23.05,20.3,21.1,22.5428571428571,36,36,112,112,TRUE
"3981","stjoseph",2016,2016-06-28,180,23.9,23.35,24.2,25.55,21.95,21.65,23.05,20.3,22.8642857142857,36,36,112,112,TRUE
"3982","stjoseph",2016,2016-06-29,181,23.1,16.4,23.35,24.2,25.55,21.95,21.65,23.05,22.3071428571429,36,36,112,112,TRUE
"3983","stjoseph",2016,2016-06-30,182,23.3,24.45,16.4,23.35,24.2,25.55,21.95,21.65,22.5071428571429,36,36,112,112,TRUE
"3984","stjoseph",2016,2016-07-01,183,23.1,21.4,24.45,16.4,23.35,24.2,25.55,21.95,22.4714285714286,36,36,112,112,TRUE
"3985","stjoseph",2016,2016-07-02,184,22.4,17.5,21.4,24.45,16.4,23.35,24.2,25.55,21.8357142857143,36,36,112,112,TRUE
"3986","stjoseph",2016,2016-07-03,185,22.4,17.5,17.5,21.4,24.45,16.4,23.35,24.2,20.6857142857143,36,36,112,112,TRUE
"3987","stjoseph",2016,2016-07-04,186,22.4,20.55,17.5,17.5,21.4,24.45,16.4,23.35,20.1642857142857,36,36,112,112,TRUE
"3988","stjoseph",2016,2016-07-05,187,22.8,23.3,20.55,17.5,17.5,21.4,24.45,16.4,20.1571428571429,36,36,112,112,TRUE
"3989","stjoseph",2016,2016-07-06,188,23.3,23.9,23.3,20.55,17.5,17.5,21.4,24.45,21.2285714285714,36,36,112,112,TRUE
"3990","stjoseph",2016,2016-07-07,189,23.7,24.15,23.9,23.3,20.55,17.5,17.5,21.4,21.1857142857143,36,36,112,112,TRUE
"3991","stjoseph",2016,2016-07-08,190,24.2,25,24.15,23.9,23.3,20.55,17.5,17.5,21.7,36,36,112,112,TRUE
"3992","stjoseph",2016,2016-07-09,191,24,23.85,25,24.15,23.9,23.3,20.55,17.5,22.6071428571429,36,36,112,112,TRUE
"3993","stjoseph",2016,2016-07-10,192,23.8,20.55,23.85,25,24.15,23.9,23.3,20.55,23.0428571428571,36,36,112,112,TRUE
"3994","stjoseph",2016,2016-07-11,193,25,21.95,20.55,23.85,25,24.15,23.9,23.3,23.2428571428571,36,36,112,112,TRUE
"3995","stjoseph",2016,2016-07-12,194,25.7,24.45,21.95,20.55,23.85,25,24.15,23.9,23.4071428571429,36,36,112,112,TRUE
"3996","stjoseph",2016,2016-07-13,195,25.7,26.4,24.45,21.95,20.55,23.85,25,24.15,23.7642857142857,36,36,112,112,TRUE
"3997","stjoseph",2016,2016-07-14,196,25.6,25,26.4,24.45,21.95,20.55,23.85,25,23.8857142857143,36,36,112,112,TRUE
"3998","stjoseph",2016,2016-07-15,197,25.5,23.9,25,26.4,24.45,21.95,20.55,23.85,23.7285714285714,36,36,112,112,TRUE
"3999","stjoseph",2016,2016-07-16,198,24.6,21.95,23.9,25,26.4,24.45,21.95,20.55,23.4571428571429,36,36,112,112,TRUE
"4000","stjoseph",2016,2016-07-17,199,24.5,19.45,21.95,23.9,25,26.4,24.45,21.95,23.3,36,36,112,112,TRUE
"4001","stjoseph",2016,2016-07-18,200,25,23.6,19.45,21.95,23.9,25,26.4,24.45,23.5357142857143,36,36,112,112,TRUE
"4002","stjoseph",2016,2016-07-19,201,25,23.1,23.6,19.45,21.95,23.9,25,26.4,23.3428571428571,36,36,112,112,TRUE
"4003","stjoseph",2016,2016-07-20,202,25.5,24.2,23.1,23.6,19.45,21.95,23.9,25,23.0285714285714,36,36,112,112,TRUE
"4004","stjoseph",2016,2016-07-21,203,25.8,26.15,24.2,23.1,23.6,19.45,21.95,23.9,23.1928571428571,36,36,112,112,TRUE
"4005","stjoseph",2017,2017-04-02,92,9.3,6.65,5.3,5.25,8.85,6.65,8.35,11.4,7.49285714285714,39,39,112,112,TRUE
"4006","stjoseph",2017,2017-04-03,93,9.8,11.9,6.65,5.3,5.25,8.85,6.65,8.35,7.56428571428571,39,39,112,112,TRUE
"4007","stjoseph",2017,2017-04-04,94,10,9.15,11.9,6.65,5.3,5.25,8.85,6.65,7.67857142857143,39,39,112,112,TRUE
"4008","stjoseph",2017,2017-04-05,95,9.7,5.3,9.15,11.9,6.65,5.3,5.25,8.85,7.48571428571429,39,39,112,112,TRUE
"4009","stjoseph",2017,2017-04-06,96,8.8,3.35,5.3,9.15,11.9,6.65,5.3,5.25,6.7,39,39,112,112,TRUE
"4010","stjoseph",2017,2017-04-07,97,8.2,4.7,3.35,5.3,9.15,11.9,6.65,5.3,6.62142857142857,39,39,112,112,TRUE
"4011","stjoseph",2017,2017-04-08,98,8.5,6.1,4.7,3.35,5.3,9.15,11.9,6.65,6.73571428571429,39,39,112,112,TRUE
"4012","stjoseph",2017,2017-04-09,99,9.9,15.3,6.1,4.7,3.35,5.3,9.15,11.9,7.97142857142857,39,39,112,112,TRUE
"4013","stjoseph",2017,2017-04-10,100,11.8,19.75,15.3,6.1,4.7,3.35,5.3,9.15,9.09285714285714,39,39,112,112,TRUE
"4014","stjoseph",2017,2017-04-11,101,13,13.3,19.75,15.3,6.1,4.7,3.35,5.3,9.68571428571429,39,39,112,112,TRUE
"4015","stjoseph",2017,2017-04-12,102,13.3,11.95,13.3,19.75,15.3,6.1,4.7,3.35,10.6357142857143,39,39,112,112,TRUE
"4016","stjoseph",2017,2017-04-13,103,13.1,8.65,11.95,13.3,19.75,15.3,6.1,4.7,11.3928571428571,39,39,112,112,TRUE
"4017","stjoseph",2017,2017-04-14,104,12.9,11.4,8.65,11.95,13.3,19.75,15.3,6.1,12.35,39,39,112,112,TRUE
"4018","stjoseph",2017,2017-04-15,105,13.8,19.75,11.4,8.65,11.95,13.3,19.75,15.3,14.3,39,39,112,112,TRUE
"4019","stjoseph",2017,2017-04-16,106,14.9,20.85,19.75,11.4,8.65,11.95,13.3,19.75,15.0928571428571,39,39,112,112,TRUE
"4020","stjoseph",2017,2017-04-17,107,15.8,12.75,20.85,19.75,11.4,8.65,11.95,13.3,14.0928571428571,39,39,112,112,TRUE
"4021","stjoseph",2017,2017-04-18,108,16.3,15.3,12.75,20.85,19.75,11.4,8.65,11.95,14.3785714285714,39,39,112,112,TRUE
"4022","stjoseph",2017,2017-04-19,109,16.7,17.75,15.3,12.75,20.85,19.75,11.4,8.65,15.2071428571429,39,39,112,112,TRUE
"4023","stjoseph",2017,2017-04-20,110,17.1,17.5,17.75,15.3,12.75,20.85,19.75,11.4,16.4714285714286,39,39,112,112,TRUE
"4024","stjoseph",2017,2017-04-21,111,16.5,13.35,17.5,17.75,15.3,12.75,20.85,19.75,16.75,39,39,112,112,TRUE
"4025","stjoseph",2017,2017-04-22,112,15.9,6.4,13.35,17.5,17.75,15.3,12.75,20.85,14.8428571428571,39,39,112,112,TRUE
"4026","stjoseph",2017,2017-04-23,113,15.5,9.15,6.4,13.35,17.5,17.75,15.3,12.75,13.1714285714286,39,39,112,112,TRUE
"4027","stjoseph",2017,2017-04-24,114,15.7,12.8,9.15,6.4,13.35,17.5,17.75,15.3,13.1785714285714,39,39,112,112,TRUE
"4028","stjoseph",2017,2017-04-25,115,16.4,16.95,12.8,9.15,6.4,13.35,17.5,17.75,13.4142857142857,39,39,112,112,TRUE
"4029","stjoseph",2017,2017-04-26,116,17.5,18.35,16.95,12.8,9.15,6.4,13.35,17.5,13.5,39,39,112,112,TRUE
"4030","stjoseph",2017,2017-04-27,117,17.8,18.3,18.35,16.95,12.8,9.15,6.4,13.35,13.6142857142857,39,39,112,112,TRUE
"4031","stjoseph",2017,2017-04-28,118,17,9.4,18.3,18.35,16.95,12.8,9.15,6.4,13.05,39,39,112,112,TRUE
"4032","stjoseph",2017,2017-04-29,119,16.1,10.3,9.4,18.3,18.35,16.95,12.8,9.15,13.6071428571429,39,39,112,112,TRUE
"4033","stjoseph",2017,2017-04-30,120,14.9,10.85,10.3,9.4,18.3,18.35,16.95,12.8,13.85,39,39,112,112,TRUE
"4034","stjoseph",2017,2017-05-01,121,14.6,14.75,10.85,10.3,9.4,18.3,18.35,16.95,14.1285714285714,39,39,112,112,TRUE
"4035","stjoseph",2017,2017-05-02,122,13.5,8.3,14.75,10.85,10.3,9.4,18.3,18.35,12.8928571428571,39,39,112,112,TRUE
"4036","stjoseph",2017,2017-05-03,123,12.7,7.5,8.3,14.75,10.85,10.3,9.4,18.3,11.3428571428571,39,39,112,112,TRUE
"4037","stjoseph",2017,2017-05-04,124,12.2,10,7.5,8.3,14.75,10.85,10.3,9.4,10.1571428571429,39,39,112,112,TRUE
"4038","stjoseph",2017,2017-05-05,125,12,9.15,10,7.5,8.3,14.75,10.85,10.3,10.1214285714286,39,39,112,112,TRUE
"4039","stjoseph",2017,2017-05-06,126,12.3,7.5,9.15,10,7.5,8.3,14.75,10.85,9.72142857142857,39,39,112,112,TRUE
"4040","stjoseph",2017,2017-05-07,127,12.7,6.95,7.5,9.15,10,7.5,8.3,14.75,9.16428571428571,39,39,112,112,TRUE
"4041","stjoseph",2017,2017-05-08,128,13.1,4.75,6.95,7.5,9.15,10,7.5,8.3,7.73571428571429,39,39,112,112,TRUE
"4042","stjoseph",2017,2017-05-09,129,13.3,10,4.75,6.95,7.5,9.15,10,7.5,7.97857142857143,39,39,112,112,TRUE
"4043","stjoseph",2017,2017-05-10,130,13.9,16.15,10,4.75,6.95,7.5,9.15,10,9.21428571428571,39,39,112,112,TRUE
"4044","stjoseph",2017,2017-05-11,131,14.5,14.2,16.15,10,4.75,6.95,7.5,9.15,9.81428571428571,39,39,112,112,TRUE
"4045","stjoseph",2017,2017-05-12,132,15.2,13.9,14.2,16.15,10,4.75,6.95,7.5,10.4928571428571,39,39,112,112,TRUE
"4046","stjoseph",2017,2017-05-13,133,16,13.1,13.9,14.2,16.15,10,4.75,6.95,11.2928571428571,39,39,112,112,TRUE
"4047","stjoseph",2017,2017-05-14,134,17,16.1,13.1,13.9,14.2,16.15,10,4.75,12.6,39,39,112,112,TRUE
"4048","stjoseph",2017,2017-05-15,135,18.1,17.5,16.1,13.1,13.9,14.2,16.15,10,14.4214285714286,39,39,112,112,TRUE
"4049","stjoseph",2017,2017-05-16,136,19.5,16.1,17.5,16.1,13.1,13.9,14.2,16.15,15.2928571428571,39,39,112,112,TRUE
"4050","stjoseph",2017,2017-05-17,137,20.4,25,16.1,17.5,16.1,13.1,13.9,14.2,16.5571428571429,39,39,112,112,TRUE
"4051","stjoseph",2017,2017-05-18,138,21.2,25,25,16.1,17.5,16.1,13.1,13.9,18.1,39,39,112,112,TRUE
"4052","stjoseph",2017,2017-05-19,139,20.3,17.2,25,25,16.1,17.5,16.1,13.1,18.5714285714286,39,39,112,112,TRUE
"4053","stjoseph",2017,2017-05-20,140,19.2,11.4,17.2,25,25,16.1,17.5,16.1,18.3285714285714,39,39,112,112,TRUE
"4054","stjoseph",2017,2017-05-21,141,18.5,15.55,11.4,17.2,25,25,16.1,17.5,18.25,39,39,112,112,TRUE
"4055","stjoseph",2017,2017-05-22,142,17.7,15.25,15.55,11.4,17.2,25,25,16.1,17.9285714285714,39,39,112,112,TRUE
"4056","stjoseph",2017,2017-05-23,143,17.6,18.05,15.25,15.55,11.4,17.2,25,25,18.2071428571429,39,39,112,112,TRUE
"4057","stjoseph",2017,2017-05-24,144,17.9,14.15,18.05,15.25,15.55,11.4,17.2,25,16.6571428571429,39,39,112,112,TRUE
"4058","stjoseph",2017,2017-05-25,145,17.8,17.2,14.15,18.05,15.25,15.55,11.4,17.2,15.5428571428571,39,39,112,112,TRUE
"4059","stjoseph",2017,2017-05-26,146,17.6,17.5,17.2,14.15,18.05,15.25,15.55,11.4,15.5857142857143,39,39,112,112,TRUE
"4060","stjoseph",2017,2017-05-27,147,17.8,18.05,17.5,17.2,14.15,18.05,15.25,15.55,16.5357142857143,39,39,112,112,TRUE
"4061","stjoseph",2017,2017-05-28,148,18.6,18.35,18.05,17.5,17.2,14.15,18.05,15.25,16.9357142857143,39,39,112,112,TRUE
"4062","stjoseph",2017,2017-05-29,149,19.3,16.35,18.35,18.05,17.5,17.2,14.15,18.05,17.0928571428571,39,39,112,112,TRUE
"4063","stjoseph",2017,2017-05-30,150,19.4,17.2,16.35,18.35,18.05,17.5,17.2,14.15,16.9714285714286,39,39,112,112,TRUE
"4064","stjoseph",2017,2017-05-31,151,19.4,16.15,17.2,16.35,18.35,18.05,17.5,17.2,17.2571428571429,39,39,112,112,TRUE
"4065","stjoseph",2017,2017-06-01,152,19.6,16.1,16.15,17.2,16.35,18.35,18.05,17.5,17.1,39,39,112,112,TRUE
"4066","stjoseph",2017,2017-06-02,153,20,17.25,16.1,16.15,17.2,16.35,18.35,18.05,17.0642857142857,39,39,112,112,TRUE
"4067","stjoseph",2017,2017-06-03,154,20.4,19.45,17.25,16.1,16.15,17.2,16.35,18.35,17.2642857142857,39,39,112,112,TRUE
"4068","stjoseph",2017,2017-06-04,155,21.1,22.8,19.45,17.25,16.1,16.15,17.2,16.35,17.9,39,39,112,112,TRUE
"4069","stjoseph",2017,2017-06-05,156,21.8,22.25,22.8,19.45,17.25,16.1,16.15,17.2,18.7428571428571,39,39,112,112,TRUE
"4070","stjoseph",2017,2017-06-06,157,22.1,17.5,22.25,22.8,19.45,17.25,16.1,16.15,18.7857142857143,39,39,112,112,TRUE
"4071","stjoseph",2017,2017-06-07,158,22,17.8,17.5,22.25,22.8,19.45,17.25,16.1,19.0214285714286,39,39,112,112,TRUE
"4072","stjoseph",2017,2017-06-08,159,21.8,17.75,17.8,17.5,22.25,22.8,19.45,17.25,19.2571428571429,39,39,112,112,TRUE
"4073","stjoseph",2017,2017-06-09,160,22,21.7,17.75,17.8,17.5,22.25,22.8,19.45,19.8928571428571,39,39,112,112,TRUE
"4074","stjoseph",2017,2017-06-10,161,22.3,22.2,21.7,17.75,17.8,17.5,22.25,22.8,20.2857142857143,39,39,112,112,TRUE
"4075","stjoseph",2017,2017-06-11,162,22.8,25.85,22.2,21.7,17.75,17.8,17.5,22.25,20.7214285714286,39,39,112,112,TRUE
"4076","stjoseph",2017,2017-06-12,163,23.6,26.95,25.85,22.2,21.7,17.75,17.8,17.5,21.3928571428571,39,39,112,112,TRUE
"4077","stjoseph",2017,2017-06-13,164,24.2,26.95,26.95,25.85,22.2,21.7,17.75,17.8,22.7428571428571,39,39,112,112,TRUE
"4078","stjoseph",2017,2017-06-14,165,24.8,26.65,26.95,26.95,25.85,22.2,21.7,17.75,24.0071428571429,39,39,112,112,TRUE
"4079","stjoseph",2017,2017-06-15,166,25.1,25.85,26.65,26.95,26.95,25.85,22.2,21.7,25.1642857142857,39,39,112,112,TRUE
"4080","stjoseph",2017,2017-06-16,167,25,23.05,25.85,26.65,26.95,26.95,25.85,22.2,25.3571428571429,39,39,112,112,TRUE
"4081","stjoseph",2017,2017-06-17,168,25,23.3,23.05,25.85,26.65,26.95,26.95,25.85,25.5142857142857,39,39,112,112,TRUE
"4082","stjoseph",2017,2017-06-18,169,25.1,22.8,23.3,23.05,25.85,26.65,26.95,26.95,25.0785714285714,39,39,112,112,TRUE
"4083","stjoseph",2017,2017-06-19,170,24.2,20.25,22.8,23.3,23.05,25.85,26.65,26.95,24.1214285714286,39,39,112,112,TRUE
"4084","stjoseph",2017,2017-06-20,171,23.3,19.75,20.25,22.8,23.3,23.05,25.85,26.65,23.0928571428571,39,39,112,112,TRUE
"4085","stjoseph",2017,2017-06-21,172,23.1,18.65,19.75,20.25,22.8,23.3,23.05,25.85,21.95,39,39,112,112,TRUE
"4086","stjoseph",2017,2017-06-22,173,23.5,23.6,18.65,19.75,20.25,22.8,23.3,23.05,21.6285714285714,39,39,112,112,TRUE
"4087","stjoseph",2017,2017-06-23,174,23.4,23.9,23.6,18.65,19.75,20.25,22.8,23.3,21.75,39,39,112,112,TRUE
"4088","stjoseph",2017,2017-06-24,175,23.1,20,23.9,23.6,18.65,19.75,20.25,22.8,21.2785714285714,39,39,112,112,TRUE
"4089","stjoseph",2017,2017-06-25,176,22.7,18.85,20,23.9,23.6,18.65,19.75,20.25,20.7142857142857,39,39,112,112,TRUE
"4090","stjoseph",2017,2017-06-26,177,22.2,18.05,18.85,20,23.9,23.6,18.65,19.75,20.4,39,39,112,112,TRUE
"4091","stjoseph",2017,2017-06-27,178,21.6,15.85,18.05,18.85,20,23.9,23.6,18.65,19.8428571428571,39,39,112,112,TRUE
"4092","stjoseph",2017,2017-06-28,179,21.2,17.25,15.85,18.05,18.85,20,23.9,23.6,19.6428571428571,39,39,112,112,TRUE
"4093","stjoseph",2017,2017-06-29,180,21.5,23.05,17.25,15.85,18.05,18.85,20,23.9,19.5642857142857,39,39,112,112,TRUE
"4094","stjoseph",2017,2017-06-30,181,21.9,20.25,23.05,17.25,15.85,18.05,18.85,20,19.0428571428571,39,39,112,112,TRUE
"4095","stjoseph",2017,2017-07-01,182,22.5,19.7,20.25,23.05,17.25,15.85,18.05,18.85,19,39,39,112,112,TRUE
"4096","stjoseph",2017,2017-07-02,183,23.1,21.1,19.7,20.25,23.05,17.25,15.85,18.05,19.3214285714286,39,39,112,112,TRUE
"4097","stjoseph",2017,2017-07-03,184,23.7,22.8,21.1,19.7,20.25,23.05,17.25,15.85,20,39,39,112,112,TRUE
"4098","stjoseph",2017,2017-07-04,185,24.4,22.5,22.8,21.1,19.7,20.25,23.05,17.25,20.95,39,39,112,112,TRUE
"4099","stjoseph",2017,2017-07-05,186,24.7,21.95,22.5,22.8,21.1,19.7,20.25,23.05,21.6214285714286,39,39,112,112,TRUE
"4100","stjoseph",2017,2017-07-06,187,25.3,23.9,21.95,22.5,22.8,21.1,19.7,20.25,21.7428571428571,39,39,112,112,TRUE
"4101","stjoseph",2017,2017-07-07,188,25.1,25,23.9,21.95,22.5,22.8,21.1,19.7,22.4214285714286,39,39,112,112,TRUE
"4102","stjoseph",2017,2017-07-08,189,24.4,23.9,25,23.9,21.95,22.5,22.8,21.1,23.0214285714286,39,39,112,112,TRUE
"4103","stjoseph",2017,2017-07-09,190,24.3,18.35,23.9,25,23.9,21.95,22.5,22.8,22.6285714285714,39,39,112,112,TRUE
"4104","stjoseph",2017,2017-07-10,191,24.2,23.05,18.35,23.9,25,23.9,21.95,22.5,22.6642857142857,39,39,112,112,TRUE
"4105","stjoseph",2017,2017-07-11,192,24.3,24.7,23.05,18.35,23.9,25,23.9,21.95,22.9785714285714,39,39,112,112,TRUE
"4106","stjoseph",2017,2017-07-12,193,24,20,24.7,23.05,18.35,23.9,25,23.9,22.7,39,39,112,112,TRUE
"4107","stjoseph",2017,2017-07-13,194,24.1,24.15,20,24.7,23.05,18.35,23.9,25,22.7357142857143,39,39,112,112,TRUE
"4108","stjoseph",2017,2017-07-14,195,24.1,22.25,24.15,20,24.7,23.05,18.35,23.9,22.3428571428571,39,39,112,112,TRUE
"4109","stjoseph",2017,2017-07-15,196,24,20.3,22.25,24.15,20,24.7,23.05,18.35,21.8285714285714,39,39,112,112,TRUE
"4110","stjoseph",2017,2017-07-16,197,24.4,21.95,20.3,22.25,24.15,20,24.7,23.05,22.3428571428571,39,39,112,112,TRUE
"4111","stjoseph",2017,2017-07-17,198,24.4,20,21.95,20.3,22.25,24.15,20,24.7,21.9071428571429,39,39,112,112,TRUE
"4112","stjoseph",2017,2017-07-18,199,24.9,21.65,20,21.95,20.3,22.25,24.15,20,21.4714285714286,39,39,112,112,TRUE
"4113","stjoseph",2017,2017-07-19,200,25.5,22.5,21.65,20,21.95,20.3,22.25,24.15,21.8285714285714,39,39,112,112,TRUE
"4114","stjoseph",2017,2017-07-20,201,25.6,25,22.5,21.65,20,21.95,20.3,22.25,21.95,39,39,112,112,TRUE
"4115","stjoseph",2017,2017-07-21,202,26,21.9,25,22.5,21.65,20,21.95,20.3,21.9,39,39,112,112,TRUE
"4116","stjoseph",2017,2017-07-22,203,26.2,20.6,21.9,25,22.5,21.65,20,21.95,21.9428571428571,39,39,112,112,TRUE
"4117","stjoseph",2018,2018-04-02,92,7.2,-0.55,5.55,3.3,4.45,6.95,6.35,7.5,4.79285714285714,37,37,112,112,TRUE
"4118","stjoseph",2018,2018-04-03,93,7.3,4.2,-0.55,5.55,3.3,4.45,6.95,6.35,4.32142857142857,37,37,112,112,TRUE
"4119","stjoseph",2018,2018-04-04,94,6.8,1.15,4.2,-0.55,5.55,3.3,4.45,6.95,3.57857142857143,37,37,112,112,TRUE
"4120","stjoseph",2018,2018-04-05,95,6.4,0.6,1.15,4.2,-0.55,5.55,3.3,4.45,2.67142857142857,37,37,112,112,TRUE
"4121","stjoseph",2018,2018-04-06,96,6.1,2.8,0.6,1.15,4.2,-0.55,5.55,3.3,2.43571428571429,37,37,112,112,TRUE
"4122","stjoseph",2018,2018-04-07,97,6,-2.5,2.8,0.6,1.15,4.2,-0.55,5.55,1.60714285714286,37,37,112,112,TRUE
"4123","stjoseph",2018,2018-04-08,98,6.1,-2.25,-2.5,2.8,0.6,1.15,4.2,-0.55,0.492857142857143,37,37,112,112,TRUE
"4124","stjoseph",2018,2018-04-09,99,6.3,1.65,-2.25,-2.5,2.8,0.6,1.15,4.2,0.807142857142857,37,37,112,112,TRUE
"4125","stjoseph",2018,2018-04-10,100,6.5,1.1,1.65,-2.25,-2.5,2.8,0.6,1.15,0.364285714285714,37,37,112,112,TRUE
"4126","stjoseph",2018,2018-04-11,101,7.1,3.35,1.1,1.65,-2.25,-2.5,2.8,0.6,0.678571428571429,37,37,112,112,TRUE
"4127","stjoseph",2018,2018-04-12,102,8.6,13.9,3.35,1.1,1.65,-2.25,-2.5,2.8,2.57857142857143,37,37,112,112,TRUE
"4128","stjoseph",2018,2018-04-13,103,10.1,14.7,13.9,3.35,1.1,1.65,-2.25,-2.5,4.27857142857143,37,37,112,112,TRUE
"4129","stjoseph",2018,2018-04-14,104,11.1,11.65,14.7,13.9,3.35,1.1,1.65,-2.25,6.3,37,37,112,112,TRUE
"4130","stjoseph",2018,2018-04-15,105,10.2,3.1,11.65,14.7,13.9,3.35,1.1,1.65,7.06428571428571,37,37,112,112,TRUE
"4131","stjoseph",2018,2018-04-16,106,8.4,1.7,3.1,11.65,14.7,13.9,3.35,1.1,7.07142857142857,37,37,112,112,TRUE
"4132","stjoseph",2018,2018-04-17,107,6.7,-0.25,1.7,3.1,11.65,14.7,13.9,3.35,6.87857142857143,37,37,112,112,TRUE
"4133","stjoseph",2018,2018-04-18,108,6,1.15,-0.25,1.7,3.1,11.65,14.7,13.9,6.56428571428571,37,37,112,112,TRUE
"4134","stjoseph",2018,2018-04-19,109,6.4,1.7,1.15,-0.25,1.7,3.1,11.65,14.7,4.82142857142857,37,37,112,112,TRUE
"4135","stjoseph",2018,2018-04-20,110,7.6,5.8,1.7,1.15,-0.25,1.7,3.1,11.65,3.55,37,37,112,112,TRUE
"4136","stjoseph",2018,2018-04-21,111,8.9,6.4,5.8,1.7,1.15,-0.25,1.7,3.1,2.8,37,37,112,112,TRUE
"4137","stjoseph",2018,2018-04-22,112,10.1,9.15,6.4,5.8,1.7,1.15,-0.25,1.7,3.66428571428571,37,37,112,112,TRUE
"4138","stjoseph",2018,2018-04-23,113,11.1,12.8,9.15,6.4,5.8,1.7,1.15,-0.25,5.25,37,37,112,112,TRUE
"4139","stjoseph",2018,2018-04-24,114,12.3,16.4,12.8,9.15,6.4,5.8,1.7,1.15,7.62857142857143,37,37,112,112,TRUE
"4140","stjoseph",2018,2018-04-25,115,13.3,4.75,16.4,12.8,9.15,6.4,5.8,1.7,8.14285714285714,37,37,112,112,TRUE
"4141","stjoseph",2018,2018-04-26,116,13.8,8.05,4.75,16.4,12.8,9.15,6.4,5.8,9.05,37,37,112,112,TRUE
"4142","stjoseph",2018,2018-04-27,117,14.3,8.05,8.05,4.75,16.4,12.8,9.15,6.4,9.37142857142857,37,37,112,112,TRUE
"4143","stjoseph",2018,2018-04-28,118,14.2,6.4,8.05,8.05,4.75,16.4,12.8,9.15,9.37142857142857,37,37,112,112,TRUE
"4144","stjoseph",2018,2018-04-29,119,13.9,3.9,6.4,8.05,8.05,4.75,16.4,12.8,8.62142857142857,37,37,112,112,TRUE
"4145","stjoseph",2018,2018-04-30,120,14.1,12.75,3.9,6.4,8.05,8.05,4.75,16.4,8.61428571428571,37,37,112,112,TRUE
"4146","stjoseph",2018,2018-05-01,121,15.1,20.55,12.75,3.9,6.4,8.05,8.05,4.75,9.20714285714286,37,37,112,112,TRUE
"4147","stjoseph",2018,2018-05-02,122,16.4,24.15,20.55,12.75,3.9,6.4,8.05,8.05,11.9785714285714,37,37,112,112,TRUE
"4148","stjoseph",2018,2018-05-03,123,17.8,22.75,24.15,20.55,12.75,3.9,6.4,8.05,14.0785714285714,37,37,112,112,TRUE
"4149","stjoseph",2018,2018-05-04,124,18.2,18.35,22.75,24.15,20.55,12.75,3.9,6.4,15.55,37,37,112,112,TRUE
"4150","stjoseph",2018,2018-05-05,125,18.6,17.2,18.35,22.75,24.15,20.55,12.75,3.9,17.0928571428571,37,37,112,112,TRUE
"4151","stjoseph",2018,2018-05-06,126,19.1,18.35,17.2,18.35,22.75,24.15,20.55,12.75,19.1571428571429,37,37,112,112,TRUE
"4152","stjoseph",2018,2018-05-07,127,19.3,15,18.35,17.2,18.35,22.75,24.15,20.55,19.4785714285714,37,37,112,112,TRUE
"4153","stjoseph",2018,2018-05-08,128,19.5,16.4,15,18.35,17.2,18.35,22.75,24.15,18.8857142857143,37,37,112,112,TRUE
"4154","stjoseph",2018,2018-05-09,129,19.5,18.35,16.4,15,18.35,17.2,18.35,22.75,18.0571428571429,37,37,112,112,TRUE
"4155","stjoseph",2018,2018-05-10,130,19.4,18.65,18.35,16.4,15,18.35,17.2,18.35,17.4714285714286,37,37,112,112,TRUE
"4156","stjoseph",2018,2018-05-11,131,18.6,14.15,18.65,18.35,16.4,15,18.35,17.2,16.8714285714286,37,37,112,112,TRUE
"4157","stjoseph",2018,2018-05-12,132,17.1,11.1,14.15,18.65,18.35,16.4,15,18.35,16,37,37,112,112,TRUE
"4158","stjoseph",2018,2018-05-13,133,16.1,12.8,11.1,14.15,18.65,18.35,16.4,15,15.2071428571429,37,37,112,112,TRUE
"4159","stjoseph",2018,2018-05-14,134,16.2,17.8,12.8,11.1,14.15,18.65,18.35,16.4,15.6071428571429,37,37,112,112,TRUE
"4160","stjoseph",2018,2018-05-15,135,17.2,21.95,17.8,12.8,11.1,14.15,18.65,18.35,16.4,37,37,112,112,TRUE
"4161","stjoseph",2018,2018-05-16,136,18.3,18.05,21.95,17.8,12.8,11.1,14.15,18.65,16.3571428571429,37,37,112,112,TRUE
"4162","stjoseph",2018,2018-05-17,137,19,18.6,18.05,21.95,17.8,12.8,11.1,14.15,16.35,37,37,112,112,TRUE
"4163","stjoseph",2018,2018-05-18,138,19.4,20,18.6,18.05,21.95,17.8,12.8,11.1,17.1857142857143,37,37,112,112,TRUE
"4164","stjoseph",2018,2018-05-19,139,19,18.65,20,18.6,18.05,21.95,17.8,12.8,18.2642857142857,37,37,112,112,TRUE
"4165","stjoseph",2018,2018-05-20,140,18.4,15.55,18.65,20,18.6,18.05,21.95,17.8,18.6571428571429,37,37,112,112,TRUE
"4166","stjoseph",2018,2018-05-21,141,18,15.85,15.55,18.65,20,18.6,18.05,21.95,18.3785714285714,37,37,112,112,TRUE
"4167","stjoseph",2018,2018-05-22,142,17.7,16.9,15.85,15.55,18.65,20,18.6,18.05,17.6571428571429,37,37,112,112,TRUE
"4168","stjoseph",2018,2018-05-23,143,17.9,19.2,16.9,15.85,15.55,18.65,20,18.6,17.8214285714286,37,37,112,112,TRUE
"4169","stjoseph",2018,2018-05-24,144,19.1,18.9,19.2,16.9,15.85,15.55,18.65,20,17.8642857142857,37,37,112,112,TRUE
"4170","stjoseph",2018,2018-05-25,145,20.4,21.35,18.9,19.2,16.9,15.85,15.55,18.65,18.0571428571429,37,37,112,112,TRUE
"4171","stjoseph",2018,2018-05-26,146,21.6,24.75,21.35,18.9,19.2,16.9,15.85,15.55,18.9285714285714,37,37,112,112,TRUE
"4172","stjoseph",2018,2018-05-27,147,22.9,23.05,24.75,21.35,18.9,19.2,16.9,15.85,20,37,37,112,112,TRUE
"4173","stjoseph",2018,2018-05-28,148,23.8,24.45,23.05,24.75,21.35,18.9,19.2,16.9,21.2285714285714,37,37,112,112,TRUE
"4174","stjoseph",2018,2018-05-29,149,24.6,26.65,24.45,23.05,24.75,21.35,18.9,19.2,22.6214285714286,37,37,112,112,TRUE
"4175","stjoseph",2018,2018-05-30,150,24.9,25.3,26.65,24.45,23.05,24.75,21.35,18.9,23.4928571428571,37,37,112,112,TRUE
"4176","stjoseph",2018,2018-05-31,151,25,24.15,25.3,26.65,24.45,23.05,24.75,21.35,24.2428571428571,37,37,112,112,TRUE
"4177","stjoseph",2018,2018-06-01,152,25,23.35,24.15,25.3,26.65,24.45,23.05,24.75,24.5285714285714,37,37,112,112,TRUE
"4178","stjoseph",2018,2018-06-02,153,24.4,18.3,23.35,24.15,25.3,26.65,24.45,23.05,23.6071428571429,37,37,112,112,TRUE
"4179","stjoseph",2018,2018-06-03,154,23.7,20.55,18.3,23.35,24.15,25.3,26.65,24.45,23.25,37,37,112,112,TRUE
"4180","stjoseph",2018,2018-06-04,155,22.9,17.5,20.55,18.3,23.35,24.15,25.3,26.65,22.2571428571429,37,37,112,112,TRUE
"4181","stjoseph",2018,2018-06-05,156,22.1,18.85,17.5,20.55,18.3,23.35,24.15,25.3,21.1428571428571,37,37,112,112,TRUE
"4182","stjoseph",2018,2018-06-06,157,21.4,15.8,18.85,17.5,20.55,18.3,23.35,24.15,19.7857142857143,37,37,112,112,TRUE
"4183","stjoseph",2018,2018-06-07,158,21.6,22.2,15.8,18.85,17.5,20.55,18.3,23.35,19.5071428571429,37,37,112,112,TRUE
"4184","stjoseph",2018,2018-06-08,159,21.7,21.95,22.2,15.8,18.85,17.5,20.55,18.3,19.3071428571429,37,37,112,112,TRUE
"4185","stjoseph",2018,2018-06-09,160,21.8,20.55,21.95,22.2,15.8,18.85,17.5,20.55,19.6285714285714,37,37,112,112,TRUE
"4186","stjoseph",2018,2018-06-10,161,21.6,20.55,20.55,21.95,22.2,15.8,18.85,17.5,19.6285714285714,37,37,112,112,TRUE
"4187","stjoseph",2018,2018-06-11,162,21,19.15,20.55,20.55,21.95,22.2,15.8,18.85,19.8642857142857,37,37,112,112,TRUE
"4188","stjoseph",2018,2018-06-12,163,20.3,20.55,19.15,20.55,20.55,21.95,22.2,15.8,20.1071428571429,37,37,112,112,TRUE
"4189","stjoseph",2018,2018-06-13,164,20.7,21.1,20.55,19.15,20.55,20.55,21.95,22.2,20.8642857142857,37,37,112,112,TRUE
"4190","stjoseph",2018,2018-06-14,165,21.1,19.2,21.1,20.55,19.15,20.55,20.55,21.95,20.4357142857143,37,37,112,112,TRUE
"4191","stjoseph",2018,2018-06-15,166,21.9,20.55,19.2,21.1,20.55,19.15,20.55,20.55,20.2357142857143,37,37,112,112,TRUE
"4192","stjoseph",2018,2018-06-16,167,22.9,23.6,20.55,19.2,21.1,20.55,19.15,20.55,20.6714285714286,37,37,112,112,TRUE
"4193","stjoseph",2018,2018-06-17,168,24.2,26.95,23.6,20.55,19.2,21.1,20.55,19.15,21.5857142857143,37,37,112,112,TRUE
"4194","stjoseph",2018,2018-06-18,169,25.5,29.45,26.95,23.6,20.55,19.2,21.1,20.55,23.0571428571429,37,37,112,112,TRUE
"4195","stjoseph",2018,2018-06-19,170,25.7,26.95,29.45,26.95,23.6,20.55,19.2,21.1,23.9714285714286,37,37,112,112,TRUE
"4196","stjoseph",2018,2018-06-20,171,25.3,21.65,26.95,29.45,26.95,23.6,20.55,19.2,24.05,37,37,112,112,TRUE
"4197","stjoseph",2018,2018-06-21,172,23.8,17.5,21.65,26.95,29.45,26.95,23.6,20.55,23.8071428571429,37,37,112,112,TRUE
"4198","stjoseph",2018,2018-06-22,173,21.8,16.65,17.5,21.65,26.95,29.45,26.95,23.6,23.25,37,37,112,112,TRUE
"4199","stjoseph",2018,2018-06-23,174,20.8,19.45,16.65,17.5,21.65,26.95,29.45,26.95,22.6571428571429,37,37,112,112,TRUE
"4200","stjoseph",2018,2018-06-24,175,20.8,20,19.45,16.65,17.5,21.65,26.95,29.45,21.6642857142857,37,37,112,112,TRUE
"4201","stjoseph",2018,2018-06-25,176,21.4,20.85,20,19.45,16.65,17.5,21.65,26.95,20.4357142857143,37,37,112,112,TRUE
"4202","stjoseph",2018,2018-06-26,177,21.8,21.65,20.85,20,19.45,16.65,17.5,21.65,19.6785714285714,37,37,112,112,TRUE
"4203","stjoseph",2018,2018-06-27,178,21.8,20.85,21.65,20.85,20,19.45,16.65,17.5,19.5642857142857,37,37,112,112,TRUE
"4204","stjoseph",2018,2018-06-28,179,22.2,23.05,20.85,21.65,20.85,20,19.45,16.65,20.3571428571429,37,37,112,112,TRUE
"4205","stjoseph",2018,2018-06-29,180,23.3,23.65,23.05,20.85,21.65,20.85,20,19.45,21.3571428571429,37,37,112,112,TRUE
"4206","stjoseph",2018,2018-06-30,181,25,28.05,23.65,23.05,20.85,21.65,20.85,20,22.5857142857143,37,37,112,112,TRUE
"4207","stjoseph",2018,2018-07-01,182,26.1,27.25,28.05,23.65,23.05,20.85,21.65,20.85,23.6214285714286,37,37,112,112,TRUE
"4208","stjoseph",2018,2018-07-02,183,26.7,26.95,27.25,28.05,23.65,23.05,20.85,21.65,24.4928571428571,37,37,112,112,TRUE
"4209","stjoseph",2018,2018-07-03,184,26.8,24.15,26.95,27.25,28.05,23.65,23.05,20.85,24.85,37,37,112,112,TRUE
"4210","stjoseph",2018,2018-07-04,185,27.5,27.25,24.15,26.95,27.25,28.05,23.65,23.05,25.7642857142857,37,37,112,112,TRUE
"4211","stjoseph",2018,2018-07-05,186,27.4,27.5,27.25,24.15,26.95,27.25,28.05,23.65,26.4,37,37,112,112,TRUE
"4212","stjoseph",2018,2018-07-06,187,26.8,24.45,27.5,27.25,24.15,26.95,27.25,28.05,26.5142857142857,37,37,112,112,TRUE
"4213","stjoseph",2018,2018-07-07,188,26.1,18.9,24.45,27.5,27.25,24.15,26.95,27.25,25.2071428571429,37,37,112,112,TRUE
"4214","stjoseph",2018,2018-07-08,189,25.8,20,18.9,24.45,27.5,27.25,24.15,26.95,24.1714285714286,37,37,112,112,TRUE
"4215","stjoseph",2018,2018-07-09,190,25.7,22.8,20,18.9,24.45,27.5,27.25,24.15,23.5785714285714,37,37,112,112,TRUE
"4216","stjoseph",2018,2018-07-10,191,25.9,25.3,22.8,20,18.9,24.45,27.5,27.25,23.7428571428571,37,37,112,112,TRUE
"4217","stjoseph",2018,2018-07-11,192,25.7,22.8,25.3,22.8,20,18.9,24.45,27.5,23.1071428571429,37,37,112,112,TRUE
"4218","stjoseph",2018,2018-07-12,193,25.7,22.8,22.8,25.3,22.8,20,18.9,24.45,22.4357142857143,37,37,112,112,TRUE
"4219","stjoseph",2018,2018-07-13,194,25.9,24.45,22.8,22.8,25.3,22.8,20,18.9,22.4357142857143,37,37,112,112,TRUE
"4220","stjoseph",2018,2018-07-14,195,25.7,26.15,24.45,22.8,22.8,25.3,22.8,20,23.4714285714286,37,37,112,112,TRUE
"4221","stjoseph",2018,2018-07-15,196,26.1,25,26.15,24.45,22.8,22.8,25.3,22.8,24.1857142857143,37,37,112,112,TRUE
"4222","stjoseph",2018,2018-07-16,197,26.5,26.1,25,26.15,24.45,22.8,22.8,25.3,24.6571428571429,37,37,112,112,TRUE
"4223","stjoseph",2018,2018-07-17,198,26,18.35,26.1,25,26.15,24.45,22.8,22.8,23.6642857142857,37,37,112,112,TRUE
"4224","stjoseph",2018,2018-07-18,199,25.5,18.05,18.35,26.1,25,26.15,24.45,22.8,22.9857142857143,37,37,112,112,TRUE
"4225","stjoseph",2018,2018-07-19,200,25.4,21.4,18.05,18.35,26.1,25,26.15,24.45,22.7857142857143,37,37,112,112,TRUE
"4226","stjoseph",2018,2018-07-20,201,24.8,24.7,21.4,18.05,18.35,26.1,25,26.15,22.8214285714286,37,37,112,112,TRUE
"4227","stjoseph",2018,2018-07-21,202,24.2,20.8,24.7,21.4,18.05,18.35,26.1,25,22.0571428571429,37,37,112,112,TRUE
"4228","stjoseph",2018,2018-07-22,203,23.8,22.2,20.8,24.7,21.4,18.05,18.35,26.1,21.6571428571429,37,37,112,112,TRUE
"4229","stjoseph",2019,2019-04-02,92,7.4,8.05,0.8,1.15,10,10.3,12.2,4.45,6.70714285714286,38,38,112,112,TRUE
"4230","stjoseph",2019,2019-04-03,93,7.9,8.85,8.05,0.8,1.15,10,10.3,12.2,7.33571428571429,38,38,112,112,TRUE
"4231","stjoseph",2019,2019-04-04,94,8.7,10.25,8.85,8.05,0.8,1.15,10,10.3,7.05714285714286,38,38,112,112,TRUE
"4232","stjoseph",2019,2019-04-05,95,9.2,8.05,10.25,8.85,8.05,0.8,1.15,10,6.73571428571429,38,38,112,112,TRUE
"4233","stjoseph",2019,2019-04-06,96,9.8,10.85,8.05,10.25,8.85,8.05,0.8,1.15,6.85714285714286,38,38,112,112,TRUE
"4234","stjoseph",2019,2019-04-07,97,10.7,13.9,10.85,8.05,10.25,8.85,8.05,0.8,8.67857142857143,38,38,112,112,TRUE
"4235","stjoseph",2019,2019-04-08,98,12.1,16.65,13.9,10.85,8.05,10.25,8.85,8.05,10.9428571428571,38,38,112,112,TRUE
"4236","stjoseph",2019,2019-04-09,99,13.2,13.9,16.65,13.9,10.85,8.05,10.25,8.85,11.7785714285714,38,38,112,112,TRUE
"4237","stjoseph",2019,2019-04-10,100,13.3,9.45,13.9,16.65,13.9,10.85,8.05,10.25,11.8642857142857,38,38,112,112,TRUE
"4238","stjoseph",2019,2019-04-11,101,12.7,7.75,9.45,13.9,16.65,13.9,10.85,8.05,11.5071428571429,38,38,112,112,TRUE
"4239","stjoseph",2019,2019-04-12,102,12.2,10.8,7.75,9.45,13.9,16.65,13.9,10.85,11.9,38,38,112,112,TRUE
"4240","stjoseph",2019,2019-04-13,103,11.8,6.95,10.8,7.75,9.45,13.9,16.65,13.9,11.3428571428571,38,38,112,112,TRUE
"4241","stjoseph",2019,2019-04-14,104,10.9,6.15,6.95,10.8,7.75,9.45,13.9,16.65,10.2357142857143,38,38,112,112,TRUE
"4242","stjoseph",2019,2019-04-15,105,10.4,5,6.15,6.95,10.8,7.75,9.45,13.9,8.57142857142857,38,38,112,112,TRUE
"4243","stjoseph",2019,2019-04-16,106,10.7,15,5,6.15,6.95,10.8,7.75,9.45,8.72857142857143,38,38,112,112,TRUE
"4244","stjoseph",2019,2019-04-17,107,11.9,16.95,15,5,6.15,6.95,10.8,7.75,9.8,38,38,112,112,TRUE
"4245","stjoseph",2019,2019-04-18,108,13,14.7,16.95,15,5,6.15,6.95,10.8,10.7928571428571,38,38,112,112,TRUE
"4246","stjoseph",2019,2019-04-19,109,12.8,6.4,14.7,16.95,15,5,6.15,6.95,10.1642857142857,38,38,112,112,TRUE
"4247","stjoseph",2019,2019-04-20,110,12.3,8.05,6.4,14.7,16.95,15,5,6.15,10.3214285714286,38,38,112,112,TRUE
"4248","stjoseph",2019,2019-04-21,111,12,8.6,8.05,6.4,14.7,16.95,15,5,10.6714285714286,38,38,112,112,TRUE
"4249","stjoseph",2019,2019-04-22,112,12.3,16.65,8.6,8.05,6.4,14.7,16.95,15,12.3357142857143,38,38,112,112,TRUE
"4250","stjoseph",2019,2019-04-23,113,12.8,14.7,16.65,8.6,8.05,6.4,14.7,16.95,12.2928571428571,38,38,112,112,TRUE
"4251","stjoseph",2019,2019-04-24,114,13.4,9.45,14.7,16.65,8.6,8.05,6.4,14.7,11.2214285714286,38,38,112,112,TRUE
"4252","stjoseph",2019,2019-04-25,115,14.1,13.85,9.45,14.7,16.65,8.6,8.05,6.4,11.1,38,38,112,112,TRUE
"4253","stjoseph",2019,2019-04-26,116,14.1,13.05,13.85,9.45,14.7,16.65,8.6,8.05,12.05,38,38,112,112,TRUE
"4254","stjoseph",2019,2019-04-27,117,13.4,8.3,13.05,13.85,9.45,14.7,16.65,8.6,12.0857142857143,38,38,112,112,TRUE
"4255","stjoseph",2019,2019-04-28,118,13,4.45,8.3,13.05,13.85,9.45,14.7,16.65,11.4928571428571,38,38,112,112,TRUE
"4256","stjoseph",2019,2019-04-29,119,12,9.15,4.45,8.3,13.05,13.85,9.45,14.7,10.4214285714286,38,38,112,112,TRUE
"4257","stjoseph",2019,2019-04-30,120,11.2,8.1,9.15,4.45,8.3,13.05,13.85,9.45,9.47857142857143,38,38,112,112,TRUE
"4258","stjoseph",2019,2019-05-01,121,10.7,12.5,8.1,9.15,4.45,8.3,13.05,13.85,9.91428571428571,38,38,112,112,TRUE
"4259","stjoseph",2019,2019-05-02,122,11.2,13.05,12.5,8.1,9.15,4.45,8.3,13.05,9.8,38,38,112,112,TRUE
"4260","stjoseph",2019,2019-05-03,123,12,12.2,13.05,12.5,8.1,9.15,4.45,8.3,9.67857142857143,38,38,112,112,TRUE
"4261","stjoseph",2019,2019-05-04,124,13,9.75,12.2,13.05,12.5,8.1,9.15,4.45,9.88571428571429,38,38,112,112,TRUE
"4262","stjoseph",2019,2019-05-05,125,14,11.65,9.75,12.2,13.05,12.5,8.1,9.15,10.9142857142857,38,38,112,112,TRUE
"4263","stjoseph",2019,2019-05-06,126,15.3,16.95,11.65,9.75,12.2,13.05,12.5,8.1,12.0285714285714,38,38,112,112,TRUE
"4264","stjoseph",2019,2019-05-07,127,15.8,15.25,16.95,11.65,9.75,12.2,13.05,12.5,13.05,38,38,112,112,TRUE
"4265","stjoseph",2019,2019-05-08,128,15.5,11.4,15.25,16.95,11.65,9.75,12.2,13.05,12.8928571428571,38,38,112,112,TRUE
"4266","stjoseph",2019,2019-05-09,129,15.2,18.05,11.4,15.25,16.95,11.65,9.75,12.2,13.6071428571429,38,38,112,112,TRUE
"4267","stjoseph",2019,2019-05-10,130,15.1,14.2,18.05,11.4,15.25,16.95,11.65,9.75,13.8928571428571,38,38,112,112,TRUE
"4268","stjoseph",2019,2019-05-11,131,14.6,7.8,14.2,18.05,11.4,15.25,16.95,11.65,13.6142857142857,38,38,112,112,TRUE
"4269","stjoseph",2019,2019-05-12,132,13.8,9.7,7.8,14.2,18.05,11.4,15.25,16.95,13.3357142857143,38,38,112,112,TRUE
"4270","stjoseph",2019,2019-05-13,133,13.4,10.25,9.7,7.8,14.2,18.05,11.4,15.25,12.3785714285714,38,38,112,112,TRUE
"4271","stjoseph",2019,2019-05-14,134,13.1,10.85,10.25,9.7,7.8,14.2,18.05,11.4,11.75,38,38,112,112,TRUE
"4272","stjoseph",2019,2019-05-15,135,13.8,13.6,10.85,10.25,9.7,7.8,14.2,18.05,12.0642857142857,38,38,112,112,TRUE
"4273","stjoseph",2019,2019-05-16,136,15.1,16.95,13.6,10.85,10.25,9.7,7.8,14.2,11.9071428571429,38,38,112,112,TRUE
"4274","stjoseph",2019,2019-05-17,137,16.2,17.5,16.95,13.6,10.85,10.25,9.7,7.8,12.3785714285714,38,38,112,112,TRUE
"4275","stjoseph",2019,2019-05-18,138,17.2,18.05,17.5,16.95,13.6,10.85,10.25,9.7,13.8428571428571,38,38,112,112,TRUE
"4276","stjoseph",2019,2019-05-19,139,18,21.9,18.05,17.5,16.95,13.6,10.85,10.25,15.5857142857143,38,38,112,112,TRUE
"4277","stjoseph",2019,2019-05-20,140,17.8,15.8,21.9,18.05,17.5,16.95,13.6,10.85,16.3785714285714,38,38,112,112,TRUE
"4278","stjoseph",2019,2019-05-21,141,16.4,8.35,15.8,21.9,18.05,17.5,16.95,13.6,16.0214285714286,38,38,112,112,TRUE
"4279","stjoseph",2019,2019-05-22,142,15.7,16.95,8.35,15.8,21.9,18.05,17.5,16.95,16.5,38,38,112,112,TRUE
"4280","stjoseph",2019,2019-05-23,143,16.6,22.5,16.95,8.35,15.8,21.9,18.05,17.5,17.2928571428571,38,38,112,112,TRUE
"4281","stjoseph",2019,2019-05-24,144,17.6,17.2,22.5,16.95,8.35,15.8,21.9,18.05,17.25,38,38,112,112,TRUE
"4282","stjoseph",2019,2019-05-25,145,18.7,22.75,17.2,22.5,16.95,8.35,15.8,21.9,17.9214285714286,38,38,112,112,TRUE
"4283","stjoseph",2019,2019-05-26,146,19.4,22.8,22.75,17.2,22.5,16.95,8.35,15.8,18.05,38,38,112,112,TRUE
"4284","stjoseph",2019,2019-05-27,147,19.5,15.85,22.8,22.75,17.2,22.5,16.95,8.35,18.0571428571429,38,38,112,112,TRUE
"4285","stjoseph",2019,2019-05-28,148,19.7,18.9,15.85,22.8,22.75,17.2,22.5,16.95,19.5642857142857,38,38,112,112,TRUE
"4286","stjoseph",2019,2019-05-29,149,19.7,16.15,18.9,15.85,22.8,22.75,17.2,22.5,19.45,38,38,112,112,TRUE
"4287","stjoseph",2019,2019-05-30,150,20.5,18.9,16.15,18.9,15.85,22.8,22.75,17.2,18.9357142857143,38,38,112,112,TRUE
"4288","stjoseph",2019,2019-05-31,151,21,19.45,18.9,16.15,18.9,15.85,22.8,22.75,19.2571428571429,38,38,112,112,TRUE
"4289","stjoseph",2019,2019-06-01,152,21.5,22.5,19.45,18.9,16.15,18.9,15.85,22.8,19.2214285714286,38,38,112,112,TRUE
"4290","stjoseph",2019,2019-06-02,153,21.4,19.15,22.5,19.45,18.9,16.15,18.9,15.85,18.7,38,38,112,112,TRUE
"4291","stjoseph",2019,2019-06-03,154,20.7,17.75,19.15,22.5,19.45,18.9,16.15,18.9,18.9714285714286,38,38,112,112,TRUE
"4292","stjoseph",2019,2019-06-04,155,20,15.85,17.75,19.15,22.5,19.45,18.9,16.15,18.5357142857143,38,38,112,112,TRUE
"4293","stjoseph",2019,2019-06-05,156,20.2,21.4,15.85,17.75,19.15,22.5,19.45,18.9,19.2857142857143,38,38,112,112,TRUE
"4294","stjoseph",2019,2019-06-06,157,20.4,19.7,21.4,15.85,17.75,19.15,22.5,19.45,19.4,38,38,112,112,TRUE
"4295","stjoseph",2019,2019-06-07,158,21.2,20.85,19.7,21.4,15.85,17.75,19.15,22.5,19.6,38,38,112,112,TRUE
"4296","stjoseph",2019,2019-06-08,159,21.4,20.3,20.85,19.7,21.4,15.85,17.75,19.15,19.2857142857143,38,38,112,112,TRUE
"4297","stjoseph",2019,2019-06-09,160,21.4,23.05,20.3,20.85,19.7,21.4,15.85,17.75,19.8428571428571,38,38,112,112,TRUE
"4298","stjoseph",2019,2019-06-10,161,21,17.75,23.05,20.3,20.85,19.7,21.4,15.85,19.8428571428571,38,38,112,112,TRUE
"4299","stjoseph",2019,2019-06-11,162,20.8,17.5,17.75,23.05,20.3,20.85,19.7,21.4,20.0785714285714,38,38,112,112,TRUE
"4300","stjoseph",2019,2019-06-12,163,20.6,18.9,17.5,17.75,23.05,20.3,20.85,19.7,19.7214285714286,38,38,112,112,TRUE
"4301","stjoseph",2019,2019-06-13,164,19.6,16.35,18.9,17.5,17.75,23.05,20.3,20.85,19.2428571428571,38,38,112,112,TRUE
"4302","stjoseph",2019,2019-06-14,165,18.9,15.8,16.35,18.9,17.5,17.75,23.05,20.3,18.5214285714286,38,38,112,112,TRUE
"4303","stjoseph",2019,2019-06-15,166,18.4,20.55,15.8,16.35,18.9,17.5,17.75,23.05,18.5571428571429,38,38,112,112,TRUE
"4304","stjoseph",2019,2019-06-16,167,18.4,18.9,20.55,15.8,16.35,18.9,17.5,17.75,17.9642857142857,38,38,112,112,TRUE
"4305","stjoseph",2019,2019-06-17,168,18.6,19.75,18.9,20.55,15.8,16.35,18.9,17.5,18.25,38,38,112,112,TRUE
"4306","stjoseph",2019,2019-06-18,169,19.2,19.4,19.75,18.9,20.55,15.8,16.35,18.9,18.5214285714286,38,38,112,112,TRUE
"4307","stjoseph",2019,2019-06-19,170,20.3,21.15,19.4,19.75,18.9,20.55,15.8,16.35,18.8428571428571,38,38,112,112,TRUE
"4308","stjoseph",2019,2019-06-20,171,20.7,21.65,21.15,19.4,19.75,18.9,20.55,15.8,19.6,38,38,112,112,TRUE
"4309","stjoseph",2019,2019-06-21,172,20.3,17.2,21.65,21.15,19.4,19.75,18.9,20.55,19.8,38,38,112,112,TRUE
"4310","stjoseph",2019,2019-06-22,173,20.6,16.1,17.2,21.65,21.15,19.4,19.75,18.9,19.1642857142857,38,38,112,112,TRUE
"4311","stjoseph",2019,2019-06-23,174,21.2,20.85,16.1,17.2,21.65,21.15,19.4,19.75,19.4428571428571,38,38,112,112,TRUE
"4312","stjoseph",2019,2019-06-24,175,21.7,23.9,20.85,16.1,17.2,21.65,21.15,19.4,20.0357142857143,38,38,112,112,TRUE
"4313","stjoseph",2019,2019-06-25,176,21.9,22.2,23.9,20.85,16.1,17.2,21.65,21.15,20.4357142857143,38,38,112,112,TRUE
"4314","stjoseph",2019,2019-06-26,177,22.5,23.85,22.2,23.9,20.85,16.1,17.2,21.65,20.8214285714286,38,38,112,112,TRUE
"4315","stjoseph",2019,2019-06-27,178,23.4,23.9,23.85,22.2,23.9,20.85,16.1,17.2,21.1428571428571,38,38,112,112,TRUE
"4316","stjoseph",2019,2019-06-28,179,24.2,24.15,23.9,23.85,22.2,23.9,20.85,16.1,22.1357142857143,38,38,112,112,TRUE
"4317","stjoseph",2019,2019-06-29,180,25,25,24.15,23.9,23.85,22.2,23.9,20.85,23.4071428571429,38,38,112,112,TRUE
"4318","stjoseph",2019,2019-06-30,181,25.4,23.65,25,24.15,23.9,23.85,22.2,23.9,23.8071428571429,38,38,112,112,TRUE
"4319","stjoseph",2019,2019-07-01,182,25.9,24.7,23.65,25,24.15,23.9,23.85,22.2,23.9214285714286,38,38,112,112,TRUE
"4320","stjoseph",2019,2019-07-02,183,26.2,26.65,24.7,23.65,25,24.15,23.9,23.85,24.5571428571429,38,38,112,112,TRUE
"4321","stjoseph",2019,2019-07-03,184,26.3,26.95,26.65,24.7,23.65,25,24.15,23.9,25,38,38,112,112,TRUE
"4322","stjoseph",2019,2019-07-04,185,26.5,25.3,26.95,26.65,24.7,23.65,25,24.15,25.2,38,38,112,112,TRUE
"4323","stjoseph",2019,2019-07-05,186,26.6,26.1,25.3,26.95,26.65,24.7,23.65,25,25.4785714285714,38,38,112,112,TRUE
"4324","stjoseph",2019,2019-07-06,187,26.6,25.85,26.1,25.3,26.95,26.65,24.7,23.65,25.6,38,38,112,112,TRUE
"4325","stjoseph",2019,2019-07-07,188,26.3,24.2,25.85,26.1,25.3,26.95,26.65,24.7,25.6785714285714,38,38,112,112,TRUE
"4326","stjoseph",2019,2019-07-08,189,25.9,21.35,24.2,25.85,26.1,25.3,26.95,26.65,25.2,38,38,112,112,TRUE
"4327","stjoseph",2019,2019-07-09,190,25.5,21.35,21.35,24.2,25.85,26.1,25.3,26.95,24.4428571428571,38,38,112,112,TRUE
"4328","stjoseph",2019,2019-07-10,191,25.5,25.55,21.35,21.35,24.2,25.85,26.1,25.3,24.2428571428571,38,38,112,112,TRUE
"4329","stjoseph",2019,2019-07-11,192,25.5,23.3,25.55,21.35,21.35,24.2,25.85,26.1,23.9571428571429,38,38,112,112,TRUE
"4330","stjoseph",2019,2019-07-12,193,25.1,20.3,23.3,25.55,21.35,21.35,24.2,25.85,23.1285714285714,38,38,112,112,TRUE
"4331","stjoseph",2019,2019-07-13,194,25.3,23.6,20.3,23.3,25.55,21.35,21.35,24.2,22.8071428571429,38,38,112,112,TRUE
"4332","stjoseph",2019,2019-07-14,195,25.7,25.25,23.6,20.3,23.3,25.55,21.35,21.35,22.9571428571429,38,38,112,112,TRUE
"4333","stjoseph",2019,2019-07-15,196,26.1,26.15,25.25,23.6,20.3,23.3,25.55,21.35,23.6428571428571,38,38,112,112,TRUE
"4334","stjoseph",2019,2019-07-16,197,26.1,23.6,26.15,25.25,23.6,20.3,23.3,25.55,23.9642857142857,38,38,112,112,TRUE
"4335","stjoseph",2019,2019-07-17,198,26.7,26.1,23.6,26.15,25.25,23.6,20.3,23.3,24.0428571428571,38,38,112,112,TRUE
"4336","stjoseph",2019,2019-07-18,199,26.2,26.1,26.1,23.6,26.15,25.25,23.6,20.3,24.4428571428571,38,38,112,112,TRUE
"4337","stjoseph",2019,2019-07-19,200,26.7,26.95,26.1,26.1,23.6,26.15,25.25,23.6,25.3928571428571,38,38,112,112,TRUE
"4338","stjoseph",2019,2019-07-20,201,26.9,26.95,26.95,26.1,26.1,23.6,26.15,25.25,25.8714285714286,38,38,112,112,TRUE
"4339","stjoseph",2019,2019-07-21,202,26.7,27.25,26.95,26.95,26.1,26.1,23.6,26.15,26.1571428571429,38,38,112,112,TRUE
"4340","stjoseph",2019,2019-07-22,203,26.1,23.35,27.25,26.95,26.95,26.1,26.1,23.6,25.7571428571429,38,38,112,112,TRUE
"4341","stlouis",2011,2011-04-30,120,8.2,7.2,8.05,6.9,0.8,5,11.35,8.05,6.76428571428571,43,43,84,84,TRUE
"4342","stlouis",2011,2011-05-01,121,7.3,1.35,7.2,8.05,6.9,0.8,5,11.35,5.80714285714286,43,43,84,84,TRUE
"4343","stlouis",2011,2011-05-02,122,6.2,2.5,1.35,7.2,8.05,6.9,0.8,5,4.54285714285714,43,43,84,84,TRUE
"4344","stlouis",2011,2011-05-03,123,6.2,5.25,2.5,1.35,7.2,8.05,6.9,0.8,4.57857142857143,43,43,84,84,TRUE
"4345","stlouis",2011,2011-05-04,124,7,8.9,5.25,2.5,1.35,7.2,8.05,6.9,5.73571428571429,43,43,84,84,TRUE
"4346","stlouis",2011,2011-05-05,125,8.3,5.55,8.9,5.25,2.5,1.35,7.2,8.05,5.54285714285714,43,43,84,84,TRUE
"4347","stlouis",2011,2011-05-06,126,9.1,9.45,5.55,8.9,5.25,2.5,1.35,7.2,5.74285714285714,43,43,84,84,TRUE
"4348","stlouis",2011,2011-05-07,127,10.5,11.4,9.45,5.55,8.9,5.25,2.5,1.35,6.34285714285714,43,43,84,84,TRUE
"4349","stlouis",2011,2011-05-08,128,11.2,11.7,11.4,9.45,5.55,8.9,5.25,2.5,7.82142857142857,43,43,84,84,TRUE
"4350","stlouis",2011,2011-05-09,129,11.6,10.8,11.7,11.4,9.45,5.55,8.9,5.25,9.00714285714286,43,43,84,84,TRUE
"4351","stlouis",2011,2011-05-10,130,11.7,12.8,10.8,11.7,11.4,9.45,5.55,8.9,10.0857142857143,43,43,84,84,TRUE
"4352","stlouis",2011,2011-05-11,131,12.6,17.2,12.8,10.8,11.7,11.4,9.45,5.55,11.2714285714286,43,43,84,84,TRUE
"4353","stlouis",2011,2011-05-12,132,13.6,11.65,17.2,12.8,10.8,11.7,11.4,9.45,12.1428571428571,43,43,84,84,TRUE
"4354","stlouis",2011,2011-05-13,133,13.4,7.75,11.65,17.2,12.8,10.8,11.7,11.4,11.9,43,43,84,84,TRUE
"4355","stlouis",2011,2011-05-14,134,12.7,8.3,7.75,11.65,17.2,12.8,10.8,11.7,11.4571428571429,43,43,84,84,TRUE
"4356","stlouis",2011,2011-05-15,135,12.3,7.8,8.3,7.75,11.65,17.2,12.8,10.8,10.9,43,43,84,84,TRUE
"4357","stlouis",2011,2011-05-16,136,13.1,9.4,7.8,8.3,7.75,11.65,17.2,12.8,10.7,43,43,84,84,TRUE
"4358","stlouis",2011,2011-05-17,137,14,10.25,9.4,7.8,8.3,7.75,11.65,17.2,10.3357142857143,43,43,84,84,TRUE
"4359","stlouis",2011,2011-05-18,138,14.5,12.8,10.25,9.4,7.8,8.3,7.75,11.65,9.70714285714286,43,43,84,84,TRUE
"4360","stlouis",2011,2011-05-19,139,15.1,13.9,12.8,10.25,9.4,7.8,8.3,7.75,10.0285714285714,43,43,84,84,TRUE
"4361","stlouis",2011,2011-05-20,140,16.4,17.25,13.9,12.8,10.25,9.4,7.8,8.3,11.3857142857143,43,43,84,84,TRUE
"4362","stlouis",2011,2011-05-21,141,16.6,11.9,17.25,13.9,12.8,10.25,9.4,7.8,11.9,43,43,84,84,TRUE
"4363","stlouis",2011,2011-05-22,142,16,14.15,11.9,17.25,13.9,12.8,10.25,9.4,12.8071428571429,43,43,84,84,TRUE
"4364","stlouis",2011,2011-05-23,143,16.1,15.3,14.15,11.9,17.25,13.9,12.8,10.25,13.65,43,43,84,84,TRUE
"4365","stlouis",2011,2011-05-24,144,16.8,10,15.3,14.15,11.9,17.25,13.9,12.8,13.6142857142857,43,43,84,84,TRUE
"4366","stlouis",2011,2011-05-25,145,17,10.55,10,15.3,14.15,11.9,17.25,13.9,13.2928571428571,43,43,84,84,TRUE
"4367","stlouis",2011,2011-05-26,146,16.6,6.65,10.55,10,15.3,14.15,11.9,17.25,12.2571428571429,43,43,84,84,TRUE
"4368","stlouis",2011,2011-05-27,147,16.1,7.8,6.65,10.55,10,15.3,14.15,11.9,10.9071428571429,43,43,84,84,TRUE
"4369","stlouis",2011,2011-05-28,148,15.5,13.05,7.8,6.65,10.55,10,15.3,14.15,11.0714285714286,43,43,84,84,TRUE
"4370","stlouis",2011,2011-05-29,149,15.6,12.75,13.05,7.8,6.65,10.55,10,15.3,10.8714285714286,43,43,84,84,TRUE
"4371","stlouis",2011,2011-05-30,150,15.5,11.4,12.75,13.05,7.8,6.65,10.55,10,10.3142857142857,43,43,84,84,TRUE
"4372","stlouis",2011,2011-05-31,151,15.1,16.1,11.4,12.75,13.05,7.8,6.65,10.55,11.1857142857143,43,43,84,84,TRUE
"4373","stlouis",2011,2011-06-01,152,15.4,13.3,16.1,11.4,12.75,13.05,7.8,6.65,11.5785714285714,43,43,84,84,TRUE
"4374","stlouis",2011,2011-06-02,153,15.9,12.2,13.3,16.1,11.4,12.75,13.05,7.8,12.3714285714286,43,43,84,84,TRUE
"4375","stlouis",2011,2011-06-03,154,16.3,19.45,12.2,13.3,16.1,11.4,12.75,13.05,14.0357142857143,43,43,84,84,TRUE
"4376","stlouis",2011,2011-06-04,155,17.4,18.05,19.45,12.2,13.3,16.1,11.4,12.75,14.75,43,43,84,84,TRUE
"4377","stlouis",2011,2011-06-05,156,18.9,15.8,18.05,19.45,12.2,13.3,16.1,11.4,15.1857142857143,43,43,84,84,TRUE
"4378","stlouis",2011,2011-06-06,157,20.2,21.4,15.8,18.05,19.45,12.2,13.3,16.1,16.6142857142857,43,43,84,84,TRUE
"4379","stlouis",2011,2011-06-07,158,21.4,16.95,21.4,15.8,18.05,19.45,12.2,13.3,16.7357142857143,43,43,84,84,TRUE
"4380","stlouis",2011,2011-06-08,159,21.6,13.85,16.95,21.4,15.8,18.05,19.45,12.2,16.8142857142857,43,43,84,84,TRUE
"4381","stlouis",2011,2011-06-09,160,21,10.55,13.85,16.95,21.4,15.8,18.05,19.45,16.5785714285714,43,43,84,84,TRUE
"4382","stlouis",2011,2011-06-10,161,19.7,11.1,10.55,13.85,16.95,21.4,15.8,18.05,15.3857142857143,43,43,84,84,TRUE
"4383","stlouis",2011,2011-06-11,162,19.1,13.65,11.1,10.55,13.85,16.95,21.4,15.8,14.7571428571429,43,43,84,84,TRUE
"4384","stlouis",2011,2011-06-12,163,19.1,13.85,13.65,11.1,10.55,13.85,16.95,21.4,14.4785714285714,43,43,84,84,TRUE
"4385","stlouis",2011,2011-06-13,164,19.3,15.3,13.85,13.65,11.1,10.55,13.85,16.95,13.6071428571429,43,43,84,84,TRUE
"4386","stlouis",2011,2011-06-14,165,19.9,18.9,15.3,13.85,13.65,11.1,10.55,13.85,13.8857142857143,43,43,84,84,TRUE
"4387","stlouis",2011,2011-06-15,166,19.7,11.9,18.9,15.3,13.85,13.65,11.1,10.55,13.6071428571429,43,43,84,84,TRUE
"4388","stlouis",2011,2011-06-16,167,19.2,13.6,11.9,18.9,15.3,13.85,13.65,11.1,14.0428571428571,43,43,84,84,TRUE
"4389","stlouis",2011,2011-06-17,168,19.1,16.4,13.6,11.9,18.9,15.3,13.85,13.65,14.8,43,43,84,84,TRUE
"4390","stlouis",2011,2011-06-18,169,18.7,14.7,16.4,13.6,11.9,18.9,15.3,13.85,14.95,43,43,84,84,TRUE
"4391","stlouis",2011,2011-06-19,170,17.8,12.8,14.7,16.4,13.6,11.9,18.9,15.3,14.8,43,43,84,84,TRUE
"4392","stlouis",2011,2011-06-20,171,17.8,14.15,12.8,14.7,16.4,13.6,11.9,18.9,14.6357142857143,43,43,84,84,TRUE
"4393","stlouis",2011,2011-06-21,172,17.6,14.15,14.15,12.8,14.7,16.4,13.6,11.9,13.9571428571429,43,43,84,84,TRUE
"4394","stlouis",2011,2011-06-22,173,16.8,12.25,14.15,14.15,12.8,14.7,16.4,13.6,14.0071428571429,43,43,84,84,TRUE
"4395","stlouis",2011,2011-06-23,174,15.7,13.35,12.25,14.15,14.15,12.8,14.7,16.4,13.9714285714286,43,43,84,84,TRUE
"4396","stlouis",2011,2011-06-24,175,15.9,18.1,13.35,12.25,14.15,14.15,12.8,14.7,14.2142857142857,43,43,84,84,TRUE
"4397","stlouis",2011,2011-06-25,176,17.1,17.8,18.1,13.35,12.25,14.15,14.15,12.8,14.6571428571429,43,43,84,84,TRUE
"4398","stlouis",2011,2011-06-26,177,18.2,17.8,17.8,18.1,13.35,12.25,14.15,14.15,15.3714285714286,43,43,84,84,TRUE
"4399","stlouis",2011,2011-06-27,178,18.2,15,17.8,17.8,18.1,13.35,12.25,14.15,15.4928571428571,43,43,84,84,TRUE
"4400","stlouis",2011,2011-06-28,179,18.2,18.05,15,17.8,17.8,18.1,13.35,12.25,16.05,43,43,84,84,TRUE
"4401","stlouis",2011,2011-06-29,180,19.5,17.5,18.05,15,17.8,17.8,18.1,13.35,16.8,43,43,84,84,TRUE
"4402","stlouis",2011,2011-06-30,181,20.3,19.45,17.5,18.05,15,17.8,17.8,18.1,17.6714285714286,43,43,84,84,TRUE
"4403","stlouis",2011,2011-07-01,182,21.1,25.55,19.45,17.5,18.05,15,17.8,17.8,18.7357142857143,43,43,84,84,TRUE
"4404","stlouis",2011,2011-07-02,183,22.6,19.75,25.55,19.45,17.5,18.05,15,17.8,19.0142857142857,43,43,84,84,TRUE
"4405","stlouis",2011,2011-07-03,184,23.4,19.7,19.75,25.55,19.45,17.5,18.05,15,19.2857142857143,43,43,84,84,TRUE
"4406","stlouis",2011,2011-07-04,185,24.2,23.1,19.7,19.75,25.55,19.45,17.5,18.05,20.4428571428571,43,43,84,84,TRUE
"4407","stlouis",2011,2011-07-05,186,25,20.8,23.1,19.7,19.75,25.55,19.45,17.5,20.8357142857143,43,43,84,84,TRUE
"4408","stlouis",2011,2011-07-06,187,25.4,19.7,20.8,23.1,19.7,19.75,25.55,19.45,21.15,43,43,84,84,TRUE
"4409","stlouis",2011,2011-07-07,188,25.5,22.2,19.7,20.8,23.1,19.7,19.75,25.55,21.5428571428571,43,43,84,84,TRUE
"4410","stlouis",2011,2011-07-08,189,25.8,20.3,22.2,19.7,20.8,23.1,19.7,19.75,20.7928571428571,43,43,84,84,TRUE
"4411","stlouis",2011,2011-07-09,190,25.1,19.15,20.3,22.2,19.7,20.8,23.1,19.7,20.7071428571429,43,43,84,84,TRUE
"4412","stlouis",2011,2011-07-10,191,24.8,25,19.15,20.3,22.2,19.7,20.8,23.1,21.4642857142857,43,43,84,84,TRUE
"4413","stlouis",2011,2011-07-11,192,25,21.4,25,19.15,20.3,22.2,19.7,20.8,21.2214285714286,43,43,84,84,TRUE
"4414","stlouis",2011,2011-07-12,193,25,16.4,21.4,25,19.15,20.3,22.2,19.7,20.5928571428571,43,43,84,84,TRUE
"4415","stlouis",2011,2011-07-13,194,24.7,13.85,16.4,21.4,25,19.15,20.3,22.2,19.7571428571429,43,43,84,84,TRUE
"4416","stlouis",2011,2011-07-14,195,23.6,14.15,13.85,16.4,21.4,25,19.15,20.3,18.6071428571429,43,43,84,84,TRUE
"4417","stlouis",2011,2011-07-15,196,22.6,20.3,14.15,13.85,16.4,21.4,25,19.15,18.6071428571429,43,43,84,84,TRUE
"4418","stlouis",2011,2011-07-16,197,22.3,25.3,20.3,14.15,13.85,16.4,21.4,25,19.4857142857143,43,43,84,84,TRUE
"4419","stlouis",2011,2011-07-17,198,23.2,27.5,25.3,20.3,14.15,13.85,16.4,21.4,19.8428571428571,43,43,84,84,TRUE
"4420","stlouis",2011,2011-07-18,199,24.4,26.4,27.5,25.3,20.3,14.15,13.85,16.4,20.5571428571429,43,43,84,84,TRUE
"4421","stlouis",2011,2011-07-19,200,25.5,21.1,26.4,27.5,25.3,20.3,14.15,13.85,21.2285714285714,43,43,84,84,TRUE
"4422","stlouis",2011,2011-07-20,201,25.4,26.95,21.1,26.4,27.5,25.3,20.3,14.15,23.1,43,43,84,84,TRUE
"4423","stlouis",2011,2011-07-21,202,25.9,23.05,26.95,21.1,26.4,27.5,25.3,20.3,24.3714285714286,43,43,84,84,TRUE
"4424","stlouis",2011,2011-07-22,203,26.3,23.6,23.05,26.95,21.1,26.4,27.5,25.3,24.8428571428571,43,43,84,84,TRUE
"4425","stlouis",2012,2012-04-29,120,9.4,8.9,6.1,5,6.4,8.1,12.75,7.75,7.85714285714286,44,44,84,84,TRUE
"4426","stlouis",2012,2012-04-30,121,10,11.4,8.9,6.1,5,6.4,8.1,12.75,8.37857142857143,44,44,84,84,TRUE
"4427","stlouis",2012,2012-05-01,122,10.7,11.1,11.4,8.9,6.1,5,6.4,8.1,8.14285714285714,44,44,84,84,TRUE
"4428","stlouis",2012,2012-05-02,123,11.8,19.75,11.1,11.4,8.9,6.1,5,6.4,9.80714285714286,44,44,84,84,TRUE
"4429","stlouis",2012,2012-05-03,124,13.7,13.9,19.75,11.1,11.4,8.9,6.1,5,10.8785714285714,44,44,84,84,TRUE
"4430","stlouis",2012,2012-05-04,125,14.3,7.5,13.9,19.75,11.1,11.4,8.9,6.1,11.2357142857143,44,44,84,84,TRUE
"4431","stlouis",2012,2012-05-05,126,12.6,7.75,7.5,13.9,19.75,11.1,11.4,8.9,11.4714285714286,44,44,84,84,TRUE
"4432","stlouis",2012,2012-05-06,127,12,10,7.75,7.5,13.9,19.75,11.1,11.4,11.6285714285714,44,44,84,84,TRUE
"4433","stlouis",2012,2012-05-07,128,12.8,11.1,10,7.75,7.5,13.9,19.75,11.1,11.5857142857143,44,44,84,84,TRUE
"4434","stlouis",2012,2012-05-08,129,13.4,9.7,11.1,10,7.75,7.5,13.9,19.75,11.3857142857143,44,44,84,84,TRUE
"4435","stlouis",2012,2012-05-09,130,13.7,11.1,9.7,11.1,10,7.75,7.5,13.9,10.15,44,44,84,84,TRUE
"4436","stlouis",2012,2012-05-10,131,14,12.5,11.1,9.7,11.1,10,7.75,7.5,9.95,44,44,84,84,TRUE
"4437","stlouis",2012,2012-05-11,132,14.8,10.85,12.5,11.1,9.7,11.1,10,7.75,10.4285714285714,44,44,84,84,TRUE
"4438","stlouis",2012,2012-05-12,133,14.7,10.85,10.85,12.5,11.1,9.7,11.1,10,10.8714285714286,44,44,84,84,TRUE
"4439","stlouis",2012,2012-05-13,134,15.2,14.45,10.85,10.85,12.5,11.1,9.7,11.1,11.5071428571429,44,44,84,84,TRUE
"4440","stlouis",2012,2012-05-14,135,16,20,14.45,10.85,10.85,12.5,11.1,9.7,12.7785714285714,44,44,84,84,TRUE
"4441","stlouis",2012,2012-05-15,136,17.1,12.2,20,14.45,10.85,10.85,12.5,11.1,13.1357142857143,44,44,84,84,TRUE
"4442","stlouis",2012,2012-05-16,137,17.4,10.6,12.2,20,14.45,10.85,10.85,12.5,13.0642857142857,44,44,84,84,TRUE
"4443","stlouis",2012,2012-05-17,138,17.6,14.75,10.6,12.2,20,14.45,10.85,10.85,13.3857142857143,44,44,84,84,TRUE
"4444","stlouis",2012,2012-05-18,139,17.5,22.5,14.75,10.6,12.2,20,14.45,10.85,15.05,44,44,84,84,TRUE
"4445","stlouis",2012,2012-05-19,140,18.6,20.25,22.5,14.75,10.6,12.2,20,14.45,16.3928571428571,44,44,84,84,TRUE
"4446","stlouis",2012,2012-05-20,141,18.7,8.85,20.25,22.5,14.75,10.6,12.2,20,15.5928571428571,44,44,84,84,TRUE
"4447","stlouis",2012,2012-05-21,142,17.2,12.5,8.85,20.25,22.5,14.75,10.6,12.2,14.5214285714286,44,44,84,84,TRUE
"4448","stlouis",2012,2012-05-22,143,16.4,15.6,12.5,8.85,20.25,22.5,14.75,10.6,15.0071428571429,44,44,84,84,TRUE
"4449","stlouis",2012,2012-05-23,144,15.9,16.4,15.6,12.5,8.85,20.25,22.5,14.75,15.8357142857143,44,44,84,84,TRUE
"4450","stlouis",2012,2012-05-24,145,15.3,12.5,16.4,15.6,12.5,8.85,20.25,22.5,15.5142857142857,44,44,84,84,TRUE
"4451","stlouis",2012,2012-05-25,146,14.1,13.3,12.5,16.4,15.6,12.5,8.85,20.25,14.2,44,44,84,84,TRUE
"4452","stlouis",2012,2012-05-26,147,14.1,11.95,13.3,12.5,16.4,15.6,12.5,8.85,13.0142857142857,44,44,84,84,TRUE
"4453","stlouis",2012,2012-05-27,148,13.8,10.55,11.95,13.3,12.5,16.4,15.6,12.5,13.2571428571429,44,44,84,84,TRUE
"4454","stlouis",2012,2012-05-28,149,13.9,14.45,10.55,11.95,13.3,12.5,16.4,15.6,13.5357142857143,44,44,84,84,TRUE
"4455","stlouis",2012,2012-05-29,150,14.2,10.85,14.45,10.55,11.95,13.3,12.5,16.4,12.8571428571429,44,44,84,84,TRUE
"4456","stlouis",2012,2012-05-30,151,14.1,8.85,10.85,14.45,10.55,11.95,13.3,12.5,11.7785714285714,44,44,84,84,TRUE
"4457","stlouis",2012,2012-05-31,152,14.2,10.55,8.85,10.85,14.45,10.55,11.95,13.3,11.5,44,44,84,84,TRUE
"4458","stlouis",2012,2012-06-01,153,14.7,12.2,10.55,8.85,10.85,14.45,10.55,11.95,11.3428571428571,44,44,84,84,TRUE
"4459","stlouis",2012,2012-06-02,154,15.4,14.15,12.2,10.55,8.85,10.85,14.45,10.55,11.6571428571429,44,44,84,84,TRUE
"4460","stlouis",2012,2012-06-03,155,16.2,16.4,14.15,12.2,10.55,8.85,10.85,14.45,12.4928571428571,44,44,84,84,TRUE
"4461","stlouis",2012,2012-06-04,156,17,18.35,16.4,14.15,12.2,10.55,8.85,10.85,13.05,44,44,84,84,TRUE
"4462","stlouis",2012,2012-06-05,157,17.8,16.1,18.35,16.4,14.15,12.2,10.55,8.85,13.8,44,44,84,84,TRUE
"4463","stlouis",2012,2012-06-06,158,18.7,16.7,16.1,18.35,16.4,14.15,12.2,10.55,14.9214285714286,44,44,84,84,TRUE
"4464","stlouis",2012,2012-06-07,159,19.3,19.2,16.7,16.1,18.35,16.4,14.15,12.2,16.1571428571429,44,44,84,84,TRUE
"4465","stlouis",2012,2012-06-08,160,20.3,21.95,19.2,16.7,16.1,18.35,16.4,14.15,17.55,44,44,84,84,TRUE
"4466","stlouis",2012,2012-06-09,161,21.5,23.05,21.95,19.2,16.7,16.1,18.35,16.4,18.8214285714286,44,44,84,84,TRUE
"4467","stlouis",2012,2012-06-10,162,22.5,22.5,23.05,21.95,19.2,16.7,16.1,18.35,19.6928571428571,44,44,84,84,TRUE
"4468","stlouis",2012,2012-06-11,163,22.8,16.4,22.5,23.05,21.95,19.2,16.7,16.1,19.4142857142857,44,44,84,84,TRUE
"4469","stlouis",2012,2012-06-12,164,21.4,12.75,16.4,22.5,23.05,21.95,19.2,16.7,18.9357142857143,44,44,84,84,TRUE
"4470","stlouis",2012,2012-06-13,165,20.5,15,12.75,16.4,22.5,23.05,21.95,19.2,18.6928571428571,44,44,84,84,TRUE
"4471","stlouis",2012,2012-06-14,166,19.5,14.45,15,12.75,16.4,22.5,23.05,21.95,18.0142857142857,44,44,84,84,TRUE
"4472","stlouis",2012,2012-06-15,167,18.7,20.85,14.45,15,12.75,16.4,22.5,23.05,17.8571428571429,44,44,84,84,TRUE
"4473","stlouis",2012,2012-06-16,168,19.4,18.35,20.85,14.45,15,12.75,16.4,22.5,17.1857142857143,44,44,84,84,TRUE
"4474","stlouis",2012,2012-06-17,169,19.7,18.1,18.35,20.85,14.45,15,12.75,16.4,16.5571428571429,44,44,84,84,TRUE
"4475","stlouis",2012,2012-06-18,170,19.8,20.6,18.1,18.35,20.85,14.45,15,12.75,17.1571428571429,44,44,84,84,TRUE
"4476","stlouis",2012,2012-06-19,171,19.4,16.65,20.6,18.1,18.35,20.85,14.45,15,17.7142857142857,44,44,84,84,TRUE
"4477","stlouis",2012,2012-06-20,172,16.9,18.05,16.65,20.6,18.1,18.35,20.85,14.45,18.15,44,44,84,84,TRUE
"4478","stlouis",2012,2012-06-21,173,16.9,16.95,18.05,16.65,20.6,18.1,18.35,20.85,18.5071428571429,44,44,84,84,TRUE
"4479","stlouis",2012,2012-06-22,174,17.6,17.8,16.95,18.05,16.65,20.6,18.1,18.35,18.0714285714286,44,44,84,84,TRUE
"4480","stlouis",2012,2012-06-23,175,18,16.95,17.8,16.95,18.05,16.65,20.6,18.1,17.8714285714286,44,44,84,84,TRUE
"4481","stlouis",2012,2012-06-24,176,18.6,17.25,16.95,17.8,16.95,18.05,16.65,20.6,17.75,44,44,84,84,TRUE
"4482","stlouis",2012,2012-06-25,177,19.1,16.35,17.25,16.95,17.8,16.95,18.05,16.65,17.1428571428571,44,44,84,84,TRUE
"4483","stlouis",2012,2012-06-26,178,19.5,17.2,16.35,17.25,16.95,17.8,16.95,18.05,17.2214285714286,44,44,84,84,TRUE
"4484","stlouis",2012,2012-06-27,179,20.1,22.75,17.2,16.35,17.25,16.95,17.8,16.95,17.8928571428571,44,44,84,84,TRUE
"4485","stlouis",2012,2012-06-28,180,21,23.05,22.75,17.2,16.35,17.25,16.95,17.8,18.7642857142857,44,44,84,84,TRUE
"4486","stlouis",2012,2012-06-29,181,21.6,21.1,23.05,22.75,17.2,16.35,17.25,16.95,19.2357142857143,44,44,84,84,TRUE
"4487","stlouis",2012,2012-06-30,182,22.1,20.3,21.1,23.05,22.75,17.2,16.35,17.25,19.7142857142857,44,44,84,84,TRUE
"4488","stlouis",2012,2012-07-01,183,22.6,22.25,20.3,21.1,23.05,22.75,17.2,16.35,20.4285714285714,44,44,84,84,TRUE
"4489","stlouis",2012,2012-07-02,184,23.7,23.85,22.25,20.3,21.1,23.05,22.75,17.2,21.5,44,44,84,84,TRUE
"4490","stlouis",2012,2012-07-03,185,24.4,25,23.85,22.25,20.3,21.1,23.05,22.75,22.6142857142857,44,44,84,84,TRUE
"4491","stlouis",2012,2012-07-04,186,25.1,23.9,25,23.85,22.25,20.3,21.1,23.05,22.7785714285714,44,44,84,84,TRUE
"4492","stlouis",2012,2012-07-05,187,24.9,23.05,23.9,25,23.85,22.25,20.3,21.1,22.7785714285714,44,44,84,84,TRUE
"4493","stlouis",2012,2012-07-06,188,24.6,17.5,23.05,23.9,25,23.85,22.25,20.3,22.2642857142857,44,44,84,84,TRUE
"4494","stlouis",2012,2012-07-07,189,23.4,21.1,17.5,23.05,23.9,25,23.85,22.25,22.3785714285714,44,44,84,84,TRUE
"4495","stlouis",2012,2012-07-08,190,23.8,21.1,21.1,17.5,23.05,23.9,25,23.85,22.2142857142857,44,44,84,84,TRUE
"4496","stlouis",2012,2012-07-09,191,24,19.75,21.1,21.1,17.5,23.05,23.9,25,21.6285714285714,44,44,84,84,TRUE
"4497","stlouis",2012,2012-07-10,192,24,20.3,19.75,21.1,21.1,17.5,23.05,23.9,20.9571428571429,44,44,84,84,TRUE
"4498","stlouis",2012,2012-07-11,193,24.5,22.8,20.3,19.75,21.1,21.1,17.5,23.05,20.8,44,44,84,84,TRUE
"4499","stlouis",2012,2012-07-12,194,24.7,23.05,22.8,20.3,19.75,21.1,21.1,17.5,20.8,44,44,84,84,TRUE
"4500","stlouis",2012,2012-07-13,195,25.1,23.6,23.05,22.8,20.3,19.75,21.1,21.1,21.6714285714286,44,44,84,84,TRUE
"4501","stlouis",2012,2012-07-14,196,25.4,25,23.6,23.05,22.8,20.3,19.75,21.1,22.2285714285714,44,44,84,84,TRUE
"4502","stlouis",2012,2012-07-15,197,25.9,23.35,25,23.6,23.05,22.8,20.3,19.75,22.55,44,44,84,84,TRUE
"4503","stlouis",2012,2012-07-16,198,25.8,26.95,23.35,25,23.6,23.05,22.8,20.3,23.5785714285714,44,44,84,84,TRUE
"4504","stlouis",2012,2012-07-17,199,25.6,20.55,26.95,23.35,25,23.6,23.05,22.8,23.6142857142857,44,44,84,84,TRUE
"4505","stlouis",2012,2012-07-18,200,24.8,19.7,20.55,26.95,23.35,25,23.6,23.05,23.1714285714286,44,44,84,84,TRUE
"4506","stlouis",2012,2012-07-19,201,24.3,20.3,19.7,20.55,26.95,23.35,25,23.6,22.7785714285714,44,44,84,84,TRUE
"4507","stlouis",2012,2012-07-20,202,24.1,23.05,20.3,19.7,20.55,26.95,23.35,25,22.7,44,44,84,84,TRUE
"4508","stlouis",2012,2012-07-21,203,25,23.05,23.05,20.3,19.7,20.55,26.95,23.35,22.4214285714286,44,44,84,84,TRUE
"4509","stlouis",2013,2013-04-30,120,1.6,12.2,10.55,14.2,11.15,10.8,1.95,0.55,8.77142857142857,41,41,84,84,TRUE
"4510","stlouis",2013,2013-05-01,121,3.3,3.9,12.2,10.55,14.2,11.15,10.8,1.95,9.25,41,41,84,84,TRUE
"4511","stlouis",2013,2013-05-02,122,4.1,1.95,3.9,12.2,10.55,14.2,11.15,10.8,9.25,41,41,84,84,TRUE
"4512","stlouis",2013,2013-05-03,123,3.7,0.3,1.95,3.9,12.2,10.55,14.2,11.15,7.75,41,41,84,84,TRUE
"4513","stlouis",2013,2013-05-04,124,3,1.4,0.3,1.95,3.9,12.2,10.55,14.2,6.35714285714286,41,41,84,84,TRUE
"4514","stlouis",2013,2013-05-05,125,3.4,7.2,1.4,0.3,1.95,3.9,12.2,10.55,5.35714285714286,41,41,84,84,TRUE
"4515","stlouis",2013,2013-05-06,126,4.9,11.1,7.2,1.4,0.3,1.95,3.9,12.2,5.43571428571429,41,41,84,84,TRUE
"4516","stlouis",2013,2013-05-07,127,6.9,14.4,11.1,7.2,1.4,0.3,1.95,3.9,5.75,41,41,84,84,TRUE
"4517","stlouis",2013,2013-05-08,128,8.3,13.05,14.4,11.1,7.2,1.4,0.3,1.95,7.05714285714286,41,41,84,84,TRUE
"4518","stlouis",2013,2013-05-09,129,8.6,5.55,13.05,14.4,11.1,7.2,1.4,0.3,7.57142857142857,41,41,84,84,TRUE
"4519","stlouis",2013,2013-05-10,130,8.6,5.25,5.55,13.05,14.4,11.1,7.2,1.4,8.27857142857143,41,41,84,84,TRUE
"4520","stlouis",2013,2013-05-11,131,8.5,3.05,5.25,5.55,13.05,14.4,11.1,7.2,8.51428571428571,41,41,84,84,TRUE
"4521","stlouis",2013,2013-05-12,132,7.9,4.45,3.05,5.25,5.55,13.05,14.4,11.1,8.12142857142857,41,41,84,84,TRUE
"4522","stlouis",2013,2013-05-13,133,8.3,7.25,4.45,3.05,5.25,5.55,13.05,14.4,7.57142857142857,41,41,84,84,TRUE
"4523","stlouis",2013,2013-05-14,134,8.6,13.9,7.25,4.45,3.05,5.25,5.55,13.05,7.5,41,41,84,84,TRUE
"4524","stlouis",2013,2013-05-15,135,10.4,17.5,13.9,7.25,4.45,3.05,5.25,5.55,8.13571428571429,41,41,84,84,TRUE
"4525","stlouis",2013,2013-05-16,136,12.1,13.35,17.5,13.9,7.25,4.45,3.05,5.25,9.25,41,41,84,84,TRUE
"4526","stlouis",2013,2013-05-17,137,12.8,12.75,13.35,17.5,13.9,7.25,4.45,3.05,10.3214285714286,41,41,84,84,TRUE
"4527","stlouis",2013,2013-05-18,138,12.8,9.2,12.75,13.35,17.5,13.9,7.25,4.45,11.2,41,41,84,84,TRUE
"4528","stlouis",2013,2013-05-19,139,12.4,12.8,9.2,12.75,13.35,17.5,13.9,7.25,12.3928571428571,41,41,84,84,TRUE
"4529","stlouis",2013,2013-05-20,140,12.5,8.35,12.8,9.2,12.75,13.35,17.5,13.9,12.55,41,41,84,84,TRUE
"4530","stlouis",2013,2013-05-21,141,11.6,8.9,8.35,12.8,9.2,12.75,13.35,17.5,11.8357142857143,41,41,84,84,TRUE
"4531","stlouis",2013,2013-05-22,142,10.6,10,8.9,8.35,12.8,9.2,12.75,13.35,10.7642857142857,41,41,84,84,TRUE
"4532","stlouis",2013,2013-05-23,143,10.5,8.65,10,8.9,8.35,12.8,9.2,12.75,10.0928571428571,41,41,84,84,TRUE
"4533","stlouis",2013,2013-05-24,144,11.5,9.7,8.65,10,8.9,8.35,12.8,9.2,9.65714285714286,41,41,84,84,TRUE
"4534","stlouis",2013,2013-05-25,145,12.4,10,9.7,8.65,10,8.9,8.35,12.8,9.77142857142857,41,41,84,84,TRUE
"4535","stlouis",2013,2013-05-26,146,12.5,13.05,10,9.7,8.65,10,8.9,8.35,9.80714285714286,41,41,84,84,TRUE
"4536","stlouis",2013,2013-05-27,147,13.1,12.5,13.05,10,9.7,8.65,10,8.9,10.4,41,41,84,84,TRUE
"4537","stlouis",2013,2013-05-28,148,13.2,13.6,12.5,13.05,10,9.7,8.65,10,11.0714285714286,41,41,84,84,TRUE
"4538","stlouis",2013,2013-05-29,149,13.9,16.1,13.6,12.5,13.05,10,9.7,8.65,11.9428571428571,41,41,84,84,TRUE
"4539","stlouis",2013,2013-05-30,150,14.7,17.2,16.1,13.6,12.5,13.05,10,9.7,13.1642857142857,41,41,84,84,TRUE
"4540","stlouis",2013,2013-05-31,151,15.5,18.65,17.2,16.1,13.6,12.5,13.05,10,14.4428571428571,41,41,84,84,TRUE
"4541","stlouis",2013,2013-06-01,152,16,11.15,18.65,17.2,16.1,13.6,12.5,13.05,14.6071428571429,41,41,84,84,TRUE
"4542","stlouis",2013,2013-06-02,153,15.2,11.35,11.15,18.65,17.2,16.1,13.6,12.5,14.3642857142857,41,41,84,84,TRUE
"4543","stlouis",2013,2013-06-03,154,16,10,11.35,11.15,18.65,17.2,16.1,13.6,14.0071428571429,41,41,84,84,TRUE
"4544","stlouis",2013,2013-06-04,155,15.7,12.75,10,11.35,11.15,18.65,17.2,16.1,13.8857142857143,41,41,84,84,TRUE
"4545","stlouis",2013,2013-06-05,156,14.5,8.6,12.75,10,11.35,11.15,18.65,17.2,12.8142857142857,41,41,84,84,TRUE
"4546","stlouis",2013,2013-06-06,157,13.5,11.7,8.6,12.75,10,11.35,11.15,18.65,12.0285714285714,41,41,84,84,TRUE
"4547","stlouis",2013,2013-06-07,158,13.5,13.6,11.7,8.6,12.75,10,11.35,11.15,11.3071428571429,41,41,84,84,TRUE
"4548","stlouis",2013,2013-06-08,159,14.1,14.75,13.6,11.7,8.6,12.75,10,11.35,11.8214285714286,41,41,84,84,TRUE
"4549","stlouis",2013,2013-06-09,160,14.7,12.5,14.75,13.6,11.7,8.6,12.75,10,11.9857142857143,41,41,84,84,TRUE
"4550","stlouis",2013,2013-06-10,161,14.2,15.55,12.5,14.75,13.6,11.7,8.6,12.75,12.7785714285714,41,41,84,84,TRUE
"4551","stlouis",2013,2013-06-11,162,15.5,19.45,15.55,12.5,14.75,13.6,11.7,8.6,13.7357142857143,41,41,84,84,TRUE
"4552","stlouis",2013,2013-06-12,163,17.4,17.8,19.45,15.55,12.5,14.75,13.6,11.7,15.05,41,41,84,84,TRUE
"4553","stlouis",2013,2013-06-13,164,18.2,17.25,17.8,19.45,15.55,12.5,14.75,13.6,15.8428571428571,41,41,84,84,TRUE
"4554","stlouis",2013,2013-06-14,165,18.9,15.8,17.25,17.8,19.45,15.55,12.5,14.75,16.1571428571429,41,41,84,84,TRUE
"4555","stlouis",2013,2013-06-15,166,19.1,17.8,15.8,17.25,17.8,19.45,15.55,12.5,16.5928571428571,41,41,84,84,TRUE
"4556","stlouis",2013,2013-06-16,167,19.5,18.35,17.8,15.8,17.25,17.8,19.45,15.55,17.4285714285714,41,41,84,84,TRUE
"4557","stlouis",2013,2013-06-17,168,19.7,10.85,18.35,17.8,15.8,17.25,17.8,19.45,16.7571428571429,41,41,84,84,TRUE
"4558","stlouis",2013,2013-06-18,169,19.6,12.5,10.85,18.35,17.8,15.8,17.25,17.8,15.7642857142857,41,41,84,84,TRUE
"4559","stlouis",2013,2013-06-19,170,19.8,17.5,12.5,10.85,18.35,17.8,15.8,17.25,15.7214285714286,41,41,84,84,TRUE
"4560","stlouis",2013,2013-06-20,171,19.9,16.4,17.5,12.5,10.85,18.35,17.8,15.8,15.6,41,41,84,84,TRUE
"4561","stlouis",2013,2013-06-21,172,19.3,16.95,16.4,17.5,12.5,10.85,18.35,17.8,15.7642857142857,41,41,84,84,TRUE
"4562","stlouis",2013,2013-06-22,173,18,15,16.95,16.4,17.5,12.5,10.85,18.35,15.3642857142857,41,41,84,84,TRUE
"4563","stlouis",2013,2013-06-23,174,17.4,20.25,15,16.95,16.4,17.5,12.5,10.85,15.6357142857143,41,41,84,84,TRUE
"4564","stlouis",2013,2013-06-24,175,18.6,20.55,20.25,15,16.95,16.4,17.5,12.5,17.0214285714286,41,41,84,84,TRUE
"4565","stlouis",2013,2013-06-25,176,19.9,23.35,20.55,20.25,15,16.95,16.4,17.5,18.5714285714286,41,41,84,84,TRUE
"4566","stlouis",2013,2013-06-26,177,20.9,22.8,23.35,20.55,20.25,15,16.95,16.4,19.3285714285714,41,41,84,84,TRUE
"4567","stlouis",2013,2013-06-27,178,21.5,22.2,22.8,23.35,20.55,20.25,15,16.95,20.1571428571429,41,41,84,84,TRUE
"4568","stlouis",2013,2013-06-28,179,21.8,19.45,22.2,22.8,23.35,20.55,20.25,15,20.5142857142857,41,41,84,84,TRUE
"4569","stlouis",2013,2013-06-29,180,21.3,16.95,19.45,22.2,22.8,23.35,20.55,20.25,20.7928571428571,41,41,84,84,TRUE
"4570","stlouis",2013,2013-06-30,181,21.4,18.6,16.95,19.45,22.2,22.8,23.35,20.55,20.5571428571429,41,41,84,84,TRUE
"4571","stlouis",2013,2013-07-01,182,21.6,16.7,18.6,16.95,19.45,22.2,22.8,23.35,20.0071428571429,41,41,84,84,TRUE
"4572","stlouis",2013,2013-07-02,183,21.6,16.1,16.7,18.6,16.95,19.45,22.2,22.8,18.9714285714286,41,41,84,84,TRUE
"4573","stlouis",2013,2013-07-03,184,21.9,18.05,16.1,16.7,18.6,16.95,19.45,22.2,18.2928571428571,41,41,84,84,TRUE
"4574","stlouis",2013,2013-07-04,185,22.5,19.45,18.05,16.1,16.7,18.6,16.95,19.45,17.9,41,41,84,84,TRUE
"4575","stlouis",2013,2013-07-05,186,23.1,23.05,19.45,18.05,16.1,16.7,18.6,16.95,18.4142857142857,41,41,84,84,TRUE
"4576","stlouis",2013,2013-07-06,187,23.4,21.95,23.05,19.45,18.05,16.1,16.7,18.6,19.1285714285714,41,41,84,84,TRUE
"4577","stlouis",2013,2013-07-07,188,23.1,17.8,21.95,23.05,19.45,18.05,16.1,16.7,19.0142857142857,41,41,84,84,TRUE
"4578","stlouis",2013,2013-07-08,189,22.7,19.45,17.8,21.95,23.05,19.45,18.05,16.1,19.4071428571429,41,41,84,84,TRUE
"4579","stlouis",2013,2013-07-09,190,22.9,18.9,19.45,17.8,21.95,23.05,19.45,18.05,19.8071428571429,41,41,84,84,TRUE
"4580","stlouis",2013,2013-07-10,191,22.6,18.9,18.9,19.45,17.8,21.95,23.05,19.45,19.9285714285714,41,41,84,84,TRUE
"4581","stlouis",2013,2013-07-11,192,22.6,18.6,18.9,18.9,19.45,17.8,21.95,23.05,19.8071428571429,41,41,84,84,TRUE
"4582","stlouis",2013,2013-07-12,193,23.1,23.35,18.6,18.9,18.9,19.45,17.8,21.95,19.85,41,41,84,84,TRUE
"4583","stlouis",2013,2013-07-13,194,23.6,20.25,23.35,18.6,18.9,18.9,19.45,17.8,19.6071428571429,41,41,84,84,TRUE
"4584","stlouis",2013,2013-07-14,195,23.1,20.85,20.25,23.35,18.6,18.9,18.9,19.45,20.0428571428571,41,41,84,84,TRUE
"4585","stlouis",2013,2013-07-15,196,22.7,22.75,20.85,20.25,23.35,18.6,18.9,18.9,20.5142857142857,41,41,84,84,TRUE
"4586","stlouis",2013,2013-07-16,197,23.1,24.2,22.75,20.85,20.25,23.35,18.6,18.9,21.2714285714286,41,41,84,84,TRUE
"4587","stlouis",2013,2013-07-17,198,24.4,25.8,24.2,22.75,20.85,20.25,23.35,18.6,22.2571428571429,41,41,84,84,TRUE
"4588","stlouis",2013,2013-07-18,199,25.5,26.35,25.8,24.2,22.75,20.85,20.25,23.35,23.3642857142857,41,41,84,84,TRUE
"4589","stlouis",2013,2013-07-19,200,25.6,21.4,26.35,25.8,24.2,22.75,20.85,20.25,23.0857142857143,41,41,84,84,TRUE
"4590","stlouis",2013,2013-07-20,201,25,16.65,21.4,26.35,25.8,24.2,22.75,20.85,22.5714285714286,41,41,84,84,TRUE
"4591","stlouis",2013,2013-07-21,202,24,15.8,16.65,21.4,26.35,25.8,24.2,22.75,21.85,41,41,84,84,TRUE
"4592","stlouis",2013,2013-07-22,203,23.4,20.25,15.8,16.65,21.4,26.35,25.8,24.2,21.4928571428571,41,41,84,84,TRUE
"4593","stlouis",2016,2016-04-29,120,7.7,6.4,5.3,3.6,4.45,1.7,3.6,5.85,4.41428571428571,42,42,84,84,TRUE
"4594","stlouis",2016,2016-04-30,121,8.7,6.1,6.4,5.3,3.6,4.45,1.7,3.6,4.45,42,42,84,84,TRUE
"4595","stlouis",2016,2016-05-01,122,9.4,6.95,6.1,6.4,5.3,3.6,4.45,1.7,4.92857142857143,42,42,84,84,TRUE
"4596","stlouis",2016,2016-05-02,123,10.2,9.4,6.95,6.1,6.4,5.3,3.6,4.45,6.02857142857143,42,42,84,84,TRUE
"4597","stlouis",2016,2016-05-03,124,10.9,12.2,9.4,6.95,6.1,6.4,5.3,3.6,7.13571428571429,42,42,84,84,TRUE
"4598","stlouis",2016,2016-05-04,125,11.3,9.7,12.2,9.4,6.95,6.1,6.4,5.3,8.00714285714286,42,42,84,84,TRUE
"4599","stlouis",2016,2016-05-05,126,12,13.9,9.7,12.2,9.4,6.95,6.1,6.4,9.23571428571429,42,42,84,84,TRUE
"4600","stlouis",2016,2016-05-06,127,13.7,21.1,13.9,9.7,12.2,9.4,6.95,6.1,11.3357142857143,42,42,84,84,TRUE
"4601","stlouis",2016,2016-05-07,128,14.8,11.7,21.1,13.9,9.7,12.2,9.4,6.95,12.1357142857143,42,42,84,84,TRUE
"4602","stlouis",2016,2016-05-08,129,15,12.5,11.7,21.1,13.9,9.7,12.2,9.4,12.9285714285714,42,42,84,84,TRUE
"4603","stlouis",2016,2016-05-09,130,14.9,11.65,12.5,11.7,21.1,13.9,9.7,12.2,13.25,42,42,84,84,TRUE
"4604","stlouis",2016,2016-05-10,131,14.2,8.9,11.65,12.5,11.7,21.1,13.9,9.7,12.7785714285714,42,42,84,84,TRUE
"4605","stlouis",2016,2016-05-11,132,13.1,8.9,8.9,11.65,12.5,11.7,21.1,13.9,12.6642857142857,42,42,84,84,TRUE
"4606","stlouis",2016,2016-05-12,133,12.9,10.55,8.9,8.9,11.65,12.5,11.7,21.1,12.1857142857143,42,42,84,84,TRUE
"4607","stlouis",2016,2016-05-13,134,12.8,3.3,10.55,8.9,8.9,11.65,12.5,11.7,9.64285714285714,42,42,84,84,TRUE
"4608","stlouis",2016,2016-05-14,135,11.4,0.8,3.3,10.55,8.9,8.9,11.65,12.5,8.08571428571429,42,42,84,84,TRUE
"4609","stlouis",2016,2016-05-15,136,10.3,6.4,0.8,3.3,10.55,8.9,8.9,11.65,7.21428571428571,42,42,84,84,TRUE
"4610","stlouis",2016,2016-05-16,137,10.6,7.5,6.4,0.8,3.3,10.55,8.9,8.9,6.62142857142857,42,42,84,84,TRUE
"4611","stlouis",2016,2016-05-17,138,11.6,10.55,7.5,6.4,0.8,3.3,10.55,8.9,6.85714285714286,42,42,84,84,TRUE
"4612","stlouis",2016,2016-05-18,139,12.9,11.95,10.55,7.5,6.4,0.8,3.3,10.55,7.29285714285714,42,42,84,84,TRUE
"4613","stlouis",2016,2016-05-19,140,13.9,12.5,11.95,10.55,7.5,6.4,0.8,3.3,7.57142857142857,42,42,84,84,TRUE
"4614","stlouis",2016,2016-05-20,141,14.9,15.8,12.5,11.95,10.55,7.5,6.4,0.8,9.35714285714286,42,42,84,84,TRUE
"4615","stlouis",2016,2016-05-21,142,16,16.4,15.8,12.5,11.95,10.55,7.5,6.4,11.5857142857143,42,42,84,84,TRUE
"4616","stlouis",2016,2016-05-22,143,17.4,17.8,16.4,15.8,12.5,11.95,10.55,7.5,13.2142857142857,42,42,84,84,TRUE
"4617","stlouis",2016,2016-05-23,144,18.2,19.7,17.8,16.4,15.8,12.5,11.95,10.55,14.9571428571429,42,42,84,84,TRUE
"4618","stlouis",2016,2016-05-24,145,19.3,18.65,19.7,17.8,16.4,15.8,12.5,11.95,16.1142857142857,42,42,84,84,TRUE
"4619","stlouis",2016,2016-05-25,146,19.3,10.8,18.65,19.7,17.8,16.4,15.8,12.5,15.95,42,42,84,84,TRUE
"4620","stlouis",2016,2016-05-26,147,18.4,15.85,10.8,18.65,19.7,17.8,16.4,15.8,16.4285714285714,42,42,84,84,TRUE
"4621","stlouis",2016,2016-05-27,148,18.1,13.05,15.85,10.8,18.65,19.7,17.8,16.4,16.0357142857143,42,42,84,84,TRUE
"4622","stlouis",2016,2016-05-28,149,17.4,13.9,13.05,15.85,10.8,18.65,19.7,17.8,15.6785714285714,42,42,84,84,TRUE
"4623","stlouis",2016,2016-05-29,150,17.6,16.4,13.9,13.05,15.85,10.8,18.65,19.7,15.4785714285714,42,42,84,84,TRUE
"4624","stlouis",2016,2016-05-30,151,18.2,18.6,16.4,13.9,13.05,15.85,10.8,18.65,15.3214285714286,42,42,84,84,TRUE
"4625","stlouis",2016,2016-05-31,152,17.9,8.65,18.6,16.4,13.9,13.05,15.85,10.8,13.8928571428571,42,42,84,84,TRUE
"4626","stlouis",2016,2016-06-01,153,17,12.5,8.65,18.6,16.4,13.9,13.05,15.85,14.1357142857143,42,42,84,84,TRUE
"4627","stlouis",2016,2016-06-02,154,16.5,15,12.5,8.65,18.6,16.4,13.9,13.05,14.0142857142857,42,42,84,84,TRUE
"4628","stlouis",2016,2016-06-03,155,16.5,12.2,15,12.5,8.65,18.6,16.4,13.9,13.8928571428571,42,42,84,84,TRUE
"4629","stlouis",2016,2016-06-04,156,16.1,12.5,12.2,15,12.5,8.65,18.6,16.4,13.6928571428571,42,42,84,84,TRUE
"4630","stlouis",2016,2016-06-05,157,16.1,15.25,12.5,12.2,15,12.5,8.65,18.6,13.5285714285714,42,42,84,84,TRUE
"4631","stlouis",2016,2016-06-06,158,16.5,14.45,15.25,12.5,12.2,15,12.5,8.65,12.9357142857143,42,42,84,84,TRUE
"4632","stlouis",2016,2016-06-07,159,16.9,13.9,14.45,15.25,12.5,12.2,15,12.5,13.6857142857143,42,42,84,84,TRUE
"4633","stlouis",2016,2016-06-08,160,17.3,13.05,13.9,14.45,15.25,12.5,12.2,15,13.7642857142857,42,42,84,84,TRUE
"4634","stlouis",2016,2016-06-09,161,17.8,17.2,13.05,13.9,14.45,15.25,12.5,12.2,14.0785714285714,42,42,84,84,TRUE
"4635","stlouis",2016,2016-06-10,162,18.4,20,17.2,13.05,13.9,14.45,15.25,12.5,15.1928571428571,42,42,84,84,TRUE
"4636","stlouis",2016,2016-06-11,163,19.7,20.85,20,17.2,13.05,13.9,14.45,15.25,16.3857142857143,42,42,84,84,TRUE
"4637","stlouis",2016,2016-06-12,164,20.2,13.35,20.85,20,17.2,13.05,13.9,14.45,16.1142857142857,42,42,84,84,TRUE
"4638","stlouis",2016,2016-06-13,165,19.3,13.85,13.35,20.85,20,17.2,13.05,13.9,16.0285714285714,42,42,84,84,TRUE
"4639","stlouis",2016,2016-06-14,166,17.8,12.5,13.85,13.35,20.85,20,17.2,13.05,15.8285714285714,42,42,84,84,TRUE
"4640","stlouis",2016,2016-06-15,167,16.7,13.65,12.5,13.85,13.35,20.85,20,17.2,15.9142857142857,42,42,84,84,TRUE
"4641","stlouis",2016,2016-06-16,168,17.2,17.5,13.65,12.5,13.85,13.35,20.85,20,15.9571428571429,42,42,84,84,TRUE
"4642","stlouis",2016,2016-06-17,169,18.1,18.35,17.5,13.65,12.5,13.85,13.35,20.85,15.7214285714286,42,42,84,84,TRUE
"4643","stlouis",2016,2016-06-18,170,18.9,23.1,18.35,17.5,13.65,12.5,13.85,13.35,16.0428571428571,42,42,84,84,TRUE
"4644","stlouis",2016,2016-06-19,171,20.5,25.55,23.1,18.35,17.5,13.65,12.5,13.85,17.7857142857143,42,42,84,84,TRUE
"4645","stlouis",2016,2016-06-20,172,21.5,17.2,25.55,23.1,18.35,17.5,13.65,12.5,18.2642857142857,42,42,84,84,TRUE
"4646","stlouis",2016,2016-06-21,173,21.2,17.2,17.2,25.55,23.1,18.35,17.5,13.65,18.9357142857143,42,42,84,84,TRUE
"4647","stlouis",2016,2016-06-22,174,21.1,16.95,17.2,17.2,25.55,23.1,18.35,17.5,19.4071428571429,42,42,84,84,TRUE
"4648","stlouis",2016,2016-06-23,175,20.9,18.9,16.95,17.2,17.2,25.55,23.1,18.35,19.6071428571429,42,42,84,84,TRUE
"4649","stlouis",2016,2016-06-24,176,21.5,19.7,18.9,16.95,17.2,17.2,25.55,23.1,19.8,42,42,84,84,TRUE
"4650","stlouis",2016,2016-06-25,177,22.3,22.8,19.7,18.9,16.95,17.2,17.2,25.55,19.7571428571429,42,42,84,84,TRUE
"4651","stlouis",2016,2016-06-26,178,21.9,20,22.8,19.7,18.9,16.95,17.2,17.2,18.9642857142857,42,42,84,84,TRUE
"4652","stlouis",2016,2016-06-27,179,21.1,15.3,20,22.8,19.7,18.9,16.95,17.2,18.6928571428571,42,42,84,84,TRUE
"4653","stlouis",2016,2016-06-28,180,20.6,16.65,15.3,20,22.8,19.7,18.9,16.95,18.6142857142857,42,42,84,84,TRUE
"4654","stlouis",2016,2016-06-29,181,21.3,18.35,16.65,15.3,20,22.8,19.7,18.9,18.8142857142857,42,42,84,84,TRUE
"4655","stlouis",2016,2016-06-30,182,21.9,17.25,18.35,16.65,15.3,20,22.8,19.7,18.5785714285714,42,42,84,84,TRUE
"4656","stlouis",2016,2016-07-01,183,21.4,15.55,17.25,18.35,16.65,15.3,20,22.8,17.9857142857143,42,42,84,84,TRUE
"4657","stlouis",2016,2016-07-02,184,21.6,17.2,15.55,17.25,18.35,16.65,15.3,20,17.1857142857143,42,42,84,84,TRUE
"4658","stlouis",2016,2016-07-03,185,22.2,19.15,17.2,15.55,17.25,18.35,16.65,15.3,17.0642857142857,42,42,84,84,TRUE
"4659","stlouis",2016,2016-07-04,186,22.4,18.85,19.15,17.2,15.55,17.25,18.35,16.65,17.5714285714286,42,42,84,84,TRUE
"4660","stlouis",2016,2016-07-05,187,22.7,23.65,18.85,19.15,17.2,15.55,17.25,18.35,18.5714285714286,42,42,84,84,TRUE
"4661","stlouis",2016,2016-07-06,188,23.1,22.5,23.65,18.85,19.15,17.2,15.55,17.25,19.1642857142857,42,42,84,84,TRUE
"4662","stlouis",2016,2016-07-07,189,23.7,19.45,22.5,23.65,18.85,19.15,17.2,15.55,19.4785714285714,42,42,84,84,TRUE
"4663","stlouis",2016,2016-07-08,190,23.3,17.8,19.45,22.5,23.65,18.85,19.15,17.2,19.8,42,42,84,84,TRUE
"4664","stlouis",2016,2016-07-09,191,23,18.65,17.8,19.45,22.5,23.65,18.85,19.15,20.0071428571429,42,42,84,84,TRUE
"4665","stlouis",2016,2016-07-10,192,22.5,18.3,18.65,17.8,19.45,22.5,23.65,18.85,19.8857142857143,42,42,84,84,TRUE
"4666","stlouis",2016,2016-07-11,193,21.7,18.9,18.3,18.65,17.8,19.45,22.5,23.65,19.8928571428571,42,42,84,84,TRUE
"4667","stlouis",2016,2016-07-12,194,20.7,22.5,18.9,18.3,18.65,17.8,19.45,22.5,19.7285714285714,42,42,84,84,TRUE
"4668","stlouis",2016,2016-07-13,195,21,20,22.5,18.9,18.3,18.65,17.8,19.45,19.3714285714286,42,42,84,84,TRUE
"4669","stlouis",2016,2016-07-14,196,20.6,16.9,20,22.5,18.9,18.3,18.65,17.8,19.0071428571429,42,42,84,84,TRUE
"4670","stlouis",2016,2016-07-15,197,20.2,18.35,16.9,20,22.5,18.9,18.3,18.65,19.0857142857143,42,42,84,84,TRUE
"4671","stlouis",2016,2016-07-16,198,20.8,18.05,18.35,16.9,20,22.5,18.9,18.3,19,42,42,84,84,TRUE
"4672","stlouis",2016,2016-07-17,199,21.1,21.1,18.05,18.35,16.9,20,22.5,18.9,19.4,42,42,84,84,TRUE
"4673","stlouis",2016,2016-07-18,200,21.3,20.85,21.1,18.05,18.35,16.9,20,22.5,19.6785714285714,42,42,84,84,TRUE
"4674","stlouis",2016,2016-07-19,201,22.1,20.8,20.85,21.1,18.05,18.35,16.9,20,19.4357142857143,42,42,84,84,TRUE
"4675","stlouis",2016,2016-07-20,202,23.1,24.75,20.8,20.85,21.1,18.05,18.35,16.9,20.1142857142857,42,42,84,84,TRUE
"4676","stlouis",2016,2016-07-21,203,24.6,25.3,24.75,20.8,20.85,21.1,18.05,18.35,21.3142857142857,42,42,84,84,TRUE
"4677","stlouis",2018,2018-04-30,120,7.3,14.75,8.6,3.35,1.9,6.95,5.3,5.8,6.66428571428571,45,45,84,84,TRUE
"4678","stlouis",2018,2018-05-01,121,8.5,10.8,14.75,8.6,3.35,1.9,6.95,5.3,7.37857142857143,45,45,84,84,TRUE
"4679","stlouis",2018,2018-05-02,122,9.7,8.6,10.8,14.75,8.6,3.35,1.9,6.95,7.85,45,45,84,84,TRUE
"4680","stlouis",2018,2018-05-03,123,10.4,11.65,8.6,10.8,14.75,8.6,3.35,1.9,8.52142857142857,45,45,84,84,TRUE
"4681","stlouis",2018,2018-05-04,124,11.4,12.2,11.65,8.6,10.8,14.75,8.6,3.35,9.99285714285714,45,45,84,84,TRUE
"4682","stlouis",2018,2018-05-05,125,12.2,13.6,12.2,11.65,8.6,10.8,14.75,8.6,11.4571428571429,45,45,84,84,TRUE
"4683","stlouis",2018,2018-05-06,126,12.6,10.3,13.6,12.2,11.65,8.6,10.8,14.75,11.7,45,45,84,84,TRUE
"4684","stlouis",2018,2018-05-07,127,13.2,16.35,10.3,13.6,12.2,11.65,8.6,10.8,11.9285714285714,45,45,84,84,TRUE
"4685","stlouis",2018,2018-05-08,128,13.6,11.65,16.35,10.3,13.6,12.2,11.65,8.6,12.05,45,45,84,84,TRUE
"4686","stlouis",2018,2018-05-09,129,11.9,7.2,11.65,16.35,10.3,13.6,12.2,11.65,11.85,45,45,84,84,TRUE
"4687","stlouis",2018,2018-05-10,130,11,6.7,7.2,11.65,16.35,10.3,13.6,12.2,11.1428571428571,45,45,84,84,TRUE
"4688","stlouis",2018,2018-05-11,131,11.4,5.8,6.7,7.2,11.65,16.35,10.3,13.6,10.2285714285714,45,45,84,84,TRUE
"4689","stlouis",2018,2018-05-12,132,11.3,7.75,5.8,6.7,7.2,11.65,16.35,10.3,9.39285714285714,45,45,84,84,TRUE
"4690","stlouis",2018,2018-05-13,133,11.7,11.65,7.75,5.8,6.7,7.2,11.65,16.35,9.58571428571429,45,45,84,84,TRUE
"4691","stlouis",2018,2018-05-14,134,13,17.75,11.65,7.75,5.8,6.7,7.2,11.65,9.78571428571429,45,45,84,84,TRUE
"4692","stlouis",2018,2018-05-15,135,14.3,12.5,17.75,11.65,7.75,5.8,6.7,7.2,9.90714285714286,45,45,84,84,TRUE
"4693","stlouis",2018,2018-05-16,136,15.2,17.2,12.5,17.75,11.65,7.75,5.8,6.7,11.3357142857143,45,45,84,84,TRUE
"4694","stlouis",2018,2018-05-17,137,15.7,9.2,17.2,12.5,17.75,11.65,7.75,5.8,11.6928571428571,45,45,84,84,TRUE
"4695","stlouis",2018,2018-05-18,138,15,12.25,9.2,17.2,12.5,17.75,11.65,7.75,12.6142857142857,45,45,84,84,TRUE
"4696","stlouis",2018,2018-05-19,139,14.8,8.9,12.25,9.2,17.2,12.5,17.75,11.65,12.7785714285714,45,45,84,84,TRUE
"4697","stlouis",2018,2018-05-20,140,15.3,10.8,8.9,12.25,9.2,17.2,12.5,17.75,12.6571428571429,45,45,84,84,TRUE
"4698","stlouis",2018,2018-05-21,141,15.8,12.2,10.8,8.9,12.25,9.2,17.2,12.5,11.8642857142857,45,45,84,84,TRUE
"4699","stlouis",2018,2018-05-22,142,16.4,18.9,12.2,10.8,8.9,12.25,9.2,17.2,12.7785714285714,45,45,84,84,TRUE
"4700","stlouis",2018,2018-05-23,143,17.8,18.6,18.9,12.2,10.8,8.9,12.25,9.2,12.9785714285714,45,45,84,84,TRUE
"4701","stlouis",2018,2018-05-24,144,19.1,21.4,18.6,18.9,12.2,10.8,8.9,12.25,14.7214285714286,45,45,84,84,TRUE
"4702","stlouis",2018,2018-05-25,145,20.4,23.9,21.4,18.6,18.9,12.2,10.8,8.9,16.3857142857143,45,45,84,84,TRUE
"4703","stlouis",2018,2018-05-26,146,21.7,22.2,23.9,21.4,18.6,18.9,12.2,10.8,18.2857142857143,45,45,84,84,TRUE
"4704","stlouis",2018,2018-05-27,147,22.5,20.85,22.2,23.9,21.4,18.6,18.9,12.2,19.7214285714286,45,45,84,84,TRUE
"4705","stlouis",2018,2018-05-28,148,23.1,21.95,20.85,22.2,23.9,21.4,18.6,18.9,21.1142857142857,45,45,84,84,TRUE
"4706","stlouis",2018,2018-05-29,149,23.1,20.3,21.95,20.85,22.2,23.9,21.4,18.6,21.3142857142857,45,45,84,84,TRUE
"4707","stlouis",2018,2018-05-30,150,22.7,17.75,20.3,21.95,20.85,22.2,23.9,21.4,21.1928571428571,45,45,84,84,TRUE
"4708","stlouis",2018,2018-05-31,151,21.8,18.3,17.75,20.3,21.95,20.85,22.2,23.9,20.75,45,45,84,84,TRUE
"4709","stlouis",2018,2018-06-01,152,20.8,8.1,18.3,17.75,20.3,21.95,20.85,22.2,18.4928571428571,45,45,84,84,TRUE
"4710","stlouis",2018,2018-06-02,153,17.9,6.65,8.1,18.3,17.75,20.3,21.95,20.85,16.2714285714286,45,45,84,84,TRUE
"4711","stlouis",2018,2018-06-03,154,15.3,11.4,6.65,8.1,18.3,17.75,20.3,21.95,14.9214285714286,45,45,84,84,TRUE
"4712","stlouis",2018,2018-06-04,155,15.3,14.75,11.4,6.65,8.1,18.3,17.75,20.3,13.8928571428571,45,45,84,84,TRUE
"4713","stlouis",2018,2018-06-05,156,15.7,11.35,14.75,11.4,6.65,8.1,18.3,17.75,12.6142857142857,45,45,84,84,TRUE
"4714","stlouis",2018,2018-06-06,157,15.9,16.1,11.35,14.75,11.4,6.65,8.1,18.3,12.3785714285714,45,45,84,84,TRUE
"4715","stlouis",2018,2018-06-07,158,17,14.7,16.1,11.35,14.75,11.4,6.65,8.1,11.8642857142857,45,45,84,84,TRUE
"4716","stlouis",2018,2018-06-08,159,17.9,15,14.7,16.1,11.35,14.75,11.4,6.65,12.85,45,45,84,84,TRUE
"4717","stlouis",2018,2018-06-09,160,18.3,15.85,15,14.7,16.1,11.35,14.75,11.4,14.1642857142857,45,45,84,84,TRUE
"4718","stlouis",2018,2018-06-10,161,18.5,17.5,15.85,15,14.7,16.1,11.35,14.75,15.0357142857143,45,45,84,84,TRUE
"4719","stlouis",2018,2018-06-11,162,19,15.55,17.5,15.85,15,14.7,16.1,11.35,15.15,45,45,84,84,TRUE
"4720","stlouis",2018,2018-06-12,163,18.9,18.35,15.55,17.5,15.85,15,14.7,16.1,16.15,45,45,84,84,TRUE
"4721","stlouis",2018,2018-06-13,164,19.2,17.5,18.35,15.55,17.5,15.85,15,14.7,16.35,45,45,84,84,TRUE
"4722","stlouis",2018,2018-06-14,165,20.3,17.5,17.5,18.35,15.55,17.5,15.85,15,16.75,45,45,84,84,TRUE
"4723","stlouis",2018,2018-06-15,166,20.3,19.4,17.5,17.5,18.35,15.55,17.5,15.85,17.3785714285714,45,45,84,84,TRUE
"4724","stlouis",2018,2018-06-16,167,19.6,19.45,19.4,17.5,17.5,18.35,15.55,17.5,17.8928571428571,45,45,84,84,TRUE
"4725","stlouis",2018,2018-06-17,168,20,20.25,19.45,19.4,17.5,17.5,18.35,15.55,18.2857142857143,45,45,84,84,TRUE
"4726","stlouis",2018,2018-06-18,169,19.6,19.45,20.25,19.45,19.4,17.5,17.5,18.35,18.8428571428571,45,45,84,84,TRUE
"4727","stlouis",2018,2018-06-19,170,19.7,18.3,19.45,20.25,19.45,19.4,17.5,17.5,18.8357142857143,45,45,84,84,TRUE
"4728","stlouis",2018,2018-06-20,171,20.5,20.55,18.3,19.45,20.25,19.45,19.4,17.5,19.2714285714286,45,45,84,84,TRUE
"4729","stlouis",2018,2018-06-21,172,21.1,17.2,20.55,18.3,19.45,20.25,19.45,19.4,19.2285714285714,45,45,84,84,TRUE
"4730","stlouis",2018,2018-06-22,173,21.8,18.35,17.2,20.55,18.3,19.45,20.25,19.45,19.0785714285714,45,45,84,84,TRUE
"4731","stlouis",2018,2018-06-23,174,22.4,19.45,18.35,17.2,20.55,18.3,19.45,20.25,19.0785714285714,45,45,84,84,TRUE
"4732","stlouis",2018,2018-06-24,175,21.8,12.25,19.45,18.35,17.2,20.55,18.3,19.45,17.9357142857143,45,45,84,84,TRUE
"4733","stlouis",2018,2018-06-25,176,20.6,16.15,12.25,19.45,18.35,17.2,20.55,18.3,17.4642857142857,45,45,84,84,TRUE
"4734","stlouis",2018,2018-06-26,177,20,17.25,16.15,12.25,19.45,18.35,17.2,20.55,17.3142857142857,45,45,84,84,TRUE
"4735","stlouis",2018,2018-06-27,178,20.4,18.05,17.25,16.15,12.25,19.45,18.35,17.2,16.9571428571429,45,45,84,84,TRUE
"4736","stlouis",2018,2018-06-28,179,21.4,21.4,18.05,17.25,16.15,12.25,19.45,18.35,17.5571428571429,45,45,84,84,TRUE
"4737","stlouis",2018,2018-06-29,180,21.9,23.9,21.4,18.05,17.25,16.15,12.25,19.45,18.35,45,45,84,84,TRUE
"4738","stlouis",2018,2018-06-30,181,22.1,22.25,23.9,21.4,18.05,17.25,16.15,12.25,18.75,45,45,84,84,TRUE
"4739","stlouis",2018,2018-07-01,182,22.3,15.85,22.25,23.9,21.4,18.05,17.25,16.15,19.2642857142857,45,45,84,84,TRUE
"4740","stlouis",2018,2018-07-02,183,21.2,20.25,15.85,22.25,23.9,21.4,18.05,17.25,19.85,45,45,84,84,TRUE
"4741","stlouis",2018,2018-07-03,184,21.2,23.35,20.25,15.85,22.25,23.9,21.4,18.05,20.7214285714286,45,45,84,84,TRUE
"4742","stlouis",2018,2018-07-04,185,21.7,24.15,23.35,20.25,15.85,22.25,23.9,21.4,21.5928571428571,45,45,84,84,TRUE
"4743","stlouis",2018,2018-07-05,186,22.5,18.3,24.15,23.35,20.25,15.85,22.25,23.9,21.15,45,45,84,84,TRUE
"4744","stlouis",2018,2018-07-06,187,23.2,18.6,18.3,24.15,23.35,20.25,15.85,22.25,20.3928571428571,45,45,84,84,TRUE
"4745","stlouis",2018,2018-07-07,188,23.7,21.65,18.6,18.3,24.15,23.35,20.25,15.85,20.3071428571429,45,45,84,84,TRUE
"4746","stlouis",2018,2018-07-08,189,24.1,25,21.65,18.6,18.3,24.15,23.35,20.25,21.6142857142857,45,45,84,84,TRUE
"4747","stlouis",2018,2018-07-09,190,24.7,21.65,25,21.65,18.6,18.3,24.15,23.35,21.8142857142857,45,45,84,84,TRUE
"4748","stlouis",2018,2018-07-10,191,24.6,20.8,21.65,25,21.65,18.6,18.3,24.15,21.45,45,45,84,84,TRUE
"4749","stlouis",2018,2018-07-11,192,23.5,19.45,20.8,21.65,25,21.65,18.6,18.3,20.7785714285714,45,45,84,84,TRUE
"4750","stlouis",2018,2018-07-12,193,23,23.05,19.45,20.8,21.65,25,21.65,18.6,21.4571428571429,45,45,84,84,TRUE
"4751","stlouis",2018,2018-07-13,194,23.4,23.05,23.05,19.45,20.8,21.65,25,21.65,22.0928571428571,45,45,84,84,TRUE
"4752","stlouis",2018,2018-07-14,195,23.8,23.9,23.05,23.05,19.45,20.8,21.65,25,22.4142857142857,45,45,84,84,TRUE
"4753","stlouis",2018,2018-07-15,196,24.3,20.25,23.9,23.05,23.05,19.45,20.8,21.65,21.7357142857143,45,45,84,84,TRUE
"4754","stlouis",2018,2018-07-16,197,23.6,17.5,20.25,23.9,23.05,23.05,19.45,20.8,21.1428571428571,45,45,84,84,TRUE
"4755","stlouis",2018,2018-07-17,198,23.3,17.8,17.5,20.25,23.9,23.05,23.05,19.45,20.7142857142857,45,45,84,84,TRUE
"4756","stlouis",2018,2018-07-18,199,23.5,18.3,17.8,17.5,20.25,23.9,23.05,23.05,20.55,45,45,84,84,TRUE
"4757","stlouis",2018,2018-07-19,200,23.8,19.7,18.3,17.8,17.5,20.25,23.9,23.05,20.0714285714286,45,45,84,84,TRUE
"4758","stlouis",2018,2018-07-20,201,23.6,20.25,19.7,18.3,17.8,17.5,20.25,23.9,19.6714285714286,45,45,84,84,TRUE
"4759","stlouis",2018,2018-07-21,202,23.6,20.85,20.25,19.7,18.3,17.8,17.5,20.25,19.2357142857143,45,45,84,84,TRUE
"4760","stlouis",2018,2018-07-22,203,23.3,18.3,20.85,20.25,19.7,18.3,17.8,17.5,18.9571428571429,45,45,84,84,TRUE
"4761","yellowr",2013,2013-04-02,92,8.3,0,8.05,10,4.2,2.8,0.85,0.55,3.77857142857143,50,50,112,112,TRUE
"4762","yellowr",2013,2013-04-03,93,8,-0.25,0,8.05,10,4.2,2.8,0.85,3.66428571428571,50,50,112,112,TRUE
"4763","yellowr",2013,2013-04-04,94,8.6,0,-0.25,0,8.05,10,4.2,2.8,3.54285714285714,50,50,112,112,TRUE
"4764","yellowr",2013,2013-04-05,95,9.7,5,0,-0.25,0,8.05,10,4.2,3.85714285714286,50,50,112,112,TRUE
"4765","yellowr",2013,2013-04-06,96,10.2,5.25,5,0,-0.25,0,8.05,10,4.00714285714286,50,50,112,112,TRUE
"4766","yellowr",2013,2013-04-07,97,12.4,13.05,5.25,5,0,-0.25,0,8.05,4.44285714285714,50,50,112,112,TRUE
"4767","yellowr",2013,2013-04-08,98,13,11.4,13.05,5.25,5,0,-0.25,0,4.92142857142857,50,50,112,112,TRUE
"4768","yellowr",2013,2013-04-09,99,13.5,14.75,11.4,13.05,5.25,5,0,-0.25,7.02857142857143,50,50,112,112,TRUE
"4769","yellowr",2013,2013-04-10,100,13.2,16.65,14.75,11.4,13.05,5.25,5,0,9.44285714285714,50,50,112,112,TRUE
"4770","yellowr",2013,2013-04-11,101,11.1,9.45,16.65,14.75,11.4,13.05,5.25,5,10.7928571428571,50,50,112,112,TRUE
"4771","yellowr",2013,2013-04-12,102,8.6,5.55,9.45,16.65,14.75,11.4,13.05,5.25,10.8714285714286,50,50,112,112,TRUE
"4772","yellowr",2013,2013-04-13,103,6.9,4.45,5.55,9.45,16.65,14.75,11.4,13.05,10.7571428571429,50,50,112,112,TRUE
"4773","yellowr",2013,2013-04-14,104,7.4,3.35,4.45,5.55,9.45,16.65,14.75,11.4,9.37142857142857,50,50,112,112,TRUE
"4774","yellowr",2013,2013-04-15,105,9.4,10.8,3.35,4.45,5.55,9.45,16.65,14.75,9.28571428571428,50,50,112,112,TRUE
"4775","yellowr",2013,2013-04-16,106,10.6,11.95,10.8,3.35,4.45,5.55,9.45,16.65,8.88571428571429,50,50,112,112,TRUE
"4776","yellowr",2013,2013-04-17,107,10.3,8.35,11.95,10.8,3.35,4.45,5.55,9.45,7.7,50,50,112,112,TRUE
"4777","yellowr",2013,2013-04-18,108,10.4,10,8.35,11.95,10.8,3.35,4.45,5.55,7.77857142857143,50,50,112,112,TRUE
"4778","yellowr",2013,2013-04-19,109,9.7,12.2,10,8.35,11.95,10.8,3.35,4.45,8.72857142857143,50,50,112,112,TRUE
"4779","yellowr",2013,2013-04-20,110,8.4,1.35,12.2,10,8.35,11.95,10.8,3.35,8.28571428571428,50,50,112,112,TRUE
"4780","yellowr",2013,2013-04-21,111,8.2,1.95,1.35,12.2,10,8.35,11.95,10.8,8.08571428571429,50,50,112,112,TRUE
"4781","yellowr",2013,2013-04-22,112,9,3.3,1.95,1.35,12.2,10,8.35,11.95,7.01428571428571,50,50,112,112,TRUE
"4782","yellowr",2013,2013-04-23,113,10.6,9.75,3.3,1.95,1.35,12.2,10,8.35,6.7,50,50,112,112,TRUE
"4783","yellowr",2013,2013-04-24,114,10.1,10.8,9.75,3.3,1.95,1.35,12.2,10,7.05,50,50,112,112,TRUE
"4784","yellowr",2013,2013-04-25,115,9.2,4.7,10.8,9.75,3.3,1.95,1.35,12.2,6.29285714285714,50,50,112,112,TRUE
"4785","yellowr",2013,2013-04-26,116,9.4,5.25,4.7,10.8,9.75,3.3,1.95,1.35,5.3,50,50,112,112,TRUE
"4786","yellowr",2013,2013-04-27,117,11.3,10.3,5.25,4.7,10.8,9.75,3.3,1.95,6.57857142857143,50,50,112,112,TRUE
"4787","yellowr",2013,2013-04-28,118,12.7,11.95,10.3,5.25,4.7,10.8,9.75,3.3,8.00714285714286,50,50,112,112,TRUE
"4788","yellowr",2013,2013-04-29,119,13.3,11.9,11.95,10.3,5.25,4.7,10.8,9.75,9.23571428571429,50,50,112,112,TRUE
"4789","yellowr",2013,2013-04-30,120,14.7,15.85,11.9,11.95,10.3,5.25,4.7,10.8,10.1071428571429,50,50,112,112,TRUE
"4790","yellowr",2013,2013-05-01,121,16.9,20,15.85,11.9,11.95,10.3,5.25,4.7,11.4214285714286,50,50,112,112,TRUE
"4791","yellowr",2013,2013-05-02,122,17.9,21.1,20,15.85,11.9,11.95,10.3,5.25,13.7642857142857,50,50,112,112,TRUE
"4792","yellowr",2013,2013-05-03,123,16.6,17.2,21.1,20,15.85,11.9,11.95,10.3,15.4714285714286,50,50,112,112,TRUE
"4793","yellowr",2013,2013-05-04,124,16.6,15.85,17.2,21.1,20,15.85,11.9,11.95,16.2642857142857,50,50,112,112,TRUE
"4794","yellowr",2013,2013-05-05,125,16.4,16.95,15.85,17.2,21.1,20,15.85,11.9,16.9785714285714,50,50,112,112,TRUE
"4795","yellowr",2013,2013-05-06,126,16.5,16.4,16.95,15.85,17.2,21.1,20,15.85,17.6214285714286,50,50,112,112,TRUE
"4796","yellowr",2013,2013-05-07,127,16.5,17.5,16.4,16.95,15.85,17.2,21.1,20,17.8571428571429,50,50,112,112,TRUE
"4797","yellowr",2013,2013-05-08,128,17.3,17.75,17.5,16.4,16.95,15.85,17.2,21.1,17.5357142857143,50,50,112,112,TRUE
"4798","yellowr",2013,2013-05-09,129,16.9,18.3,17.75,17.5,16.4,16.95,15.85,17.2,17.1357142857143,50,50,112,112,TRUE
"4799","yellowr",2013,2013-05-10,130,16.3,17.8,18.3,17.75,17.5,16.4,16.95,15.85,17.2214285714286,50,50,112,112,TRUE
"4800","yellowr",2013,2013-05-11,131,14.4,11.7,17.8,18.3,17.75,17.5,16.4,16.95,16.6285714285714,50,50,112,112,TRUE
"4801","yellowr",2013,2013-05-12,132,13,8.6,11.7,17.8,18.3,17.75,17.5,16.4,15.4357142857143,50,50,112,112,TRUE
"4802","yellowr",2013,2013-05-13,133,13.1,6.65,8.6,11.7,17.8,18.3,17.75,17.5,14.0428571428571,50,50,112,112,TRUE
"4803","yellowr",2013,2013-05-14,134,15,7.75,6.65,8.6,11.7,17.8,18.3,17.75,12.65,50,50,112,112,TRUE
"4804","yellowr",2013,2013-05-15,135,17.7,20.85,7.75,6.65,8.6,11.7,17.8,18.3,13.0928571428571,50,50,112,112,TRUE
"4805","yellowr",2013,2013-05-16,136,18.5,19.7,20.85,7.75,6.65,8.6,11.7,17.8,13.2928571428571,50,50,112,112,TRUE
"4806","yellowr",2013,2013-05-17,137,18.4,19.75,19.7,20.85,7.75,6.65,8.6,11.7,13.5714285714286,50,50,112,112,TRUE
"4807","yellowr",2013,2013-05-18,138,18.8,20.85,19.75,19.7,20.85,7.75,6.65,8.6,14.8785714285714,50,50,112,112,TRUE
"4808","yellowr",2013,2013-05-19,139,20,20.55,20.85,19.75,19.7,20.85,7.75,6.65,16.5857142857143,50,50,112,112,TRUE
"4809","yellowr",2013,2013-05-20,140,20.9,25.85,20.55,20.85,19.75,19.7,20.85,7.75,19.3285714285714,50,50,112,112,TRUE
"4810","yellowr",2013,2013-05-21,141,21.2,24.45,25.85,20.55,20.85,19.75,19.7,20.85,21.7142857142857,50,50,112,112,TRUE
"4811","yellowr",2013,2013-05-22,142,20.7,23.05,24.45,25.85,20.55,20.85,19.75,19.7,22.0285714285714,50,50,112,112,TRUE
"4812","yellowr",2013,2013-05-23,143,17.9,20,23.05,24.45,25.85,20.55,20.85,19.75,22.0714285714286,50,50,112,112,TRUE
"4813","yellowr",2013,2013-05-24,144,15.7,8.3,20,23.05,24.45,25.85,20.55,20.85,20.4357142857143,50,50,112,112,TRUE
"4814","yellowr",2013,2013-05-25,145,14.5,8.9,8.3,20,23.05,24.45,25.85,20.55,18.7285714285714,50,50,112,112,TRUE
"4815","yellowr",2013,2013-05-26,146,14.5,10.55,8.9,8.3,20,23.05,24.45,25.85,17.3,50,50,112,112,TRUE
"4816","yellowr",2013,2013-05-27,147,14.7,15.8,10.55,8.9,8.3,20,23.05,24.45,15.8642857142857,50,50,112,112,TRUE
"4817","yellowr",2013,2013-05-28,148,16.1,14.15,15.8,10.55,8.9,8.3,20,23.05,14.3928571428571,50,50,112,112,TRUE
"4818","yellowr",2013,2013-05-29,149,18,21.95,14.15,15.8,10.55,8.9,8.3,20,14.2357142857143,50,50,112,112,TRUE
"4819","yellowr",2013,2013-05-30,150,19.7,24.45,21.95,14.15,15.8,10.55,8.9,8.3,14.8714285714286,50,50,112,112,TRUE
"4820","yellowr",2013,2013-05-31,151,20.2,24.45,24.45,21.95,14.15,15.8,10.55,8.9,17.1785714285714,50,50,112,112,TRUE
"4821","yellowr",2013,2013-06-01,152,19.7,21.4,24.45,24.45,21.95,14.15,15.8,10.55,18.9642857142857,50,50,112,112,TRUE
"4822","yellowr",2013,2013-06-02,153,18.7,19.7,21.4,24.45,24.45,21.95,14.15,15.8,20.2714285714286,50,50,112,112,TRUE
"4823","yellowr",2013,2013-06-03,154,17,17.25,19.7,21.4,24.45,24.45,21.95,14.15,20.4785714285714,50,50,112,112,TRUE
"4824","yellowr",2013,2013-06-04,155,17,12.2,17.25,19.7,21.4,24.45,24.45,21.95,20.2,50,50,112,112,TRUE
"4825","yellowr",2013,2013-06-05,156,17.8,16.7,12.2,17.25,19.7,21.4,24.45,24.45,19.45,50,50,112,112,TRUE
"4826","yellowr",2013,2013-06-06,157,18.1,18.3,16.7,12.2,17.25,19.7,21.4,24.45,18.5714285714286,50,50,112,112,TRUE
"4827","yellowr",2013,2013-06-07,158,18.2,16.15,18.3,16.7,12.2,17.25,19.7,21.4,17.3857142857143,50,50,112,112,TRUE
"4828","yellowr",2013,2013-06-08,159,18.2,16.95,16.15,18.3,16.7,12.2,17.25,19.7,16.75,50,50,112,112,TRUE
"4829","yellowr",2013,2013-06-09,160,18.7,17.8,16.95,16.15,18.3,16.7,12.2,17.25,16.4785714285714,50,50,112,112,TRUE
"4830","yellowr",2013,2013-06-10,161,19.4,20.55,17.8,16.95,16.15,18.3,16.7,12.2,16.95,50,50,112,112,TRUE
"4831","yellowr",2013,2013-06-11,162,19.9,21.1,20.55,17.8,16.95,16.15,18.3,16.7,18.2214285714286,50,50,112,112,TRUE
"4832","yellowr",2013,2013-06-12,163,20,22.8,21.1,20.55,17.8,16.95,16.15,18.3,19.0928571428571,50,50,112,112,TRUE
"4833","yellowr",2013,2013-06-13,164,20.4,23.35,22.8,21.1,20.55,17.8,16.95,16.15,19.8142857142857,50,50,112,112,TRUE
"4834","yellowr",2013,2013-06-14,165,19.8,16.95,23.35,22.8,21.1,20.55,17.8,16.95,19.9285714285714,50,50,112,112,TRUE
"4835","yellowr",2013,2013-06-15,166,19.4,18.65,16.95,23.35,22.8,21.1,20.55,17.8,20.1714285714286,50,50,112,112,TRUE
"4836","yellowr",2013,2013-06-16,167,19.8,20,18.65,16.95,23.35,22.8,21.1,20.55,20.4857142857143,50,50,112,112,TRUE
"4837","yellowr",2013,2013-06-17,168,20.4,23.3,20,18.65,16.95,23.35,22.8,21.1,20.8785714285714,50,50,112,112,TRUE
"4838","yellowr",2013,2013-06-18,169,21,23.1,23.3,20,18.65,16.95,23.35,22.8,21.1642857142857,50,50,112,112,TRUE
"4839","yellowr",2013,2013-06-19,170,20.6,18.3,23.1,23.3,20,18.65,16.95,23.35,20.5214285714286,50,50,112,112,TRUE
"4840","yellowr",2013,2013-06-20,171,20,19.7,18.3,23.1,23.3,20,18.65,16.95,20,50,50,112,112,TRUE
"4841","yellowr",2013,2013-06-21,172,20.3,22.2,19.7,18.3,23.1,23.3,20,18.65,20.75,50,50,112,112,TRUE
"4842","yellowr",2013,2013-06-22,173,20.5,23.9,22.2,19.7,18.3,23.1,23.3,20,21.5,50,50,112,112,TRUE
"4843","yellowr",2013,2013-06-23,174,21.5,24.2,23.9,22.2,19.7,18.3,23.1,23.3,22.1,50,50,112,112,TRUE
"4844","yellowr",2013,2013-06-24,175,21.7,25.55,24.2,23.9,22.2,19.7,18.3,23.1,22.4214285714286,50,50,112,112,TRUE
"4845","yellowr",2013,2013-06-25,176,21.9,23.85,25.55,24.2,23.9,22.2,19.7,18.3,22.5285714285714,50,50,112,112,TRUE
"4846","yellowr",2013,2013-06-26,177,21.6,25.85,23.85,25.55,24.2,23.9,22.2,19.7,23.6071428571429,50,50,112,112,TRUE
"4847","yellowr",2013,2013-06-27,178,21.5,22.5,25.85,23.85,25.55,24.2,23.9,22.2,24.0071428571429,50,50,112,112,TRUE
"4848","yellowr",2013,2013-06-28,179,22.2,24.45,22.5,25.85,23.85,25.55,24.2,23.9,24.3285714285714,50,50,112,112,TRUE
"4849","yellowr",2013,2013-06-29,180,21.6,21.1,24.45,22.5,25.85,23.85,25.55,24.2,23.9285714285714,50,50,112,112,TRUE
"4850","yellowr",2013,2013-06-30,181,20.7,20.25,21.1,24.45,22.5,25.85,23.85,25.55,23.3642857142857,50,50,112,112,TRUE
"4851","yellowr",2013,2013-07-01,182,19.7,20,20.25,21.1,24.45,22.5,25.85,23.85,22.5714285714286,50,50,112,112,TRUE
"4852","yellowr",2013,2013-07-02,183,18.7,19.15,20,20.25,21.1,24.45,22.5,25.85,21.9,50,50,112,112,TRUE
"4853","yellowr",2013,2013-07-03,184,18.6,18.35,19.15,20,20.25,21.1,24.45,22.5,20.8285714285714,50,50,112,112,TRUE
"4854","yellowr",2013,2013-07-04,185,19,19.7,18.35,19.15,20,20.25,21.1,24.45,20.4285714285714,50,50,112,112,TRUE
"4855","yellowr",2013,2013-07-05,186,20.1,22.2,19.7,18.35,19.15,20,20.25,21.1,20.1071428571429,50,50,112,112,TRUE
"4856","yellowr",2013,2013-07-06,187,20.3,21.1,22.2,19.7,18.35,19.15,20,20.25,20.1071428571429,50,50,112,112,TRUE
"4857","yellowr",2013,2013-07-07,188,20.7,23.05,21.1,22.2,19.7,18.35,19.15,20,20.5071428571429,50,50,112,112,TRUE
"4858","yellowr",2013,2013-07-08,189,20.8,23.6,23.05,21.1,22.2,19.7,18.35,19.15,21.0214285714286,50,50,112,112,TRUE
"4859","yellowr",2013,2013-07-09,190,21.1,24.7,23.6,23.05,21.1,22.2,19.7,18.35,21.8142857142857,50,50,112,112,TRUE
"4860","yellowr",2013,2013-07-10,191,21.1,25.55,24.7,23.6,23.05,21.1,22.2,19.7,22.8428571428571,50,50,112,112,TRUE
"4861","yellowr",2013,2013-07-11,192,20.5,22.2,25.55,24.7,23.6,23.05,21.1,22.2,23.2,50,50,112,112,TRUE
"4862","yellowr",2013,2013-07-12,193,20.7,19.45,22.2,25.55,24.7,23.6,23.05,21.1,22.8071428571429,50,50,112,112,TRUE
"4863","yellowr",2013,2013-07-13,194,21,20.25,19.45,22.2,25.55,24.7,23.6,23.05,22.6857142857143,50,50,112,112,TRUE
"4864","yellowr",2013,2013-07-14,195,22,20.25,20.25,19.45,22.2,25.55,24.7,23.6,22.2857142857143,50,50,112,112,TRUE
"4865","yellowr",2013,2013-07-15,196,23.1,23.9,20.25,20.25,19.45,22.2,25.55,24.7,22.3285714285714,50,50,112,112,TRUE
"4866","yellowr",2013,2013-07-16,197,23.9,24.45,23.9,20.25,20.25,19.45,22.2,25.55,22.2928571428571,50,50,112,112,TRUE
"4867","yellowr",2013,2013-07-17,198,24.4,25.55,24.45,23.9,20.25,20.25,19.45,22.2,22.2928571428571,50,50,112,112,TRUE
"4868","yellowr",2013,2013-07-18,199,24.8,25.8,25.55,24.45,23.9,20.25,20.25,19.45,22.8071428571429,50,50,112,112,TRUE
"4869","yellowr",2013,2013-07-19,200,25.3,26.4,25.8,25.55,24.45,23.9,20.25,20.25,23.8,50,50,112,112,TRUE
"4870","yellowr",2013,2013-07-20,201,25.4,27.5,26.4,25.8,25.55,24.45,23.9,20.25,24.8357142857143,50,50,112,112,TRUE
"4871","yellowr",2013,2013-07-21,202,24.3,22.2,27.5,26.4,25.8,25.55,24.45,23.9,25.1142857142857,50,50,112,112,TRUE
"4872","yellowr",2013,2013-07-22,203,23.7,22.2,22.2,27.5,26.4,25.8,25.55,24.45,24.8714285714286,50,50,112,112,TRUE
"4873","yellowr",2015,2015-04-02,92,10.6,11.95,5.85,7.8,1.4,-3.9,-6.4,1.4,2.58571428571429,49,49,112,112,TRUE
"4874","yellowr",2015,2015-04-03,93,10,10,11.95,5.85,7.8,1.4,-3.9,-6.4,3.81428571428571,49,49,112,112,TRUE
"4875","yellowr",2015,2015-04-04,94,9.4,4.45,10,11.95,5.85,7.8,1.4,-3.9,5.36428571428571,49,49,112,112,TRUE
"4876","yellowr",2015,2015-04-05,95,10.4,5,4.45,10,11.95,5.85,7.8,1.4,6.63571428571429,49,49,112,112,TRUE
"4877","yellowr",2015,2015-04-06,96,11,11.4,5,4.45,10,11.95,5.85,7.8,8.06428571428571,49,49,112,112,TRUE
"4878","yellowr",2015,2015-04-07,97,11.5,10.25,11.4,5,4.45,10,11.95,5.85,8.41428571428571,49,49,112,112,TRUE
"4879","yellowr",2015,2015-04-08,98,11.8,8.35,10.25,11.4,5,4.45,10,11.95,8.77142857142857,49,49,112,112,TRUE
"4880","yellowr",2015,2015-04-09,99,13.4,11.65,8.35,10.25,11.4,5,4.45,10,8.72857142857143,49,49,112,112,TRUE
"4881","yellowr",2015,2015-04-10,100,13.5,15.55,11.65,8.35,10.25,11.4,5,4.45,9.52142857142857,49,49,112,112,TRUE
"4882","yellowr",2015,2015-04-11,101,12.9,9.7,15.55,11.65,8.35,10.25,11.4,5,10.2714285714286,49,49,112,112,TRUE
"4883","yellowr",2015,2015-04-12,102,13.1,9.15,9.7,15.55,11.65,8.35,10.25,11.4,10.8642857142857,49,49,112,112,TRUE
"4884","yellowr",2015,2015-04-13,103,13.6,11.95,9.15,9.7,15.55,11.65,8.35,10.25,10.9428571428571,49,49,112,112,TRUE
"4885","yellowr",2015,2015-04-14,104,13.2,12.5,11.95,9.15,9.7,15.55,11.65,8.35,11.2642857142857,49,49,112,112,TRUE
"4886","yellowr",2015,2015-04-15,105,13.5,11.65,12.5,11.95,9.15,9.7,15.55,11.65,11.7357142857143,49,49,112,112,TRUE
"4887","yellowr",2015,2015-04-16,106,13.9,12.8,11.65,12.5,11.95,9.15,9.7,15.55,11.9,49,49,112,112,TRUE
"4888","yellowr",2015,2015-04-17,107,14.9,12.8,12.8,11.65,12.5,11.95,9.15,9.7,11.5071428571429,49,49,112,112,TRUE
"4889","yellowr",2015,2015-04-18,108,15.9,15.3,12.8,12.8,11.65,12.5,11.95,9.15,12.3071428571429,49,49,112,112,TRUE
"4890","yellowr",2015,2015-04-19,109,14.8,18.05,15.3,12.8,12.8,11.65,12.5,11.95,13.5785714285714,49,49,112,112,TRUE
"4891","yellowr",2015,2015-04-20,110,13.2,14.7,18.05,15.3,12.8,12.8,11.65,12.5,13.9714285714286,49,49,112,112,TRUE
"4892","yellowr",2015,2015-04-21,111,11.3,8.35,14.7,18.05,15.3,12.8,12.8,11.65,13.3785714285714,49,49,112,112,TRUE
"4893","yellowr",2015,2015-04-22,112,9.3,6.95,8.35,14.7,18.05,15.3,12.8,12.8,12.7071428571429,49,49,112,112,TRUE
"4894","yellowr",2015,2015-04-23,113,9.3,2.5,6.95,8.35,14.7,18.05,15.3,12.8,11.2357142857143,49,49,112,112,TRUE
"4895","yellowr",2015,2015-04-24,114,10.4,3.9,2.5,6.95,8.35,14.7,18.05,15.3,9.96428571428571,49,49,112,112,TRUE
"4896","yellowr",2015,2015-04-25,115,10.5,7.75,3.9,2.5,6.95,8.35,14.7,18.05,8.88571428571429,49,49,112,112,TRUE
"4897","yellowr",2015,2015-04-26,116,10.9,4.15,7.75,3.9,2.5,6.95,8.35,14.7,6.9,49,49,112,112,TRUE
"4898","yellowr",2015,2015-04-27,117,11.8,6.95,4.15,7.75,3.9,2.5,6.95,8.35,5.79285714285714,49,49,112,112,TRUE
"4899","yellowr",2015,2015-04-28,118,12.5,6.1,6.95,4.15,7.75,3.9,2.5,6.95,5.47142857142857,49,49,112,112,TRUE
"4900","yellowr",2015,2015-04-29,119,13.3,8.6,6.1,6.95,4.15,7.75,3.9,2.5,5.70714285714286,49,49,112,112,TRUE
"4901","yellowr",2015,2015-04-30,120,13.2,9.45,8.6,6.1,6.95,4.15,7.75,3.9,6.7,49,49,112,112,TRUE
"4902","yellowr",2015,2015-05-01,121,13.8,6.95,9.45,8.6,6.1,6.95,4.15,7.75,7.13571428571429,49,49,112,112,TRUE
"4903","yellowr",2015,2015-05-02,122,15.6,10.85,6.95,9.45,8.6,6.1,6.95,4.15,7.57857142857143,49,49,112,112,TRUE
"4904","yellowr",2015,2015-05-03,123,16.7,16.1,10.85,6.95,9.45,8.6,6.1,6.95,9.28571428571429,49,49,112,112,TRUE
"4905","yellowr",2015,2015-05-04,124,17.1,18.3,16.1,10.85,6.95,9.45,8.6,6.1,10.9071428571429,49,49,112,112,TRUE
"4906","yellowr",2015,2015-05-05,125,17.7,18.3,18.3,16.1,10.85,6.95,9.45,8.6,12.65,49,49,112,112,TRUE
"4907","yellowr",2015,2015-05-06,126,18.6,17.75,18.3,18.3,16.1,10.85,6.95,9.45,13.9571428571429,49,49,112,112,TRUE
"4908","yellowr",2015,2015-05-07,127,19.3,20,17.75,18.3,18.3,16.1,10.85,6.95,15.4642857142857,49,49,112,112,TRUE
"4909","yellowr",2015,2015-05-08,128,19.4,22.25,20,17.75,18.3,18.3,16.1,10.85,17.65,49,49,112,112,TRUE
"4910","yellowr",2015,2015-05-09,129,19.4,23.05,22.25,20,17.75,18.3,18.3,16.1,19.3928571428571,49,49,112,112,TRUE
"4911","yellowr",2015,2015-05-10,130,18.6,18.3,23.05,22.25,20,17.75,18.3,18.3,19.7071428571429,49,49,112,112,TRUE
"4912","yellowr",2015,2015-05-11,131,18,20.55,18.3,23.05,22.25,20,17.75,18.3,20.0285714285714,49,49,112,112,TRUE
"4913","yellowr",2015,2015-05-12,132,15.7,15.3,20.55,18.3,23.05,22.25,20,17.75,19.6,49,49,112,112,TRUE
"4914","yellowr",2015,2015-05-13,133,14.5,8.6,15.3,20.55,18.3,23.05,22.25,20,18.2928571428571,49,49,112,112,TRUE
"4915","yellowr",2015,2015-05-14,134,13.9,10.25,8.6,15.3,20.55,18.3,23.05,22.25,16.9,49,49,112,112,TRUE
"4916","yellowr",2015,2015-05-15,135,15.6,11.65,10.25,8.6,15.3,20.55,18.3,23.05,15.3857142857143,49,49,112,112,TRUE
"4917","yellowr",2015,2015-05-16,136,17,20.55,11.65,10.25,8.6,15.3,20.55,18.3,15.0285714285714,49,49,112,112,TRUE
"4918","yellowr",2015,2015-05-17,137,18,22.5,20.55,11.65,10.25,8.6,15.3,20.55,15.6285714285714,49,49,112,112,TRUE
"4919","yellowr",2015,2015-05-18,138,19.5,21.65,22.5,20.55,11.65,10.25,8.6,15.3,15.7857142857143,49,49,112,112,TRUE
"4920","yellowr",2015,2015-05-19,139,16.7,18.05,21.65,22.5,20.55,11.65,10.25,8.6,16.1785714285714,49,49,112,112,TRUE
"4921","yellowr",2015,2015-05-20,140,13.7,6.4,18.05,21.65,22.5,20.55,11.65,10.25,15.8642857142857,49,49,112,112,TRUE
"4922","yellowr",2015,2015-05-21,141,13.4,7.2,6.4,18.05,21.65,22.5,20.55,11.65,15.4285714285714,49,49,112,112,TRUE
"4923","yellowr",2015,2015-05-22,142,14.8,11.95,7.2,6.4,18.05,21.65,22.5,20.55,15.4714285714286,49,49,112,112,TRUE
"4924","yellowr",2015,2015-05-23,143,16.4,14.7,11.95,7.2,6.4,18.05,21.65,22.5,14.6357142857143,49,49,112,112,TRUE
"4925","yellowr",2015,2015-05-24,144,17.2,16.95,14.7,11.95,7.2,6.4,18.05,21.65,13.8428571428571,49,49,112,112,TRUE
"4926","yellowr",2015,2015-05-25,145,18.8,21.1,16.95,14.7,11.95,7.2,6.4,18.05,13.7642857142857,49,49,112,112,TRUE
"4927","yellowr",2015,2015-05-26,146,19.2,23.35,21.1,16.95,14.7,11.95,7.2,6.4,14.5214285714286,49,49,112,112,TRUE
"4928","yellowr",2015,2015-05-27,147,19.2,22.75,23.35,21.1,16.95,14.7,11.95,7.2,16.8571428571429,49,49,112,112,TRUE
"4929","yellowr",2015,2015-05-28,148,19.7,18.65,22.75,23.35,21.1,16.95,14.7,11.95,18.4928571428571,49,49,112,112,TRUE
"4930","yellowr",2015,2015-05-29,149,20.8,19.45,18.65,22.75,23.35,21.1,16.95,14.7,19.5642857142857,49,49,112,112,TRUE
"4931","yellowr",2015,2015-05-30,150,20.2,22.75,19.45,18.65,22.75,23.35,21.1,16.95,20.7142857142857,49,49,112,112,TRUE
"4932","yellowr",2015,2015-05-31,151,17.5,17.2,22.75,19.45,18.65,22.75,23.35,21.1,20.75,49,49,112,112,TRUE
"4933","yellowr",2015,2015-06-01,152,16.1,11.4,17.2,22.75,19.45,18.65,22.75,23.35,19.3642857142857,49,49,112,112,TRUE
"4934","yellowr",2015,2015-06-02,153,15.6,12.75,11.4,17.2,22.75,19.45,18.65,22.75,17.85,49,49,112,112,TRUE
"4935","yellowr",2015,2015-06-03,154,16.7,14.2,12.75,11.4,17.2,22.75,19.45,18.65,16.6285714285714,49,49,112,112,TRUE
"4936","yellowr",2015,2015-06-04,155,17.9,16.4,14.2,12.75,11.4,17.2,22.75,19.45,16.3071428571429,49,49,112,112,TRUE
"4937","yellowr",2015,2015-06-05,156,19.3,19.45,16.4,14.2,12.75,11.4,17.2,22.75,16.3071428571429,49,49,112,112,TRUE
"4938","yellowr",2015,2015-06-06,157,19.5,20.55,19.45,16.4,14.2,12.75,11.4,17.2,15.9928571428571,49,49,112,112,TRUE
"4939","yellowr",2015,2015-06-07,158,18.8,18.9,20.55,19.45,16.4,14.2,12.75,11.4,16.2357142857143,49,49,112,112,TRUE
"4940","yellowr",2015,2015-06-08,159,18.9,19.45,18.9,20.55,19.45,16.4,14.2,12.75,17.3857142857143,49,49,112,112,TRUE
"4941","yellowr",2015,2015-06-09,160,18.3,20.55,19.45,18.9,20.55,19.45,16.4,14.2,18.5,49,49,112,112,TRUE
"4942","yellowr",2015,2015-06-10,161,19,20,20.55,19.45,18.9,20.55,19.45,16.4,19.3285714285714,49,49,112,112,TRUE
"4943","yellowr",2015,2015-06-11,162,20.2,25.85,20,20.55,19.45,18.9,20.55,19.45,20.6785714285714,49,49,112,112,TRUE
"4944","yellowr",2015,2015-06-12,163,20.5,25.8,25.85,20,20.55,19.45,18.9,20.55,21.5857142857143,49,49,112,112,TRUE
"4945","yellowr",2015,2015-06-13,164,20.4,22.8,25.8,25.85,20,20.55,19.45,18.9,21.9071428571429,49,49,112,112,TRUE
"4946","yellowr",2015,2015-06-14,165,20.9,25.85,22.8,25.8,25.85,20,20.55,19.45,22.9,49,49,112,112,TRUE
"4947","yellowr",2015,2015-06-15,166,21.2,25.25,25.85,22.8,25.8,25.85,20,20.55,23.7285714285714,49,49,112,112,TRUE
"4948","yellowr",2015,2015-06-16,167,21.4,23.05,25.25,25.85,22.8,25.8,25.85,20,24.0857142857143,49,49,112,112,TRUE
"4949","yellowr",2015,2015-06-17,168,20.6,20.55,23.05,25.25,25.85,22.8,25.8,25.85,24.1642857142857,49,49,112,112,TRUE
"4950","yellowr",2015,2015-06-18,169,20.9,20,20.55,23.05,25.25,25.85,22.8,25.8,23.3285714285714,49,49,112,112,TRUE
"4951","yellowr",2015,2015-06-19,170,20.8,23.3,20,20.55,23.05,25.25,25.85,22.8,22.9714285714286,49,49,112,112,TRUE
"4952","yellowr",2015,2015-06-20,171,20.5,19.15,23.3,20,20.55,23.05,25.25,25.85,22.45,49,49,112,112,TRUE
"4953","yellowr",2015,2015-06-21,172,20.6,22.5,19.15,23.3,20,20.55,23.05,25.25,21.9714285714286,49,49,112,112,TRUE
"4954","yellowr",2015,2015-06-22,173,21.1,23.85,22.5,19.15,23.3,20,20.55,23.05,21.7714285714286,49,49,112,112,TRUE
"4955","yellowr",2015,2015-06-23,174,21.6,24.45,23.85,22.5,19.15,23.3,20,20.55,21.9714285714286,49,49,112,112,TRUE
"4956","yellowr",2015,2015-06-24,175,20.5,18.85,24.45,23.85,22.5,19.15,23.3,20,21.7285714285714,49,49,112,112,TRUE
"4957","yellowr",2015,2015-06-25,176,20.1,19.75,18.85,24.45,23.85,22.5,19.15,23.3,21.6928571428571,49,49,112,112,TRUE
"4958","yellowr",2015,2015-06-26,177,19.3,22.8,19.75,18.85,24.45,23.85,22.5,19.15,21.6214285714286,49,49,112,112,TRUE
"4959","yellowr",2015,2015-06-27,178,18.3,17.8,22.8,19.75,18.85,24.45,23.85,22.5,21.4285714285714,49,49,112,112,TRUE
"4960","yellowr",2015,2015-06-28,179,18.1,16.15,17.8,22.8,19.75,18.85,24.45,23.85,20.5214285714286,49,49,112,112,TRUE
"4961","yellowr",2015,2015-06-29,180,18.4,19.45,16.15,17.8,22.8,19.75,18.85,24.45,19.8928571428571,49,49,112,112,TRUE
"4962","yellowr",2015,2015-06-30,181,19,17.8,19.45,16.15,17.8,22.8,19.75,18.85,18.9428571428571,49,49,112,112,TRUE
"4963","yellowr",2015,2015-07-01,182,18.6,18.9,17.8,19.45,16.15,17.8,22.8,19.75,18.95,49,49,112,112,TRUE
"4964","yellowr",2015,2015-07-02,183,18.6,16.65,18.9,17.8,19.45,16.15,17.8,22.8,18.5071428571429,49,49,112,112,TRUE
"4965","yellowr",2015,2015-07-03,184,18.8,17.8,16.65,18.9,17.8,19.45,16.15,17.8,17.7928571428571,49,49,112,112,TRUE
"4966","yellowr",2015,2015-07-04,185,19,18.05,17.8,16.65,18.9,17.8,19.45,16.15,17.8285714285714,49,49,112,112,TRUE
"4967","yellowr",2015,2015-07-05,186,19.6,20.55,18.05,17.8,16.65,18.9,17.8,19.45,18.4571428571429,49,49,112,112,TRUE
"4968","yellowr",2015,2015-07-06,187,20.1,21.35,20.55,18.05,17.8,16.65,18.9,17.8,18.7285714285714,49,49,112,112,TRUE
"4969","yellowr",2015,2015-07-07,188,20,22.75,21.35,20.55,18.05,17.8,16.65,18.9,19.4357142857143,49,49,112,112,TRUE
"4970","yellowr",2015,2015-07-08,189,18.2,16.95,22.75,21.35,20.55,18.05,17.8,16.65,19.1571428571429,49,49,112,112,TRUE
"4971","yellowr",2015,2015-07-09,190,17.8,15.55,16.95,22.75,21.35,20.55,18.05,17.8,19,49,49,112,112,TRUE
"4972","yellowr",2015,2015-07-10,191,17.9,17.2,15.55,16.95,22.75,21.35,20.55,18.05,18.9142857142857,49,49,112,112,TRUE
"4973","yellowr",2015,2015-07-11,192,18.6,18.65,17.2,15.55,16.95,22.75,21.35,20.55,19,49,49,112,112,TRUE
"4974","yellowr",2015,2015-07-12,193,19.5,20.85,18.65,17.2,15.55,16.95,22.75,21.35,19.0428571428571,49,49,112,112,TRUE
"4975","yellowr",2015,2015-07-13,194,20.2,21.65,20.85,18.65,17.2,15.55,16.95,22.75,19.0857142857143,49,49,112,112,TRUE
"4976","yellowr",2015,2015-07-14,195,20.9,23.05,21.65,20.85,18.65,17.2,15.55,16.95,19.1285714285714,49,49,112,112,TRUE
"4977","yellowr",2015,2015-07-15,196,20.6,20.85,23.05,21.65,20.85,18.65,17.2,15.55,19.6857142857143,49,49,112,112,TRUE
"4978","yellowr",2015,2015-07-16,197,20.2,20.55,20.85,23.05,21.65,20.85,18.65,17.2,20.4,49,49,112,112,TRUE
"4979","yellowr",2015,2015-07-17,198,20.6,19.7,20.55,20.85,23.05,21.65,20.85,18.65,20.7571428571429,49,49,112,112,TRUE
"4980","yellowr",2015,2015-07-18,199,20.8,26.35,19.7,20.55,20.85,23.05,21.65,20.85,21.8571428571429,49,49,112,112,TRUE
"4981","yellowr",2015,2015-07-19,200,21.7,26.4,26.35,19.7,20.55,20.85,23.05,21.65,22.65,49,49,112,112,TRUE
"4982","yellowr",2015,2015-07-20,201,22.1,23.6,26.4,26.35,19.7,20.55,20.85,23.05,22.9285714285714,49,49,112,112,TRUE
"4983","yellowr",2015,2015-07-21,202,22.4,22.75,23.6,26.4,26.35,19.7,20.55,20.85,22.8857142857143,49,49,112,112,TRUE
"4984","yellowr",2015,2015-07-22,203,21.7,20,22.75,23.6,26.4,26.35,19.7,20.55,22.7642857142857,49,49,112,112,TRUE
"4985","yellowr",2016,2016-04-01,92,11,11.35,9.75,5.25,2.5,12.5,5.8,3.3,7.20714285714286,46,46,112,112,TRUE
"4986","yellowr",2016,2016-04-02,93,8.7,4.15,11.35,9.75,5.25,2.5,12.5,5.8,7.32857142857143,46,46,112,112,TRUE
"4987","yellowr",2016,2016-04-03,94,7.5,-0.25,4.15,11.35,9.75,5.25,2.5,12.5,6.46428571428571,46,46,112,112,TRUE
"4988","yellowr",2016,2016-04-04,95,7.5,6.4,-0.25,4.15,11.35,9.75,5.25,2.5,5.59285714285714,46,46,112,112,TRUE
"4989","yellowr",2016,2016-04-05,96,7.4,-1.7,6.4,-0.25,4.15,11.35,9.75,5.25,4.99285714285714,46,46,112,112,TRUE
"4990","yellowr",2016,2016-04-06,97,7.4,0.8,-1.7,6.4,-0.25,4.15,11.35,9.75,4.35714285714286,46,46,112,112,TRUE
"4991","yellowr",2016,2016-04-07,98,7.7,6.95,0.8,-1.7,6.4,-0.25,4.15,11.35,3.95714285714286,46,46,112,112,TRUE
"4992","yellowr",2016,2016-04-08,99,7,2.8,6.95,0.8,-1.7,6.4,-0.25,4.15,2.73571428571429,46,46,112,112,TRUE
"4993","yellowr",2016,2016-04-09,100,6.2,0.55,2.8,6.95,0.8,-1.7,6.4,-0.25,2.22142857142857,46,46,112,112,TRUE
"4994","yellowr",2016,2016-04-10,101,5.9,-1.35,0.55,2.8,6.95,0.8,-1.7,6.4,2.06428571428571,46,46,112,112,TRUE
"4995","yellowr",2016,2016-04-11,102,7.8,4.4,-1.35,0.55,2.8,6.95,0.8,-1.7,1.77857142857143,46,46,112,112,TRUE
"4996","yellowr",2016,2016-04-12,103,8.5,5.25,4.4,-1.35,0.55,2.8,6.95,0.8,2.77142857142857,46,46,112,112,TRUE
"4997","yellowr",2016,2016-04-13,104,9.5,3.05,5.25,4.4,-1.35,0.55,2.8,6.95,3.09285714285714,46,46,112,112,TRUE
"4998","yellowr",2016,2016-04-14,105,10.8,6.9,3.05,5.25,4.4,-1.35,0.55,2.8,3.08571428571429,46,46,112,112,TRUE
"4999","yellowr",2016,2016-04-15,106,12,8.9,6.9,3.05,5.25,4.4,-1.35,0.55,3.95714285714286,46,46,112,112,TRUE
"5000","yellowr",2016,2016-04-16,107,13.6,12.8,8.9,6.9,3.05,5.25,4.4,-1.35,5.70714285714286,46,46,112,112,TRUE
"5001","yellowr",2016,2016-04-17,108,15.1,16.15,12.8,8.9,6.9,3.05,5.25,4.4,8.20714285714286,46,46,112,112,TRUE
"5002","yellowr",2016,2016-04-18,109,16.1,17.5,16.15,12.8,8.9,6.9,3.05,5.25,10.0785714285714,46,46,112,112,TRUE
"5003","yellowr",2016,2016-04-19,110,16.4,18.9,17.5,16.15,12.8,8.9,6.9,3.05,12.0285714285714,46,46,112,112,TRUE
"5004","yellowr",2016,2016-04-20,111,15.6,16.1,18.9,17.5,16.15,12.8,8.9,6.9,13.8928571428571,46,46,112,112,TRUE
"5005","yellowr",2016,2016-04-21,112,15.5,15.8,16.1,18.9,17.5,16.15,12.8,8.9,15.1642857142857,46,46,112,112,TRUE
"5006","yellowr",2016,2016-04-22,113,14.4,14.75,15.8,16.1,18.9,17.5,16.15,12.8,16,46,46,112,112,TRUE
"5007","yellowr",2016,2016-04-23,114,14.6,8.6,14.75,15.8,16.1,18.9,17.5,16.15,15.4,46,46,112,112,TRUE
"5008","yellowr",2016,2016-04-24,115,15.4,10,8.6,14.75,15.8,16.1,18.9,17.5,14.5214285714286,46,46,112,112,TRUE
"5009","yellowr",2016,2016-04-25,116,16.4,15,10,8.6,14.75,15.8,16.1,18.9,14.1642857142857,46,46,112,112,TRUE
"5010","yellowr",2016,2016-04-26,117,16.7,20.3,15,10,8.6,14.75,15.8,16.1,14.3642857142857,46,46,112,112,TRUE
"5011","yellowr",2016,2016-04-27,118,15,11.95,20.3,15,10,8.6,14.75,15.8,13.7714285714286,46,46,112,112,TRUE
"5012","yellowr",2016,2016-04-28,119,13.3,10,11.95,20.3,15,10,8.6,14.75,12.9428571428571,46,46,112,112,TRUE
"5013","yellowr",2016,2016-04-29,120,12.6,9.2,10,11.95,20.3,15,10,8.6,12.15,46,46,112,112,TRUE
"5014","yellowr",2016,2016-04-30,121,11.4,8.65,9.2,10,11.95,20.3,15,10,12.1571428571429,46,46,112,112,TRUE
"5015","yellowr",2016,2016-05-01,122,11.4,7.5,8.65,9.2,10,11.95,20.3,15,11.8,46,46,112,112,TRUE
"5016","yellowr",2016,2016-05-02,123,11.7,10.25,7.5,8.65,9.2,10,11.95,20.3,11.1214285714286,46,46,112,112,TRUE
"5017","yellowr",2016,2016-05-03,124,12.6,8.9,10.25,7.5,8.65,9.2,10,11.95,9.49285714285714,46,46,112,112,TRUE
"5018","yellowr",2016,2016-05-04,125,12.5,12.8,8.9,10.25,7.5,8.65,9.2,10,9.61428571428571,46,46,112,112,TRUE
"5019","yellowr",2016,2016-05-05,126,12.6,6.1,12.8,8.9,10.25,7.5,8.65,9.2,9.05714285714286,46,46,112,112,TRUE
"5020","yellowr",2016,2016-05-06,127,12.9,10.55,6.1,12.8,8.9,10.25,7.5,8.65,9.25,46,46,112,112,TRUE
"5021","yellowr",2016,2016-05-07,128,14.4,13.3,10.55,6.1,12.8,8.9,10.25,7.5,9.91428571428571,46,46,112,112,TRUE
"5022","yellowr",2016,2016-05-08,129,14.1,11.4,13.3,10.55,6.1,12.8,8.9,10.25,10.4714285714286,46,46,112,112,TRUE
"5023","yellowr",2016,2016-05-09,130,13.5,11.15,11.4,13.3,10.55,6.1,12.8,8.9,10.6,46,46,112,112,TRUE
"5024","yellowr",2016,2016-05-10,131,13.3,11.1,11.15,11.4,13.3,10.55,6.1,12.8,10.9142857142857,46,46,112,112,TRUE
"5025","yellowr",2016,2016-05-11,132,14,15.25,11.1,11.15,11.4,13.3,10.55,6.1,11.2642857142857,46,46,112,112,TRUE
"5026","yellowr",2016,2016-05-12,133,14.6,17.8,15.25,11.1,11.15,11.4,13.3,10.55,12.9357142857143,46,46,112,112,TRUE
"5027","yellowr",2016,2016-05-13,134,15.2,15.55,17.8,15.25,11.1,11.15,11.4,13.3,13.65,46,46,112,112,TRUE
"5028","yellowr",2016,2016-05-14,135,14,13.05,15.55,17.8,15.25,11.1,11.15,11.4,13.6142857142857,46,46,112,112,TRUE
"5029","yellowr",2016,2016-05-15,136,12.5,3.9,13.05,15.55,17.8,15.25,11.1,11.15,12.5428571428571,46,46,112,112,TRUE
"5030","yellowr",2016,2016-05-16,137,11.7,5.85,3.9,13.05,15.55,17.8,15.25,11.1,11.7857142857143,46,46,112,112,TRUE
"5031","yellowr",2016,2016-05-17,138,12.9,11.65,5.85,3.9,13.05,15.55,17.8,15.25,11.8642857142857,46,46,112,112,TRUE
"5032","yellowr",2016,2016-05-18,139,13.7,10,11.65,5.85,3.9,13.05,15.55,17.8,11.1142857142857,46,46,112,112,TRUE
"5033","yellowr",2016,2016-05-19,140,14.7,11.1,10,11.65,5.85,3.9,13.05,15.55,10.1571428571429,46,46,112,112,TRUE
"5034","yellowr",2016,2016-05-20,141,14.7,12.75,11.1,10,11.65,5.85,3.9,13.05,9.75714285714286,46,46,112,112,TRUE
"5035","yellowr",2016,2016-05-21,142,15.9,13.3,12.75,11.1,10,11.65,5.85,3.9,9.79285714285714,46,46,112,112,TRUE
"5036","yellowr",2016,2016-05-22,143,16.6,15.85,13.3,12.75,11.1,10,11.65,5.85,11.5,46,46,112,112,TRUE
"5037","yellowr",2016,2016-05-23,144,17.4,15.85,15.85,13.3,12.75,11.1,10,11.65,12.9285714285714,46,46,112,112,TRUE
"5038","yellowr",2016,2016-05-24,145,18.2,16.4,15.85,15.85,13.3,12.75,11.1,10,13.6071428571429,46,46,112,112,TRUE
"5039","yellowr",2016,2016-05-25,146,19.7,20.55,16.4,15.85,15.85,13.3,12.75,11.1,15.1142857142857,46,46,112,112,TRUE
"5040","yellowr",2016,2016-05-26,147,20.4,23.6,20.55,16.4,15.85,15.85,13.3,12.75,16.9,46,46,112,112,TRUE
"5041","yellowr",2016,2016-05-27,148,20.5,22.8,23.6,20.55,16.4,15.85,15.85,13.3,18.3357142857143,46,46,112,112,TRUE
"5042","yellowr",2016,2016-05-28,149,20.8,23.9,22.8,23.6,20.55,16.4,15.85,15.85,19.85,46,46,112,112,TRUE
"5043","yellowr",2016,2016-05-29,150,21.3,23.6,23.9,22.8,23.6,20.55,16.4,15.85,20.9571428571429,46,46,112,112,TRUE
"5044","yellowr",2016,2016-05-30,151,21.4,21.95,23.6,23.9,22.8,23.6,20.55,16.4,21.8285714285714,46,46,112,112,TRUE
"5045","yellowr",2016,2016-05-31,152,20.9,23.35,21.95,23.6,23.9,22.8,23.6,20.55,22.8214285714286,46,46,112,112,TRUE
"5046","yellowr",2016,2016-06-01,153,20,23.6,23.35,21.95,23.6,23.9,22.8,23.6,23.2571428571429,46,46,112,112,TRUE
"5047","yellowr",2016,2016-06-02,154,20.2,20.85,23.6,23.35,21.95,23.6,23.9,22.8,22.8642857142857,46,46,112,112,TRUE
"5048","yellowr",2016,2016-06-03,155,19.9,19.7,20.85,23.6,23.35,21.95,23.6,23.9,22.4214285714286,46,46,112,112,TRUE
"5049","yellowr",2016,2016-06-04,156,19,19.45,19.7,20.85,23.6,23.35,21.95,23.6,21.7857142857143,46,46,112,112,TRUE
"5050","yellowr",2016,2016-06-05,157,18.8,19.45,19.45,19.7,20.85,23.6,23.35,21.95,21.1928571428571,46,46,112,112,TRUE
"5051","yellowr",2016,2016-06-06,158,19.4,19.75,19.45,19.45,19.7,20.85,23.6,23.35,20.8785714285714,46,46,112,112,TRUE
"5052","yellowr",2016,2016-06-07,159,18.1,20.25,19.75,19.45,19.45,19.7,20.85,23.6,20.4357142857143,46,46,112,112,TRUE
"5053","yellowr",2016,2016-06-08,160,18,12.75,20.25,19.75,19.45,19.45,19.7,20.85,18.8857142857143,46,46,112,112,TRUE
"5054","yellowr",2016,2016-06-09,161,17.3,14.2,12.75,20.25,19.75,19.45,19.45,19.7,17.9357142857143,46,46,112,112,TRUE
"5055","yellowr",2016,2016-06-10,162,19.2,16.4,14.2,12.75,20.25,19.75,19.45,19.45,17.4642857142857,46,46,112,112,TRUE
"5056","yellowr",2016,2016-06-11,163,21.6,26.1,16.4,14.2,12.75,20.25,19.75,19.45,18.4142857142857,46,46,112,112,TRUE
"5057","yellowr",2016,2016-06-12,164,22.1,27.2,26.1,16.4,14.2,12.75,20.25,19.75,19.5214285714286,46,46,112,112,TRUE
"5058","yellowr",2016,2016-06-13,165,21.1,18.05,27.2,26.1,16.4,14.2,12.75,20.25,19.2785714285714,46,46,112,112,TRUE
"5059","yellowr",2016,2016-06-14,166,21.4,20.85,18.05,27.2,26.1,16.4,14.2,12.75,19.3642857142857,46,46,112,112,TRUE
"5060","yellowr",2016,2016-06-15,167,22.2,20.8,20.85,18.05,27.2,26.1,16.4,14.2,20.5142857142857,46,46,112,112,TRUE
"5061","yellowr",2016,2016-06-16,168,21.6,26.65,20.8,20.85,18.05,27.2,26.1,16.4,22.2928571428571,46,46,112,112,TRUE
"5062","yellowr",2016,2016-06-17,169,21.5,18.35,26.65,20.8,20.85,18.05,27.2,26.1,22.5714285714286,46,46,112,112,TRUE
"5063","yellowr",2016,2016-06-18,170,22.1,21.65,18.35,26.65,20.8,20.85,18.05,27.2,21.9357142857143,46,46,112,112,TRUE
"5064","yellowr",2016,2016-06-19,171,22.8,21.95,21.65,18.35,26.65,20.8,20.85,18.05,21.1857142857143,46,46,112,112,TRUE
"5065","yellowr",2016,2016-06-20,172,23.4,27.8,21.95,21.65,18.35,26.65,20.8,20.85,22.5785714285714,46,46,112,112,TRUE
"5066","yellowr",2016,2016-06-21,173,23.4,24.15,27.8,21.95,21.65,18.35,26.65,20.8,23.05,46,46,112,112,TRUE
"5067","yellowr",2016,2016-06-22,174,21.8,20.8,24.15,27.8,21.95,21.65,18.35,26.65,23.05,46,46,112,112,TRUE
"5068","yellowr",2016,2016-06-23,175,21.7,21.4,20.8,24.15,27.8,21.95,21.65,18.35,22.3,46,46,112,112,TRUE
"5069","yellowr",2016,2016-06-24,176,21.7,23.05,21.4,20.8,24.15,27.8,21.95,21.65,22.9714285714286,46,46,112,112,TRUE
"5070","yellowr",2016,2016-06-25,177,22.3,22.2,23.05,21.4,20.8,24.15,27.8,21.95,23.05,46,46,112,112,TRUE
"5071","yellowr",2016,2016-06-26,178,23,23.6,22.2,23.05,21.4,20.8,24.15,27.8,23.2857142857143,46,46,112,112,TRUE
"5072","yellowr",2016,2016-06-27,179,23.1,25.85,23.6,22.2,23.05,21.4,20.8,24.15,23.0071428571429,46,46,112,112,TRUE
"5073","yellowr",2016,2016-06-28,180,21.8,24.45,25.85,23.6,22.2,23.05,21.4,20.8,23.05,46,46,112,112,TRUE
"5074","yellowr",2016,2016-06-29,181,20.5,13.6,24.45,25.85,23.6,22.2,23.05,21.4,22.0214285714286,46,46,112,112,TRUE
"5075","yellowr",2016,2016-06-30,182,19.9,16.95,13.6,24.45,25.85,23.6,22.2,23.05,21.3857142857143,46,46,112,112,TRUE
"5076","yellowr",2016,2016-07-01,183,20.3,18.35,16.95,13.6,24.45,25.85,23.6,22.2,20.7142857142857,46,46,112,112,TRUE
"5077","yellowr",2016,2016-07-02,184,19.1,15.3,18.35,16.95,13.6,24.45,25.85,23.6,19.7285714285714,46,46,112,112,TRUE
"5078","yellowr",2016,2016-07-03,185,18.5,16.1,15.3,18.35,16.95,13.6,24.45,25.85,18.6571428571429,46,46,112,112,TRUE
"5079","yellowr",2016,2016-07-04,186,18.7,17.5,16.1,15.3,18.35,16.95,13.6,24.45,17.4642857142857,46,46,112,112,TRUE
"5080","yellowr",2016,2016-07-05,187,19.7,20.25,17.5,16.1,15.3,18.35,16.95,13.6,16.8642857142857,46,46,112,112,TRUE
"5081","yellowr",2016,2016-07-06,188,21.2,24.2,20.25,17.5,16.1,15.3,18.35,16.95,18.3785714285714,46,46,112,112,TRUE
"5082","yellowr",2016,2016-07-07,189,22.1,25,24.2,20.25,17.5,16.1,15.3,18.35,19.5285714285714,46,46,112,112,TRUE
"5083","yellowr",2016,2016-07-08,190,23.1,24.7,25,24.2,20.25,17.5,16.1,15.3,20.4357142857143,46,46,112,112,TRUE
"5084","yellowr",2016,2016-07-09,191,22.4,24.45,24.7,25,24.2,20.25,17.5,16.1,21.7428571428571,46,46,112,112,TRUE
"5085","yellowr",2016,2016-07-10,192,21.6,18.6,24.45,24.7,25,24.2,20.25,17.5,22.1,46,46,112,112,TRUE
"5086","yellowr",2016,2016-07-11,193,22.7,21.1,18.6,24.45,24.7,25,24.2,20.25,22.6142857142857,46,46,112,112,TRUE
"5087","yellowr",2016,2016-07-12,194,23.5,24.45,21.1,18.6,24.45,24.7,25,24.2,23.2142857142857,46,46,112,112,TRUE
"5088","yellowr",2016,2016-07-13,195,23.5,25.85,24.45,21.1,18.6,24.45,24.7,25,23.45,46,46,112,112,TRUE
"5089","yellowr",2016,2016-07-14,196,24,25.25,25.85,24.45,21.1,18.6,24.45,24.7,23.4857142857143,46,46,112,112,TRUE
"5090","yellowr",2016,2016-07-15,197,23.5,24.7,25.25,25.85,24.45,21.1,18.6,24.45,23.4857142857143,46,46,112,112,TRUE
"5091","yellowr",2016,2016-07-16,198,22.5,20,24.7,25.25,25.85,24.45,21.1,18.6,22.85,46,46,112,112,TRUE
"5092","yellowr",2016,2016-07-17,199,20.8,19.2,20,24.7,25.25,25.85,24.45,21.1,22.9357142857143,46,46,112,112,TRUE
"5093","yellowr",2016,2016-07-18,200,21.6,21.1,19.2,20,24.7,25.25,25.85,24.45,22.9357142857143,46,46,112,112,TRUE
"5094","yellowr",2016,2016-07-19,201,22.4,22.75,21.1,19.2,20,24.7,25.25,25.85,22.6928571428571,46,46,112,112,TRUE
"5095","yellowr",2016,2016-07-20,202,23.4,23.9,22.75,21.1,19.2,20,24.7,25.25,22.4142857142857,46,46,112,112,TRUE
"5096","yellowr",2016,2016-07-21,203,23.4,24.75,23.9,22.75,21.1,19.2,20,24.7,22.3428571428571,46,46,112,112,TRUE
"5097","yellowr",2017,2017-04-02,92,9,6.4,3.35,6.65,7.5,5,9.4,11.65,7.13571428571429,47,47,112,112,TRUE
"5098","yellowr",2017,2017-04-03,93,10.3,8.9,6.4,3.35,6.65,7.5,5,9.4,6.74285714285714,47,47,112,112,TRUE
"5099","yellowr",2017,2017-04-04,94,10.3,11.4,8.9,6.4,3.35,6.65,7.5,5,7.02857142857143,47,47,112,112,TRUE
"5100","yellowr",2017,2017-04-05,95,9.5,7.25,11.4,8.9,6.4,3.35,6.65,7.5,7.35,47,47,112,112,TRUE
"5101","yellowr",2017,2017-04-06,96,7.7,3.6,7.25,11.4,8.9,6.4,3.35,6.65,6.79285714285714,47,47,112,112,TRUE
"5102","yellowr",2017,2017-04-07,97,7.2,3.65,3.6,7.25,11.4,8.9,6.4,3.35,6.36428571428571,47,47,112,112,TRUE
"5103","yellowr",2017,2017-04-08,98,8.1,3.3,3.65,3.6,7.25,11.4,8.9,6.4,6.35714285714286,47,47,112,112,TRUE
"5104","yellowr",2017,2017-04-09,99,10.6,8.05,3.3,3.65,3.6,7.25,11.4,8.9,6.59285714285714,47,47,112,112,TRUE
"5105","yellowr",2017,2017-04-10,100,13.1,17.8,8.05,3.3,3.65,3.6,7.25,11.4,7.86428571428571,47,47,112,112,TRUE
"5106","yellowr",2017,2017-04-11,101,13.3,15,17.8,8.05,3.3,3.65,3.6,7.25,8.37857142857143,47,47,112,112,TRUE
"5107","yellowr",2017,2017-04-12,102,12.7,7.25,15,17.8,8.05,3.3,3.65,3.6,8.37857142857143,47,47,112,112,TRUE
"5108","yellowr",2017,2017-04-13,103,12.1,8.35,7.25,15,17.8,8.05,3.3,3.65,9.05714285714286,47,47,112,112,TRUE
"5109","yellowr",2017,2017-04-14,104,12.4,10.3,8.35,7.25,15,17.8,8.05,3.3,10.0071428571429,47,47,112,112,TRUE
"5110","yellowr",2017,2017-04-15,105,14.6,14.45,10.3,8.35,7.25,15,17.8,8.05,11.6,47,47,112,112,TRUE
"5111","yellowr",2017,2017-04-16,106,15.8,20.25,14.45,10.3,8.35,7.25,15,17.8,13.3428571428571,47,47,112,112,TRUE
"5112","yellowr",2017,2017-04-17,107,15.8,14.45,20.25,14.45,10.3,8.35,7.25,15,12.8642857142857,47,47,112,112,TRUE
"5113","yellowr",2017,2017-04-18,108,15.7,14.2,14.45,20.25,14.45,10.3,8.35,7.25,12.75,47,47,112,112,TRUE
"5114","yellowr",2017,2017-04-19,109,16.1,15.85,14.2,14.45,20.25,14.45,10.3,8.35,13.9785714285714,47,47,112,112,TRUE
"5115","yellowr",2017,2017-04-20,110,16.7,18.35,15.85,14.2,14.45,20.25,14.45,10.3,15.4071428571429,47,47,112,112,TRUE
"5116","yellowr",2017,2017-04-21,111,15.3,17.2,18.35,15.85,14.2,14.45,20.25,14.45,16.3928571428571,47,47,112,112,TRUE
"5117","yellowr",2017,2017-04-22,112,14,6.1,17.2,18.35,15.85,14.2,14.45,20.25,15.2,47,47,112,112,TRUE
"5118","yellowr",2017,2017-04-23,113,13.9,8.35,6.1,17.2,18.35,15.85,14.2,14.45,13.5,47,47,112,112,TRUE
"5119","yellowr",2017,2017-04-24,114,14.6,10.85,8.35,6.1,17.2,18.35,15.85,14.2,12.9857142857143,47,47,112,112,TRUE
"5120","yellowr",2017,2017-04-25,115,15.9,13.6,10.85,8.35,6.1,17.2,18.35,15.85,12.9,47,47,112,112,TRUE
"5121","yellowr",2017,2017-04-26,116,17.5,17.2,13.6,10.85,8.35,6.1,17.2,18.35,13.0928571428571,47,47,112,112,TRUE
"5122","yellowr",2017,2017-04-27,117,16.5,21.65,17.2,13.6,10.85,8.35,6.1,17.2,13.5642857142857,47,47,112,112,TRUE
"5123","yellowr",2017,2017-04-28,118,14.2,10.55,21.65,17.2,13.6,10.85,8.35,6.1,12.6142857142857,47,47,112,112,TRUE
"5124","yellowr",2017,2017-04-29,119,13.4,10.55,10.55,21.65,17.2,13.6,10.85,8.35,13.25,47,47,112,112,TRUE
"5125","yellowr",2017,2017-04-30,120,12.3,8.6,10.55,10.55,21.65,17.2,13.6,10.85,13.2857142857143,47,47,112,112,TRUE
"5126","yellowr",2017,2017-05-01,121,13,13.65,8.6,10.55,10.55,21.65,17.2,13.6,13.6857142857143,47,47,112,112,TRUE
"5127","yellowr",2017,2017-05-02,122,11.9,9.45,13.65,8.6,10.55,10.55,21.65,17.2,13.0928571428571,47,47,112,112,TRUE
"5128","yellowr",2017,2017-05-03,123,11.3,5,9.45,13.65,8.6,10.55,10.55,21.65,11.35,47,47,112,112,TRUE
"5129","yellowr",2017,2017-05-04,124,10.7,6.65,5,9.45,13.65,8.6,10.55,10.55,9.20714285714286,47,47,112,112,TRUE
"5130","yellowr",2017,2017-05-05,125,10.7,5.8,6.65,5,9.45,13.65,8.6,10.55,8.52857142857143,47,47,112,112,TRUE
"5131","yellowr",2017,2017-05-06,126,11.2,8.3,5.8,6.65,5,9.45,13.65,8.6,8.20714285714286,47,47,112,112,TRUE
"5132","yellowr",2017,2017-05-07,127,12,5.85,8.3,5.8,6.65,5,9.45,13.65,7.81428571428571,47,47,112,112,TRUE
"5133","yellowr",2017,2017-05-08,128,12.5,5.8,5.85,8.3,5.8,6.65,5,9.45,6.69285714285714,47,47,112,112,TRUE
"5134","yellowr",2017,2017-05-09,129,12.4,7.2,5.8,5.85,8.3,5.8,6.65,5,6.37142857142857,47,47,112,112,TRUE
"5135","yellowr",2017,2017-05-10,130,13.9,10,7.2,5.8,5.85,8.3,5.8,6.65,7.08571428571429,47,47,112,112,TRUE
"5136","yellowr",2017,2017-05-11,131,14.4,15.55,10,7.2,5.8,5.85,8.3,5.8,8.35714285714286,47,47,112,112,TRUE
"5137","yellowr",2017,2017-05-12,132,14.9,12.2,15.55,10,7.2,5.8,5.85,8.3,9.27142857142857,47,47,112,112,TRUE
"5138","yellowr",2017,2017-05-13,133,15.2,13.35,12.2,15.55,10,7.2,5.8,5.85,9.99285714285714,47,47,112,112,TRUE
"5139","yellowr",2017,2017-05-14,134,16.6,14.45,13.35,12.2,15.55,10,7.2,5.8,11.2214285714286,47,47,112,112,TRUE
"5140","yellowr",2017,2017-05-15,135,17.7,17.75,14.45,13.35,12.2,15.55,10,7.2,12.9285714285714,47,47,112,112,TRUE
"5141","yellowr",2017,2017-05-16,136,19,19.45,17.75,14.45,13.35,12.2,15.55,10,14.6785714285714,47,47,112,112,TRUE
"5142","yellowr",2017,2017-05-17,137,19.7,22.8,19.45,17.75,14.45,13.35,12.2,15.55,16.5071428571429,47,47,112,112,TRUE
"5143","yellowr",2017,2017-05-18,138,20.4,24.15,22.8,19.45,17.75,14.45,13.35,12.2,17.7357142857143,47,47,112,112,TRUE
"5144","yellowr",2017,2017-05-19,139,17.6,18.65,24.15,22.8,19.45,17.75,14.45,13.35,18.6571428571429,47,47,112,112,TRUE
"5145","yellowr",2017,2017-05-20,140,15.5,9.7,18.65,24.15,22.8,19.45,17.75,14.45,18.1357142857143,47,47,112,112,TRUE
"5146","yellowr",2017,2017-05-21,141,16.1,14.15,9.7,18.65,24.15,22.8,19.45,17.75,18.0928571428571,47,47,112,112,TRUE
"5147","yellowr",2017,2017-05-22,142,16.7,15,14.15,9.7,18.65,24.15,22.8,19.45,17.7,47,47,112,112,TRUE
"5148","yellowr",2017,2017-05-23,143,16.8,13.85,15,14.15,9.7,18.65,24.15,22.8,16.9,47,47,112,112,TRUE
"5149","yellowr",2017,2017-05-24,144,16.8,17.5,13.85,15,14.15,9.7,18.65,24.15,16.1428571428571,47,47,112,112,TRUE
"5150","yellowr",2017,2017-05-25,145,16.1,16.95,17.5,13.85,15,14.15,9.7,18.65,15.1142857142857,47,47,112,112,TRUE
"5151","yellowr",2017,2017-05-26,146,15.6,12.5,16.95,17.5,13.85,15,14.15,9.7,14.2357142857143,47,47,112,112,TRUE
"5152","yellowr",2017,2017-05-27,147,16.2,16.65,12.5,16.95,17.5,13.85,15,14.15,15.2285714285714,47,47,112,112,TRUE
"5153","yellowr",2017,2017-05-28,148,17,18.85,16.65,12.5,16.95,17.5,13.85,15,15.9,47,47,112,112,TRUE
"5154","yellowr",2017,2017-05-29,149,17.6,16.4,18.85,16.65,12.5,16.95,17.5,13.85,16.1,47,47,112,112,TRUE
"5155","yellowr",2017,2017-05-30,150,17.7,18.35,16.4,18.85,16.65,12.5,16.95,17.5,16.7428571428571,47,47,112,112,TRUE
"5156","yellowr",2017,2017-05-31,151,17.7,16.4,18.35,16.4,18.85,16.65,12.5,16.95,16.5857142857143,47,47,112,112,TRUE
"5157","yellowr",2017,2017-06-01,152,17.9,15.55,16.4,18.35,16.4,18.85,16.65,12.5,16.3857142857143,47,47,112,112,TRUE
"5158","yellowr",2017,2017-06-02,153,18.3,16.65,15.55,16.4,18.35,16.4,18.85,16.65,16.9785714285714,47,47,112,112,TRUE
"5159","yellowr",2017,2017-06-03,154,19,18.05,16.65,15.55,16.4,18.35,16.4,18.85,17.1785714285714,47,47,112,112,TRUE
"5160","yellowr",2017,2017-06-04,155,19.8,21.7,18.05,16.65,15.55,16.4,18.35,16.4,17.5857142857143,47,47,112,112,TRUE
"5161","yellowr",2017,2017-06-05,156,20.6,23.65,21.7,18.05,16.65,15.55,16.4,18.35,18.6214285714286,47,47,112,112,TRUE
"5162","yellowr",2017,2017-06-06,157,20.1,20,23.65,21.7,18.05,16.65,15.55,16.4,18.8571428571429,47,47,112,112,TRUE
"5163","yellowr",2017,2017-06-07,158,19.5,17.8,20,23.65,21.7,18.05,16.65,15.55,19.0571428571429,47,47,112,112,TRUE
"5164","yellowr",2017,2017-06-08,159,19.4,16.1,17.8,20,23.65,21.7,18.05,16.65,19.1357142857143,47,47,112,112,TRUE
"5165","yellowr",2017,2017-06-09,160,19.7,17.75,16.1,17.8,20,23.65,21.7,18.05,19.2928571428571,47,47,112,112,TRUE
"5166","yellowr",2017,2017-06-10,161,20.5,24.2,17.75,16.1,17.8,20,23.65,21.7,20.1714285714286,47,47,112,112,TRUE
"5167","yellowr",2017,2017-06-11,162,21.6,23.9,24.2,17.75,16.1,17.8,20,23.65,20.4857142857143,47,47,112,112,TRUE
"5168","yellowr",2017,2017-06-12,163,22.6,26.4,23.9,24.2,17.75,16.1,17.8,20,20.8785714285714,47,47,112,112,TRUE
"5169","yellowr",2017,2017-06-13,164,23,27.25,26.4,23.9,24.2,17.75,16.1,17.8,21.9142857142857,47,47,112,112,TRUE
"5170","yellowr",2017,2017-06-14,165,22.9,26.1,27.25,26.4,23.9,24.2,17.75,16.1,23.1,47,47,112,112,TRUE
"5171","yellowr",2017,2017-06-15,166,22.6,25,26.1,27.25,26.4,23.9,24.2,17.75,24.3714285714286,47,47,112,112,TRUE
"5172","yellowr",2017,2017-06-16,167,21.9,24.45,25,26.1,27.25,26.4,23.9,24.2,25.3285714285714,47,47,112,112,TRUE
"5173","yellowr",2017,2017-06-17,168,22.1,24.15,24.45,25,26.1,27.25,26.4,23.9,25.3214285714286,47,47,112,112,TRUE
"5174","yellowr",2017,2017-06-18,169,22.6,25.3,24.15,24.45,25,26.1,27.25,26.4,25.5214285714286,47,47,112,112,TRUE
"5175","yellowr",2017,2017-06-19,170,21.4,21.4,25.3,24.15,24.45,25,26.1,27.25,24.8071428571429,47,47,112,112,TRUE
"5176","yellowr",2017,2017-06-20,171,20.4,18.9,21.4,25.3,24.15,24.45,25,26.1,23.6142857142857,47,47,112,112,TRUE
"5177","yellowr",2017,2017-06-21,172,20.5,20.55,18.9,21.4,25.3,24.15,24.45,25,22.8214285714286,47,47,112,112,TRUE
"5178","yellowr",2017,2017-06-22,173,21.3,20.25,20.55,18.9,21.4,25.3,24.15,24.45,22.1428571428571,47,47,112,112,TRUE
"5179","yellowr",2017,2017-06-23,174,21.3,25.55,20.25,20.55,18.9,21.4,25.3,24.15,22.3,47,47,112,112,TRUE
"5180","yellowr",2017,2017-06-24,175,20.8,19.4,25.55,20.25,20.55,18.9,21.4,25.3,21.6214285714286,47,47,112,112,TRUE
"5181","yellowr",2017,2017-06-25,176,19.9,18.9,19.4,25.55,20.25,20.55,18.9,21.4,20.7071428571429,47,47,112,112,TRUE
"5182","yellowr",2017,2017-06-26,177,18.7,16.95,18.9,19.4,25.55,20.25,20.55,18.9,20.0714285714286,47,47,112,112,TRUE
"5183","yellowr",2017,2017-06-27,178,18.1,14.45,16.95,18.9,19.4,25.55,20.25,20.55,19.4357142857143,47,47,112,112,TRUE
"5184","yellowr",2017,2017-06-28,179,18.1,16.1,14.45,16.95,18.9,19.4,25.55,20.25,18.8,47,47,112,112,TRUE
"5185","yellowr",2017,2017-06-29,180,19.6,18.6,16.1,14.45,16.95,18.9,19.4,25.55,18.5642857142857,47,47,112,112,TRUE
"5186","yellowr",2017,2017-06-30,181,20.3,23.9,18.6,16.1,14.45,16.95,18.9,19.4,18.3285714285714,47,47,112,112,TRUE
"5187","yellowr",2017,2017-07-01,182,21.3,23.6,23.9,18.6,16.1,14.45,16.95,18.9,18.9285714285714,47,47,112,112,TRUE
"5188","yellowr",2017,2017-07-02,183,21.8,21.9,23.6,23.9,18.6,16.1,14.45,16.95,19.3571428571429,47,47,112,112,TRUE
"5189","yellowr",2017,2017-07-03,184,22.6,21.9,21.9,23.6,23.9,18.6,16.1,14.45,20.0642857142857,47,47,112,112,TRUE
"5190","yellowr",2017,2017-07-04,185,22.9,23.6,21.9,21.9,23.6,23.9,18.6,16.1,21.3714285714286,47,47,112,112,TRUE
"5191","yellowr",2017,2017-07-05,186,22.6,22.25,23.6,21.9,21.9,23.6,23.9,18.6,22.25,47,47,112,112,TRUE
"5192","yellowr",2017,2017-07-06,187,23.4,21.4,22.25,23.6,21.9,21.9,23.6,23.9,22.65,47,47,112,112,TRUE
"5193","yellowr",2017,2017-07-07,188,22.1,25,21.4,22.25,23.6,21.9,21.9,23.6,22.8071428571429,47,47,112,112,TRUE
"5194","yellowr",2017,2017-07-08,189,20.8,20.85,25,21.4,22.25,23.6,21.9,21.9,22.4142857142857,47,47,112,112,TRUE
"5195","yellowr",2017,2017-07-09,190,20.5,17.25,20.85,25,21.4,22.25,23.6,21.9,21.75,47,47,112,112,TRUE
"5196","yellowr",2017,2017-07-10,191,21.1,21.4,17.25,20.85,25,21.4,22.25,23.6,21.6785714285714,47,47,112,112,TRUE
"5197","yellowr",2017,2017-07-11,192,21.6,23.35,21.4,17.25,20.85,25,21.4,22.25,21.6428571428571,47,47,112,112,TRUE
"5198","yellowr",2017,2017-07-12,193,21.4,25.25,23.35,21.4,17.25,20.85,25,21.4,22.0714285714286,47,47,112,112,TRUE
"5199","yellowr",2017,2017-07-13,194,21.9,24.45,25.25,23.35,21.4,17.25,20.85,25,22.5071428571429,47,47,112,112,TRUE
"5200","yellowr",2017,2017-07-14,195,21.9,24.7,24.45,25.25,23.35,21.4,17.25,20.85,22.4642857142857,47,47,112,112,TRUE
"5201","yellowr",2017,2017-07-15,196,21.7,18.05,24.7,24.45,25.25,23.35,21.4,17.25,22.0642857142857,47,47,112,112,TRUE
"5202","yellowr",2017,2017-07-16,197,21.6,20.25,18.05,24.7,24.45,25.25,23.35,21.4,22.4928571428571,47,47,112,112,TRUE
"5203","yellowr",2017,2017-07-17,198,21.8,20,20.25,18.05,24.7,24.45,25.25,23.35,22.2928571428571,47,47,112,112,TRUE
"5204","yellowr",2017,2017-07-18,199,22,19.75,20,20.25,18.05,24.7,24.45,25.25,21.7785714285714,47,47,112,112,TRUE
"5205","yellowr",2017,2017-07-19,200,22.5,20.85,19.75,20,20.25,18.05,24.7,24.45,21.15,47,47,112,112,TRUE
"5206","yellowr",2017,2017-07-20,201,22.9,25,20.85,19.75,20,20.25,18.05,24.7,21.2285714285714,47,47,112,112,TRUE
"5207","yellowr",2017,2017-07-21,202,23.6,25.8,25,20.85,19.75,20,20.25,18.05,21.3857142857143,47,47,112,112,TRUE
"5208","yellowr",2017,2017-07-22,203,23.2,25.85,25.8,25,20.85,19.75,20,20.25,22.5,47,47,112,112,TRUE
"5209","yellowr",2019,2019-04-02,92,6.5,1.35,-1.95,0.85,9.7,11.65,4.45,2.5,4.07857142857143,48,48,112,112,TRUE
"5210","yellowr",2019,2019-04-03,93,8.5,8.6,1.35,-1.95,0.85,9.7,11.65,4.45,4.95,48,48,112,112,TRUE
"5211","yellowr",2019,2019-04-04,94,9.2,9.75,8.6,1.35,-1.95,0.85,9.7,11.65,5.70714285714286,48,48,112,112,TRUE
"5212","yellowr",2019,2019-04-05,95,9,5.25,9.75,8.6,1.35,-1.95,0.85,9.7,4.79285714285714,48,48,112,112,TRUE
"5213","yellowr",2019,2019-04-06,96,10.3,9.15,5.25,9.75,8.6,1.35,-1.95,0.85,4.71428571428571,48,48,112,112,TRUE
"5214","yellowr",2019,2019-04-07,97,11.6,13.6,9.15,5.25,9.75,8.6,1.35,-1.95,6.53571428571429,48,48,112,112,TRUE
"5215","yellowr",2019,2019-04-08,98,13.6,16.1,13.6,9.15,5.25,9.75,8.6,1.35,9.11428571428571,48,48,112,112,TRUE
"5216","yellowr",2019,2019-04-09,99,14.2,15.55,16.1,13.6,9.15,5.25,9.75,8.6,11.1428571428571,48,48,112,112,TRUE
"5217","yellowr",2019,2019-04-10,100,12.5,10.85,15.55,16.1,13.6,9.15,5.25,9.75,11.4642857142857,48,48,112,112,TRUE
"5218","yellowr",2019,2019-04-11,101,11.1,5.55,10.85,15.55,16.1,13.6,9.15,5.25,10.8642857142857,48,48,112,112,TRUE
"5219","yellowr",2019,2019-04-12,102,12,9.7,5.55,10.85,15.55,16.1,13.6,9.15,11.5,48,48,112,112,TRUE
"5220","yellowr",2019,2019-04-13,103,11.1,7.75,9.7,5.55,10.85,15.55,16.1,13.6,11.3,48,48,112,112,TRUE
"5221","yellowr",2019,2019-04-14,104,9.4,7.5,7.75,9.7,5.55,10.85,15.55,16.1,10.4285714285714,48,48,112,112,TRUE
"5222","yellowr",2019,2019-04-15,105,8.6,1.65,7.5,7.75,9.7,5.55,10.85,15.55,8.36428571428571,48,48,112,112,TRUE
"5223","yellowr",2019,2019-04-16,106,9.8,7.5,1.65,7.5,7.75,9.7,5.55,10.85,7.21428571428571,48,48,112,112,TRUE
"5224","yellowr",2019,2019-04-17,107,12.9,16.1,7.5,1.65,7.5,7.75,9.7,5.55,7.96428571428571,48,48,112,112,TRUE
"5225","yellowr",2019,2019-04-18,108,13.7,16.95,16.1,7.5,1.65,7.5,7.75,9.7,9.59285714285714,48,48,112,112,TRUE
"5226","yellowr",2019,2019-04-19,109,11.4,10.25,16.95,16.1,7.5,1.65,7.5,7.75,9.67142857142857,48,48,112,112,TRUE
"5227","yellowr",2019,2019-04-20,110,10.2,5.25,10.25,16.95,16.1,7.5,1.65,7.5,9.31428571428571,48,48,112,112,TRUE
"5228","yellowr",2019,2019-04-21,111,10.4,6.9,5.25,10.25,16.95,16.1,7.5,1.65,9.22857142857143,48,48,112,112,TRUE
"5229","yellowr",2019,2019-04-22,112,12.6,11.95,6.9,5.25,10.25,16.95,16.1,7.5,10.7,48,48,112,112,TRUE
"5230","yellowr",2019,2019-04-23,113,13.5,17.25,11.95,6.9,5.25,10.25,16.95,16.1,12.0928571428571,48,48,112,112,TRUE
"5231","yellowr",2019,2019-04-24,114,12.5,10,17.25,11.95,6.9,5.25,10.25,16.95,11.2214285714286,48,48,112,112,TRUE
"5232","yellowr",2019,2019-04-25,115,12.7,9.7,10,17.25,11.95,6.9,5.25,10.25,10.1857142857143,48,48,112,112,TRUE
"5233","yellowr",2019,2019-04-26,116,13,12.8,9.7,10,17.25,11.95,6.9,5.25,10.55,48,48,112,112,TRUE
"5234","yellowr",2019,2019-04-27,117,11.3,9.45,12.8,9.7,10,17.25,11.95,6.9,11.15,48,48,112,112,TRUE
"5235","yellowr",2019,2019-04-28,118,10.5,3.9,9.45,12.8,9.7,10,17.25,11.95,10.7214285714286,48,48,112,112,TRUE
"5236","yellowr",2019,2019-04-29,119,9.6,7.5,3.9,9.45,12.8,9.7,10,17.25,10.0857142857143,48,48,112,112,TRUE
"5237","yellowr",2019,2019-04-30,120,9.8,7.8,7.5,3.9,9.45,12.8,9.7,10,8.73571428571429,48,48,112,112,TRUE
"5238","yellowr",2019,2019-05-01,121,10.1,8.65,7.8,7.5,3.9,9.45,12.8,9.7,8.54285714285714,48,48,112,112,TRUE
"5239","yellowr",2019,2019-05-02,122,11.4,15,8.65,7.8,7.5,3.9,9.45,12.8,9.3,48,48,112,112,TRUE
"5240","yellowr",2019,2019-05-03,123,11.8,13.3,15,8.65,7.8,7.5,3.9,9.45,9.37142857142857,48,48,112,112,TRUE
"5241","yellowr",2019,2019-05-04,124,12.5,10,13.3,15,8.65,7.8,7.5,3.9,9.45,48,48,112,112,TRUE
"5242","yellowr",2019,2019-05-05,125,13.6,10.8,10,13.3,15,8.65,7.8,7.5,10.4357142857143,48,48,112,112,TRUE
"5243","yellowr",2019,2019-05-06,126,15,13.6,10.8,10,13.3,15,8.65,7.8,11.3071428571429,48,48,112,112,TRUE
"5244","yellowr",2019,2019-05-07,127,14.9,17.5,13.6,10.8,10,13.3,15,8.65,12.6928571428571,48,48,112,112,TRUE
"5245","yellowr",2019,2019-05-08,128,13.8,10.85,17.5,13.6,10.8,10,13.3,15,13.0071428571429,48,48,112,112,TRUE
"5246","yellowr",2019,2019-05-09,129,14.1,15.55,10.85,17.5,13.6,10.8,10,13.3,13.0857142857143,48,48,112,112,TRUE
"5247","yellowr",2019,2019-05-10,130,13.9,14.75,15.55,10.85,17.5,13.6,10.8,10,13.2928571428571,48,48,112,112,TRUE
"5248","yellowr",2019,2019-05-11,131,12.6,7.75,14.75,15.55,10.85,17.5,13.6,10.8,12.9714285714286,48,48,112,112,TRUE
"5249","yellowr",2019,2019-05-12,132,11.6,8.6,7.75,14.75,15.55,10.85,17.5,13.6,12.6571428571429,48,48,112,112,TRUE
"5250","yellowr",2019,2019-05-13,133,11.5,8.9,8.6,7.75,14.75,15.55,10.85,17.5,11.9857142857143,48,48,112,112,TRUE
"5251","yellowr",2019,2019-05-14,134,12.4,8.9,8.9,8.6,7.75,14.75,15.55,10.85,10.7571428571429,48,48,112,112,TRUE
"5252","yellowr",2019,2019-05-15,135,13.9,11.4,8.9,8.9,8.6,7.75,14.75,15.55,10.8357142857143,48,48,112,112,TRUE
"5253","yellowr",2019,2019-05-16,136,15,15.25,11.4,8.9,8.9,8.6,7.75,14.75,10.7928571428571,48,48,112,112,TRUE
"5254","yellowr",2019,2019-05-17,137,15.5,18.3,15.25,11.4,8.9,8.9,8.6,7.75,11.3,48,48,112,112,TRUE
"5255","yellowr",2019,2019-05-18,138,16.2,15.85,18.3,15.25,11.4,8.9,8.9,8.6,12.4571428571429,48,48,112,112,TRUE
"5256","yellowr",2019,2019-05-19,139,16.6,22.8,15.85,18.3,15.25,11.4,8.9,8.9,14.4857142857143,48,48,112,112,TRUE
"5257","yellowr",2019,2019-05-20,140,15.9,17.8,22.8,15.85,18.3,15.25,11.4,8.9,15.7571428571429,48,48,112,112,TRUE
"5258","yellowr",2019,2019-05-21,141,13.3,7.8,17.8,22.8,15.85,18.3,15.25,11.4,15.6,48,48,112,112,TRUE
"5259","yellowr",2019,2019-05-22,142,13.7,9.45,7.8,17.8,22.8,15.85,18.3,15.25,15.3214285714286,48,48,112,112,TRUE
"5260","yellowr",2019,2019-05-23,143,16,18.6,9.45,7.8,17.8,22.8,15.85,18.3,15.8,48,48,112,112,TRUE
"5261","yellowr",2019,2019-05-24,144,17.2,19.15,18.6,9.45,7.8,17.8,22.8,15.85,15.9214285714286,48,48,112,112,TRUE
"5262","yellowr",2019,2019-05-25,145,17.9,18.05,19.15,18.6,9.45,7.8,17.8,22.8,16.2357142857143,48,48,112,112,TRUE
"5263","yellowr",2019,2019-05-26,146,18.1,23.6,18.05,19.15,18.6,9.45,7.8,17.8,16.35,48,48,112,112,TRUE
"5264","yellowr",2019,2019-05-27,147,17.8,16.95,23.6,18.05,19.15,18.6,9.45,7.8,16.2285714285714,48,48,112,112,TRUE
"5265","yellowr",2019,2019-05-28,148,17.6,17.75,16.95,23.6,18.05,19.15,18.6,9.45,17.65,48,48,112,112,TRUE
"5266","yellowr",2019,2019-05-29,149,17.9,18.3,17.75,16.95,23.6,18.05,19.15,18.6,18.9142857142857,48,48,112,112,TRUE
"5267","yellowr",2019,2019-05-30,150,18.6,19.2,18.3,17.75,16.95,23.6,18.05,19.15,19,48,48,112,112,TRUE
"5268","yellowr",2019,2019-05-31,151,19.1,20,19.2,18.3,17.75,16.95,23.6,18.05,19.1214285714286,48,48,112,112,TRUE
"5269","yellowr",2019,2019-06-01,152,19.3,20.55,20,19.2,18.3,17.75,16.95,23.6,19.4785714285714,48,48,112,112,TRUE
"5270","yellowr",2019,2019-06-02,153,19,20.3,20.55,20,19.2,18.3,17.75,16.95,19.0071428571429,48,48,112,112,TRUE
"5271","yellowr",2019,2019-06-03,154,18,14.75,20.3,20.55,20,19.2,18.3,17.75,18.6928571428571,48,48,112,112,TRUE
"5272","yellowr",2019,2019-06-04,155,17.3,15.8,14.75,20.3,20.55,20,19.2,18.3,18.4142857142857,48,48,112,112,TRUE
"5273","yellowr",2019,2019-06-05,156,18.2,20.8,15.8,14.75,20.3,20.55,20,19.2,18.7714285714286,48,48,112,112,TRUE
"5274","yellowr",2019,2019-06-06,157,19.3,22.2,20.8,15.8,14.75,20.3,20.55,20,19.2,48,48,112,112,TRUE
"5275","yellowr",2019,2019-06-07,158,20.1,21.1,22.2,20.8,15.8,14.75,20.3,20.55,19.3571428571429,48,48,112,112,TRUE
"5276","yellowr",2019,2019-06-08,159,19.8,21.4,21.1,22.2,20.8,15.8,14.75,20.3,19.4785714285714,48,48,112,112,TRUE
"5277","yellowr",2019,2019-06-09,160,19.2,22.2,21.4,21.1,22.2,20.8,15.8,14.75,19.75,48,48,112,112,TRUE
"5278","yellowr",2019,2019-06-10,161,18.7,22.2,22.2,21.4,21.1,22.2,20.8,15.8,20.8142857142857,48,48,112,112,TRUE
"5279","yellowr",2019,2019-06-11,162,18.3,21.4,22.2,22.2,21.4,21.1,22.2,20.8,21.6142857142857,48,48,112,112,TRUE
"5280","yellowr",2019,2019-06-12,163,18.3,18.35,21.4,22.2,22.2,21.4,21.1,22.2,21.2642857142857,48,48,112,112,TRUE
"5281","yellowr",2019,2019-06-13,164,16.6,17.5,18.35,21.4,22.2,22.2,21.4,21.1,20.5928571428571,48,48,112,112,TRUE
"5282","yellowr",2019,2019-06-14,165,16.4,12.25,17.5,18.35,21.4,22.2,22.2,21.4,19.3285714285714,48,48,112,112,TRUE
"5283","yellowr",2019,2019-06-15,166,16.6,17.8,12.25,17.5,18.35,21.4,22.2,22.2,18.8142857142857,48,48,112,112,TRUE
"5284","yellowr",2019,2019-06-16,167,16.9,18.6,17.8,12.25,17.5,18.35,21.4,22.2,18.3,48,48,112,112,TRUE
"5285","yellowr",2019,2019-06-17,168,17.4,20,18.6,17.8,12.25,17.5,18.35,21.4,17.9857142857143,48,48,112,112,TRUE
"5286","yellowr",2019,2019-06-18,169,18.5,19.7,20,18.6,17.8,12.25,17.5,18.35,17.7428571428571,48,48,112,112,TRUE
"5287","yellowr",2019,2019-06-19,170,19.5,22.2,19.7,20,18.6,17.8,12.25,17.5,18.2928571428571,48,48,112,112,TRUE
"5288","yellowr",2019,2019-06-20,171,19.2,22.8,22.2,19.7,20,18.6,17.8,12.25,19.05,48,48,112,112,TRUE
"5289","yellowr",2019,2019-06-21,172,18.9,16.15,22.8,22.2,19.7,20,18.6,17.8,19.6071428571429,48,48,112,112,TRUE
"5290","yellowr",2019,2019-06-22,173,19.2,17.25,16.15,22.8,22.2,19.7,20,18.6,19.5285714285714,48,48,112,112,TRUE
"5291","yellowr",2019,2019-06-23,174,20.1,21.65,17.25,16.15,22.8,22.2,19.7,20,19.9642857142857,48,48,112,112,TRUE
"5292","yellowr",2019,2019-06-24,175,20.2,23.3,21.65,17.25,16.15,22.8,22.2,19.7,20.4357142857143,48,48,112,112,TRUE
"5293","yellowr",2019,2019-06-25,176,20.4,21.7,23.3,21.65,17.25,16.15,22.8,22.2,20.7214285714286,48,48,112,112,TRUE
"5294","yellowr",2019,2019-06-26,177,21.1,23.05,21.7,23.3,21.65,17.25,16.15,22.8,20.8428571428571,48,48,112,112,TRUE
"5295","yellowr",2019,2019-06-27,178,22,24.75,23.05,21.7,23.3,21.65,17.25,16.15,21.1214285714286,48,48,112,112,TRUE
"5296","yellowr",2019,2019-06-28,179,22.6,24.2,24.75,23.05,21.7,23.3,21.65,17.25,22.2714285714286,48,48,112,112,TRUE
"5297","yellowr",2019,2019-06-29,180,23.3,26.15,24.2,24.75,23.05,21.7,23.3,21.65,23.5428571428571,48,48,112,112,TRUE
"5298","yellowr",2019,2019-06-30,181,23.4,25.55,26.15,24.2,24.75,23.05,21.7,23.3,24.1,48,48,112,112,TRUE
"5299","yellowr",2019,2019-07-01,182,23.6,24.45,25.55,26.15,24.2,24.75,23.05,21.7,24.2642857142857,48,48,112,112,TRUE
"5300","yellowr",2019,2019-07-02,183,23.8,26.4,24.45,25.55,26.15,24.2,24.75,23.05,24.9357142857143,48,48,112,112,TRUE
"5301","yellowr",2019,2019-07-03,184,23,27.5,26.4,24.45,25.55,26.15,24.2,24.75,25.5714285714286,48,48,112,112,TRUE
"5302","yellowr",2019,2019-07-04,185,23.4,25,27.5,26.4,24.45,25.55,26.15,24.2,25.6071428571429,48,48,112,112,TRUE
"5303","yellowr",2019,2019-07-05,186,24.2,26.65,25,27.5,26.4,24.45,25.55,26.15,25.9571428571429,48,48,112,112,TRUE
"5304","yellowr",2019,2019-07-06,187,23.8,26.95,26.65,25,27.5,26.4,24.45,25.55,26.0714285714286,48,48,112,112,TRUE
"5305","yellowr",2019,2019-07-07,188,22.7,24.15,26.95,26.65,25,27.5,26.4,24.45,25.8714285714286,48,48,112,112,TRUE
"5306","yellowr",2019,2019-07-08,189,22.8,23.3,24.15,26.95,26.65,25,27.5,26.4,25.7071428571429,48,48,112,112,TRUE
"5307","yellowr",2019,2019-07-09,190,22.6,21.65,23.3,24.15,26.95,26.65,25,27.5,25.0285714285714,48,48,112,112,TRUE
"5308","yellowr",2019,2019-07-10,191,23.3,22.5,21.65,23.3,24.15,26.95,26.65,25,24.3142857142857,48,48,112,112,TRUE
"5309","yellowr",2019,2019-07-11,192,23.6,28.05,22.5,21.65,23.3,24.15,26.95,26.65,24.75,48,48,112,112,TRUE
"5310","yellowr",2019,2019-07-12,193,22.4,21.1,28.05,22.5,21.65,23.3,24.15,26.95,23.9571428571429,48,48,112,112,TRUE
"5311","yellowr",2019,2019-07-13,194,22.8,21.1,21.1,28.05,22.5,21.65,23.3,24.15,23.1214285714286,48,48,112,112,TRUE
"5312","yellowr",2019,2019-07-14,195,23.5,25.85,21.1,21.1,28.05,22.5,21.65,23.3,23.3642857142857,48,48,112,112,TRUE
"5313","yellowr",2019,2019-07-15,196,23.9,26.4,25.85,21.1,21.1,28.05,22.5,21.65,23.8071428571429,48,48,112,112,TRUE
"5314","yellowr",2019,2019-07-16,197,23.7,26.95,26.4,25.85,21.1,21.1,28.05,22.5,24.5642857142857,48,48,112,112,TRUE
"5315","yellowr",2019,2019-07-17,198,24,25.3,26.95,26.4,25.85,21.1,21.1,28.05,24.9642857142857,48,48,112,112,TRUE
"5316","yellowr",2019,2019-07-18,199,23.2,27.2,25.3,26.95,26.4,25.85,21.1,21.1,24.8428571428571,48,48,112,112,TRUE
"5317","yellowr",2019,2019-07-19,200,24,25.3,27.2,25.3,26.95,26.4,25.85,21.1,25.4428571428571,48,48,112,112,TRUE
"5318","yellowr",2019,2019-07-20,201,25.1,29.15,25.3,27.2,25.3,26.95,26.4,25.85,26.5928571428571,48,48,112,112,TRUE
"5319","yellowr",2019,2019-07-21,202,24.7,28.9,29.15,25.3,27.2,25.3,26.95,26.4,27.0285714285714,48,48,112,112,TRUE
"5320","yellowr",2019,2019-07-22,203,22.9,26.1,28.9,29.15,25.3,27.2,25.3,26.95,26.9857142857143,48,48,112,112,TRUE
